id_venta,isbn,titulo,autor,categoria,precio_eur,cantidad,edad_cliente,genero_cliente,fecha_venta,formato,canal_venta,tienda,metodo_pago,valoracion_cliente
V000001,978-7-19071-878-8,El poder del ahora,Eckhart Tolle,Autoayuda,11.92,1,50,Masculino,2024-08-24,Tapa dura,Física,Librería Central Madrid,Tarjeta,4
V000002,978-2-63269-597-7,La chica de nieve,Javier Castillo,Thriller,19.84,1,27,No binario,2023-05-09,Bolsillo,Online,Tienda Online,PayPal,5
V000003,978-3-62565-160-2,El día que se perdió la cordura,Javier Castillo,Thriller,18.9,1,29,Femenino,2024-08-02,Bolsillo,Online,Tienda Online,Tarjeta,5
V000004,978-2-26828-775-7,Los cuatro acuerdos,Miguel Ruiz,Autoayuda,12.9,3,58,Masculino,2025-02-19,Kindle,Online,Tienda Online,Tarjeta,
V000005,978-4-97684-597-3,American Gods,Neil Gaiman,Fantasía,15.92,1,60,No binario,2025-03-11,Bolsillo,Física,Librería Gran Vía,Bizum,5
V000006,978-0-13905-195-3,Rebelión en la granja,George Orwell,Ficción,12.5,1,23,Femenino,2025-12-26,Bolsillo,Online,Tienda Online,Efectivo,5
V000007,978-0-62772-845-5,Drácula,Bram Stoker,Terror,11.61,1,36,Prefiere no decir,2024-12-29,Kindle,Online,Tienda Online,Tarjeta,5
V000008,978-4-93748-619-9,Perdida,Gillian Flynn,Thriller,14.85,1,44,Femenino,2024-05-18,Bolsillo,Física,Librería Barcelona Gòtic,Tarjeta,5
V000009,978-9-65461-316-8,"Padre rico, padre pobre",Robert Kiyosaki,Finanzas,18.59,2,20,Femenino,2024-02-29,Kindle,Online,Tienda Online,Efectivo,5
V000010,978-0-40007-169-0,El Principito ilustrado,Antoine de Saint-Exupéry,Infantil,17.49,2,12,Masculino,2024-06-18,Bolsillo,Física,Librería Barcelona Gòtic,PayPal,3
V000011,978-2-26828-775-7,Los cuatro acuerdos,Miguel Ruiz,Autoayuda,11.61,1,36,Masculino,2023-04-12,Kindle,Online,Tienda Online,Tarjeta,4
V000012,978-9-71348-641-4,Veinte poemas de amor,Pablo Neruda,Poesía,8.42,1,48,Femenino,2024-04-07,Kindle,Online,Tienda Online,Transferencia,5
V000013,978-0-87110-667-3,Charlie y la fábrica de chocolate,Roald Dahl,Infantil,9.52,3,6,Prefiere no decir,2023-07-15,Tapa dura,Online,Tienda Online,PayPal,1
V000014,978-2-26828-775-7,Los cuatro acuerdos,Miguel Ruiz,Autoayuda,12.9,2,48,Prefiere no decir,2023-12-20,Kindle,Online,Tienda Online,PayPal,5
V000015,978-3-50857-508-5,Piense y hágase rico,Napoleon Hill,Finanzas,13.9,4,62,Femenino,2025-12-06,Kindle,Online,Tienda Online,Tarjeta,3
V000016,978-8-79514-100-9,La chica en la telaraña,David Lagercrantz,Thriller,14.32,1,43,No binario,2023-02-04,Bolsillo,Física,Librería Sevilla Triana,Bizum,4
V000017,978-1-42591-296-3,Frankenstein,Mary Shelley,Terror,10.12,1,59,Masculino,2024-05-25,Bolsillo,Física,Librería Gran Vía,Bizum,3
V000018,978-6-46434-564-5,En llamas,Suzanne Collins,Fantasía Juvenil,11.92,2,14,Masculino,2023-03-22,Kindle,Online,Tienda Online,Efectivo,4
V000019,978-6-10282-499-4,Patria,Fernando Aramburu,Ficción,19.9,3,24,No binario,2025-10-14,Kindle,Online,Tienda Online,Tarjeta,2
V000020,978-1-68082-927-8,Náuseas,Jean-Paul Sartre,Clásico,12.51,2,32,Femenino,2023-06-04,Kindle,Online,Tienda Online,Tarjeta,5
V000021,978-8-27342-840-9,Stardust,Neil Gaiman,Fantasía,15.9,1,61,Masculino,2023-03-17,Tapa dura,Física,Librería Central Madrid,Efectivo,4
V000022,978-9-44671-926-0,El Hobbit,J.R.R. Tolkien,Fantasía,14.36,1,65,No binario,2023-06-19,Bolsillo,Física,Librería Gran Vía,Efectivo,2
V000023,978-3-30032-482-2,Los hombres que no amaban a las mujeres,Stieg Larsson,Thriller,19.69,1,61,No binario,2025-07-15,Tapa dura,Física,Librería Gran Vía,Tarjeta,5
V000024,978-5-85674-296-1,Harry Potter y la cámara secreta,J.K. Rowling,Fantasía Juvenil,15.9,2,15,Masculino,2025-01-18,Tapa dura,Física,Librería Valencia Centro,Efectivo,2
V000025,978-1-40512-987-1,Los juegos del hambre,Suzanne Collins,Fantasía Juvenil,12.66,1,13,Femenino,2025-11-13,Bolsillo,Online,Tienda Online,Efectivo,5
V000026,978-8-68800-243-6,El extranjero,Albert Camus,Clásico,12.9,1,26,No binario,2025-07-15,Tapa dura,Online,Tienda Online,Bizum,
V000027,978-6-86484-508-5,Ficciones,Jorge Luis Borges,Clásico,14.9,1,45,Prefiere no decir,2025-07-06,Tapa dura,Online,Tienda Online,PayPal,4
V000028,978-0-87110-667-3,Charlie y la fábrica de chocolate,Roald Dahl,Infantil,11.9,1,7,No binario,2024-11-29,Kindle,Online,Tienda Online,Efectivo,
V000029,978-3-85880-708-0,Persépolis,Marjane Satrapi,Cómic,17.49,1,44,No binario,2023-05-12,Bolsillo,Online,Tienda Online,Tarjeta,5
V000030,978-2-18981-709-1,Una breve historia del tiempo,Stephen Hawking,Ciencia,16.9,3,30,Femenino,2023-09-28,Bolsillo,Online,Tienda Online,Efectivo,4
V000031,978-3-97782-833-5,V de Vendetta,Alan Moore,Cómic,18.9,1,24,Prefiere no decir,2024-03-14,Tapa dura,Online,Tienda Online,Bizum,3
V000032,978-8-44973-887-5,Ángeles y demonios,Dan Brown,Thriller,17.75,1,45,Masculino,2023-08-16,Bolsillo,Online,Tienda Online,Transferencia,5
V000033,978-3-50857-508-5,Piense y hágase rico,Napoleon Hill,Finanzas,13.9,1,51,No binario,2025-10-08,Bolsillo,Online,Tienda Online,Bizum,5
V000034,978-7-17100-789-1,Carrie,Stephen King,Terror,14.9,1,52,Masculino,2023-05-21,Bolsillo,Online,Tienda Online,PayPal,4
V000035,978-6-38893-559-9,Dune,Frank Herbert,Ciencia Ficción,18.32,2,61,Masculino,2025-05-06,Kindle,Online,Tienda Online,PayPal,5
V000036,978-2-26828-775-7,Los cuatro acuerdos,Miguel Ruiz,Autoayuda,12.9,1,62,Femenino,2023-07-10,Bolsillo,Física,Librería Valencia Centro,Tarjeta,5
V000037,978-4-93748-619-9,Perdida,Gillian Flynn,Thriller,18.15,1,41,Masculino,2025-10-03,Bolsillo,Física,Librería Gran Vía,Tarjeta,5
V000038,978-6-45093-167-3,Paula,Isabel Allende,Biografía,15.9,1,19,Masculino,2023-08-04,Bolsillo,Física,Librería Sevilla Triana,Transferencia,
V000039,978-7-30289-294-4,Nada,Carmen Laforet,Clásico,13.9,3,48,Prefiere no decir,2024-02-25,Bolsillo,Online,Tienda Online,PayPal,4
V000040,978-8-79514-100-9,La chica en la telaraña,David Lagercrantz,Thriller,15.21,1,20,No binario,2025-05-23,Bolsillo,Física,Librería Gran Vía,Tarjeta,4
V000041,978-9-72493-614-8,El chef en casa,Jamie Oliver,Cocina,19.9,3,57,Femenino,2024-08-03,Bolsillo,Física,Librería Sevilla Triana,Bizum,5
V000042,978-8-68800-243-6,El extranjero,Albert Camus,Clásico,10.96,2,33,Masculino,2025-07-25,Tapa dura,Física,Librería Central Madrid,Transferencia,5
V000043,978-8-68800-243-6,El extranjero,Albert Camus,Clásico,10.32,2,49,Femenino,2024-03-14,Kindle,Online,Tienda Online,PayPal,5
V000044,978-3-54118-204-1,Juego de Tronos,George R.R. Martin,Fantasía,19.9,1,32,Prefiere no decir,2023-09-01,Bolsillo,Online,Tienda Online,Bizum,5
V000045,978-3-39256-242-1,El amor en los tiempos del cólera,Gabriel García Márquez,Ficción,19.25,2,70,Prefiere no decir,2023-10-18,Kindle,Online,Tienda Online,PayPal,4
V000046,978-5-19287-626-3,Coraline,Neil Gaiman,Fantasía Juvenil,15.29,1,21,Masculino,2023-08-14,Tapa dura,Online,Tienda Online,PayPal,4
V000047,978-4-99593-763-1,Crimen y castigo,Fiódor Dostoyevski,Clásico,12.9,1,59,Prefiere no decir,2025-07-01,Kindle,Online,Tienda Online,Tarjeta,4
V000048,978-2-58520-463-3,Sinsajo,Suzanne Collins,Fantasía Juvenil,14.9,1,14,No binario,2023-04-19,Bolsillo,Física,Librería Valencia Centro,Tarjeta,4
V000049,978-0-96673-333-4,Harry Potter y el prisionero de Azkaban,J.K. Rowling,Fantasía Juvenil,18.59,2,16,Prefiere no decir,2024-06-22,Tapa dura,Online,Tienda Online,PayPal,3
V000050,978-8-79514-100-9,La chica en la telaraña,David Lagercrantz,Thriller,17.9,1,53,No binario,2025-05-31,Tapa dura,Online,Tienda Online,PayPal,1
V000051,978-9-51245-317-7,La sombra del viento,Carlos Ruiz Zafón,Ficción,15.72,4,34,Femenino,2023-08-26,Tapa dura,Física,Librería Central Madrid,Transferencia,5
V000052,978-0-62772-845-5,Drácula,Bram Stoker,Terror,12.9,2,48,Masculino,2023-02-18,Bolsillo,Online,Tienda Online,Transferencia,2
V000053,978-1-16175-981-1,Pedro Páramo,Juan Rulfo,Clásico,10.32,1,73,No binario,2025-07-07,Bolsillo,Online,Tienda Online,Bizum,4
V000054,978-4-93886-804-8,Guerra y paz,León Tolstói,Clásico,26.14,1,55,Femenino,2024-02-11,Tapa dura,Física,Librería Valencia Centro,PayPal,4
V000055,978-9-93227-275-8,Los hermanos Karamázov,Fiódor Dostoyevski,Clásico,17.01,1,27,Femenino,2024-03-10,Tapa dura,Online,Tienda Online,Tarjeta,4
V000056,978-3-97782-833-5,V de Vendetta,Alan Moore,Cómic,16.06,1,75,Masculino,2025-08-27,Kindle,Online,Tienda Online,Bizum,2
V000057,978-3-50857-508-5,Piense y hágase rico,Napoleon Hill,Finanzas,15.29,2,49,Masculino,2023-05-01,Kindle,Online,Tienda Online,PayPal,5
V000058,978-8-79514-100-9,La chica en la telaraña,David Lagercrantz,Thriller,16.11,1,37,Masculino,2023-06-06,Bolsillo,Online,Tienda Online,Transferencia,5
V000059,978-7-19071-878-8,El poder del ahora,Eckhart Tolle,Autoayuda,14.9,1,26,Femenino,2025-12-19,Tapa dura,Online,Tienda Online,PayPal,
V000060,978-0-13905-195-3,Rebelión en la granja,George Orwell,Ficción,13.75,1,46,Femenino,2024-08-22,Kindle,Online,Tienda Online,Tarjeta,5
V000061,978-7-10425-839-4,El paciente silencioso,Alex Michaelides,Thriller,17.9,1,41,No binario,2023-01-07,Kindle,Online,Tienda Online,Tarjeta,5
V000062,978-8-21395-704-6,1984,George Orwell,Ciencia Ficción,15.65,1,52,No binario,2023-05-11,Tapa dura,Física,Librería Valencia Centro,Tarjeta,
V000063,978-4-10851-877-2,El nombre del viento,Patrick Rothfuss,Fantasía,18.61,3,52,No binario,2023-02-08,Tapa dura,Física,Librería Barcelona Gòtic,Tarjeta,4
V000064,978-3-76237-716-0,Fahrenheit 451,Ray Bradbury,Ciencia Ficción,12.51,1,20,Femenino,2025-01-19,Kindle,Online,Tienda Online,Bizum,
V000065,978-2-63269-597-7,La chica de nieve,Javier Castillo,Thriller,19.84,2,63,Femenino,2025-01-03,Kindle,Online,Tienda Online,Bizum,3
V000066,978-7-19071-878-8,El poder del ahora,Eckhart Tolle,Autoayuda,12.66,1,62,No binario,2023-06-23,Kindle,Online,Tienda Online,Transferencia,3
V000067,978-3-76237-716-0,Fahrenheit 451,Ray Bradbury,Ciencia Ficción,11.81,1,40,Masculino,2025-10-16,Bolsillo,Física,Librería Barcelona Gòtic,Bizum,4
V000068,978-2-46509-573-3,La peste,Albert Camus,Clásico,13.41,1,56,Masculino,2023-04-18,Tapa dura,Online,Tienda Online,Bizum,5
V000069,978-1-42591-296-3,Frankenstein,Mary Shelley,Terror,11.9,3,42,Masculino,2024-10-09,Kindle,Online,Tienda Online,Tarjeta,4
V000070,978-3-97782-833-5,V de Vendetta,Alan Moore,Cómic,20.79,1,55,No binario,2024-11-30,Kindle,Online,Tienda Online,Efectivo,2
V000071,978-6-10282-499-4,Patria,Fernando Aramburu,Ficción,16.91,1,60,Prefiere no decir,2025-02-11,Bolsillo,Física,Librería Barcelona Gòtic,Bizum,5
V000072,978-5-74042-119-1,Sapiens,Yuval Noah Harari,Ensayo,18.61,1,28,No binario,2025-11-26,Kindle,Online,Tienda Online,Transferencia,5
V000073,978-8-11504-796-1,El código Da Vinci,Dan Brown,Thriller,17.75,1,44,Masculino,2025-10-01,Bolsillo,Online,Tienda Online,Bizum,5
V000074,978-9-18326-494-6,Romancero gitano,Federico García Lorca,Poesía,11.99,1,25,Prefiere no decir,2025-05-16,Bolsillo,Física,Librería Central Madrid,Bizum,4
V000075,978-7-17100-789-1,Carrie,Stephen King,Terror,15.65,1,39,Prefiere no decir,2023-06-27,Bolsillo,Física,Librería Barcelona Gòtic,PayPal,4
V000076,978-5-50306-345-0,Homo Deus,Yuval Noah Harari,Ensayo,23.0,3,28,No binario,2024-11-21,Bolsillo,Física,Librería Central Madrid,Transferencia,
V000077,978-0-51104-158-0,Manual de cocina fácil,Karlos Arguiñano,Cocina,14.32,1,36,Femenino,2024-06-24,Kindle,Online,Tienda Online,Transferencia,
V000078,978-9-93227-275-8,Los hermanos Karamázov,Fiódor Dostoyevski,Clásico,18.9,1,52,No binario,2025-09-22,Tapa dura,Online,Tienda Online,Bizum,4
V000079,978-3-30032-482-2,Los hombres que no amaban a las mujeres,Stieg Larsson,Thriller,15.21,3,21,Masculino,2023-11-29,Bolsillo,Física,Librería Central Madrid,PayPal,2
V000080,978-7-19071-878-8,El poder del ahora,Eckhart Tolle,Autoayuda,14.9,1,36,Masculino,2025-08-13,Tapa dura,Online,Tienda Online,Efectivo,4
V000081,978-7-17100-789-1,Carrie,Stephen King,Terror,12.66,2,66,Masculino,2025-05-17,Bolsillo,Online,Tienda Online,Bizum,4
V000082,978-7-30289-294-4,Nada,Carmen Laforet,Clásico,14.6,1,23,No binario,2025-07-10,Kindle,Online,Tienda Online,Efectivo,3
V000083,978-5-85674-296-1,Harry Potter y la cámara secreta,J.K. Rowling,Fantasía Juvenil,15.9,3,14,No binario,2025-08-14,Kindle,Online,Tienda Online,Bizum,4
V000084,978-1-16630-767-8,Los pilares de la Tierra,Ken Follett,Histórica,23.0,1,53,Masculino,2025-04-29,Kindle,Online,Tienda Online,Transferencia,
V000085,978-7-77839-562-1,El principito,Antoine de Saint-Exupéry,Infantil,10.89,2,6,Masculino,2025-09-05,Kindle,Online,Tienda Online,PayPal,4
V000086,978-8-11504-796-1,El código Da Vinci,Dan Brown,Thriller,16.9,1,48,Prefiere no decir,2024-01-03,Tapa dura,Online,Tienda Online,Efectivo,5
V000087,978-4-10851-877-2,El nombre del viento,Patrick Rothfuss,Fantasía,17.52,3,41,No binario,2025-05-05,Kindle,Online,Tienda Online,Bizum,5
V000088,978-3-62923-222-9,El gen egoísta,Richard Dawkins,Ciencia,17.9,2,66,No binario,2025-11-07,Tapa dura,Física,Librería Gran Vía,Efectivo,1
V000089,978-3-62565-160-2,El día que se perdió la cordura,Javier Castillo,Thriller,20.79,2,48,Femenino,2024-11-30,Bolsillo,Online,Tienda Online,Tarjeta,5
V000090,978-6-54597-384-2,El temor de un hombre sabio,Patrick Rothfuss,Fantasía,24.9,1,53,Femenino,2023-08-07,Kindle,Online,Tienda Online,PayPal,3
V000091,978-3-30032-482-2,Los hombres que no amaban a las mujeres,Stieg Larsson,Thriller,19.69,1,37,Prefiere no decir,2024-10-24,Kindle,Online,Tienda Online,Tarjeta,5
V000092,978-4-93748-619-9,Perdida,Gillian Flynn,Thriller,13.2,1,54,Masculino,2025-06-14,Bolsillo,Online,Tienda Online,Efectivo,4
V000093,978-2-18981-709-1,Una breve historia del tiempo,Stephen Hawking,Ciencia,18.59,2,24,Prefiere no decir,2025-03-28,Tapa dura,Online,Tienda Online,PayPal,5
V000094,978-9-38864-107-1,James y el melocotón gigante,Roald Dahl,Infantil,10.9,1,5,Femenino,2024-06-13,Tapa dura,Física,Librería Sevilla Triana,Transferencia,4
V000095,978-8-11504-796-1,El código Da Vinci,Dan Brown,Thriller,16.9,1,70,No binario,2024-02-25,Bolsillo,Online,Tienda Online,Bizum,2
V000096,978-2-18981-709-1,Una breve historia del tiempo,Stephen Hawking,Ciencia,13.52,1,68,Masculino,2025-06-18,Kindle,Online,Tienda Online,PayPal,5
V000097,978-3-50857-508-5,Piense y hágase rico,Napoleon Hill,Finanzas,14.6,1,24,Femenino,2023-08-09,Kindle,Online,Tienda Online,PayPal,5
V000098,978-0-13905-195-3,Rebelión en la granja,George Orwell,Ficción,13.12,1,66,No binario,2023-10-30,Tapa dura,Online,Tienda Online,Bizum,4
V000099,978-6-94259-569-2,El juego del ángel,Carlos Ruiz Zafón,Ficción,16.65,1,46,No binario,2025-02-08,Tapa dura,Online,Tienda Online,Tarjeta,2
V000100,978-6-10282-499-4,Patria,Fernando Aramburu,Ficción,16.91,1,47,Masculino,2025-11-12,Tapa dura,Online,Tienda Online,Transferencia,5
V000101,978-6-34957-196-1,El resplandor,Stephen King,Terror,18.9,1,52,No binario,2024-11-13,Kindle,Online,Tienda Online,Tarjeta,5
V000102,978-7-19071-878-8,El poder del ahora,Eckhart Tolle,Autoayuda,14.9,3,57,Prefiere no decir,2025-05-18,Kindle,Online,Tienda Online,Tarjeta,4
V000103,978-0-51104-158-0,Manual de cocina fácil,Karlos Arguiñano,Cocina,17.9,1,20,Prefiere no decir,2023-10-06,Tapa dura,Online,Tienda Online,Bizum,4
V000104,978-3-39256-242-1,El amor en los tiempos del cólera,Gabriel García Márquez,Ficción,14.0,1,45,Prefiere no decir,2024-10-03,Tapa dura,Online,Tienda Online,Efectivo,
V000105,978-6-45093-167-3,Paula,Isabel Allende,Biografía,15.9,1,54,Prefiere no decir,2023-07-26,Kindle,Online,Tienda Online,Bizum,4
V000106,978-2-26828-775-7,Los cuatro acuerdos,Miguel Ruiz,Autoayuda,13.55,1,18,Femenino,2023-07-21,Bolsillo,Online,Tienda Online,Efectivo,5
V000107,978-0-40007-169-0,El Principito ilustrado,Antoine de Saint-Exupéry,Infantil,17.49,1,9,Prefiere no decir,2025-10-26,Bolsillo,Física,Librería Gran Vía,Transferencia,4
V000108,978-0-22224-871-3,Un mundo sin fin,Ken Follett,Histórica,22.9,1,40,Prefiere no decir,2023-11-23,Bolsillo,Online,Tienda Online,Tarjeta,5
V000109,978-5-74042-119-1,Sapiens,Yuval Noah Harari,Ensayo,21.9,2,64,Femenino,2025-12-28,Tapa dura,Física,Librería Valencia Centro,Efectivo,
V000110,978-0-40007-169-0,El Principito ilustrado,Antoine de Saint-Exupéry,Infantil,15.9,1,11,Prefiere no decir,2023-02-15,Bolsillo,Online,Tienda Online,PayPal,
V000111,978-8-44438-864-9,Rayuela,Julio Cortázar,Clásico,16.9,1,61,Masculino,2023-01-19,Tapa dura,Online,Tienda Online,Tarjeta,5
V000112,978-8-44973-887-5,Ángeles y demonios,Dan Brown,Thriller,13.52,2,55,Masculino,2024-03-24,Kindle,Online,Tienda Online,Bizum,5
V000113,978-6-86484-508-5,Ficciones,Jorge Luis Borges,Clásico,15.65,3,73,Prefiere no decir,2023-10-05,Tapa dura,Online,Tienda Online,Bizum,5
V000114,978-9-71953-348-7,It,Stephen King,Terror,18.32,2,38,Masculino,2024-07-05,Tapa dura,Física,Librería Gran Vía,Bizum,4
V000115,978-7-77839-562-1,El principito,Antoine de Saint-Exupéry,Infantil,9.9,1,5,No binario,2024-07-14,Bolsillo,Online,Tienda Online,Bizum,5
V000116,978-8-27342-840-9,Stardust,Neil Gaiman,Fantasía,15.9,2,30,Prefiere no decir,2023-02-08,Tapa dura,Física,Librería Valencia Centro,PayPal,4
V000117,978-3-97782-833-5,V de Vendetta,Alan Moore,Cómic,18.9,1,36,Masculino,2023-03-28,Tapa dura,Física,Librería Central Madrid,Transferencia,5
V000118,978-2-63269-597-7,La chica de nieve,Javier Castillo,Thriller,19.84,1,43,Prefiere no decir,2025-04-20,Tapa dura,Física,Librería Barcelona Gòtic,Efectivo,5
V000119,978-6-46434-564-5,En llamas,Suzanne Collins,Fantasía Juvenil,14.9,2,20,Prefiere no decir,2024-08-28,Tapa dura,Online,Tienda Online,Bizum,5
V000120,978-9-65461-316-8,"Padre rico, padre pobre",Robert Kiyosaki,Finanzas,17.75,1,32,Prefiere no decir,2024-05-24,Kindle,Online,Tienda Online,Transferencia,4
V000121,978-3-62565-160-2,El día que se perdió la cordura,Javier Castillo,Thriller,18.9,1,70,Prefiere no decir,2023-05-30,Tapa dura,Online,Tienda Online,Tarjeta,5
V000122,978-3-99733-432-0,Don Quijote de la Mancha,Miguel de Cervantes,Clásico,19.9,1,17,No binario,2024-08-15,Tapa dura,Online,Tienda Online,Efectivo,4
V000123,978-3-62565-160-2,El día que se perdió la cordura,Javier Castillo,Thriller,18.9,1,17,Prefiere no decir,2024-03-18,Bolsillo,Online,Tienda Online,Tarjeta,3
V000124,978-3-31417-573-6,Ana Karenina,León Tolstói,Clásico,18.59,1,18,Prefiere no decir,2025-01-16,Kindle,Online,Tienda Online,Bizum,5
V000125,978-8-27342-840-9,Stardust,Neil Gaiman,Fantasía,13.52,1,68,Prefiere no decir,2023-11-18,Kindle,Online,Tienda Online,PayPal,5
V000126,978-6-38893-559-9,Dune,Frank Herbert,Ciencia Ficción,24.04,1,56,No binario,2024-04-24,Bolsillo,Online,Tienda Online,Tarjeta,4
V000127,978-0-13905-195-3,Rebelión en la granja,George Orwell,Ficción,13.75,2,23,No binario,2023-05-19,Bolsillo,Física,Librería Gran Vía,Efectivo,4
V000128,978-9-93227-275-8,Los hermanos Karamázov,Fiódor Dostoyevski,Clásico,15.12,3,73,Prefiere no decir,2024-07-28,Tapa dura,Online,Tienda Online,Bizum,5
V000129,978-2-46509-573-3,La peste,Albert Camus,Clásico,13.41,2,21,Femenino,2023-07-17,Tapa dura,Física,Librería Central Madrid,PayPal,5
V000130,978-6-54597-384-2,El temor de un hombre sabio,Patrick Rothfuss,Fantasía,27.39,1,27,No binario,2024-07-19,Tapa dura,Online,Tienda Online,Efectivo,3
V000131,978-8-36062-833-8,Crónicas marcianas,Ray Bradbury,Ciencia Ficción,15.2,1,28,Masculino,2025-09-08,Tapa dura,Física,Librería Barcelona Gòtic,Tarjeta,3
V000132,978-8-31643-371-8,Hábitos atómicos,James Clear,Autoayuda,18.9,1,21,Femenino,2024-05-10,Bolsillo,Online,Tienda Online,Efectivo,5
V000133,978-7-17100-789-1,Carrie,Stephen King,Terror,14.9,2,53,Prefiere no decir,2025-04-29,Tapa dura,Física,Librería Valencia Centro,Efectivo,
V000134,978-9-71348-641-4,Veinte poemas de amor,Pablo Neruda,Poesía,7.92,4,44,No binario,2023-08-16,Bolsillo,Física,Librería Central Madrid,PayPal,5
V000135,978-3-97782-833-5,V de Vendetta,Alan Moore,Cómic,17.01,1,56,No binario,2024-08-21,Kindle,Online,Tienda Online,Tarjeta,
V000136,978-3-76237-716-0,Fahrenheit 451,Ray Bradbury,Ciencia Ficción,11.81,2,33,Prefiere no decir,2024-09-07,Kindle,Online,Tienda Online,PayPal,4
V000137,978-8-21395-704-6,1984,George Orwell,Ciencia Ficción,15.65,1,21,No binario,2024-12-23,Kindle,Online,Tienda Online,Tarjeta,4
V000138,978-6-54597-384-2,El temor de un hombre sabio,Patrick Rothfuss,Fantasía,26.14,1,58,No binario,2025-01-07,Kindle,Online,Tienda Online,Bizum,4
V000139,978-8-33416-619-1,La chica del tren,Paula Hawkins,Thriller,14.31,1,36,Prefiere no decir,2025-09-16,Bolsillo,Física,Librería Central Madrid,Tarjeta,2
V000140,978-8-36062-833-8,Crónicas marcianas,Ray Bradbury,Ciencia Ficción,15.2,1,65,Femenino,2025-11-19,Tapa dura,Online,Tienda Online,Bizum,3
V000141,978-3-97782-833-5,V de Vendetta,Alan Moore,Cómic,18.9,1,57,Prefiere no decir,2023-12-19,Kindle,Online,Tienda Online,Efectivo,4
V000142,978-9-71348-641-4,Veinte poemas de amor,Pablo Neruda,Poesía,9.9,1,37,Femenino,2024-04-25,Bolsillo,Física,Librería Central Madrid,Tarjeta,5
V000143,978-6-46434-564-5,En llamas,Suzanne Collins,Fantasía Juvenil,15.65,1,12,Femenino,2024-10-28,Tapa dura,Online,Tienda Online,Bizum,5
V000144,978-8-11504-796-1,El código Da Vinci,Dan Brown,Thriller,16.9,3,57,Femenino,2025-11-04,Bolsillo,Física,Librería Central Madrid,Bizum,5
V000145,978-9-20745-529-9,Watchmen,Alan Moore,Cómic,23.0,2,29,Masculino,2023-08-19,Tapa dura,Física,Librería Gran Vía,Efectivo,5
V000146,978-8-21395-704-6,1984,George Orwell,Ciencia Ficción,13.41,1,59,Masculino,2025-05-11,Bolsillo,Online,Tienda Online,Tarjeta,3
V000147,978-5-19287-626-3,Coraline,Neil Gaiman,Fantasía Juvenil,12.51,1,10,Femenino,2023-11-21,Kindle,Online,Tienda Online,PayPal,3
V000148,978-4-99593-763-1,Crimen y castigo,Fiódor Dostoyevski,Clásico,14.19,1,47,Prefiere no decir,2023-02-10,Kindle,Online,Tienda Online,Efectivo,5
V000149,978-9-65461-316-8,"Padre rico, padre pobre",Robert Kiyosaki,Finanzas,15.21,1,61,Prefiere no decir,2025-05-16,Kindle,Online,Tienda Online,Tarjeta,2
V000150,978-4-93748-619-9,Perdida,Gillian Flynn,Thriller,14.03,2,62,Prefiere no decir,2023-07-02,Tapa dura,Online,Tienda Online,Bizum,5
V000151,978-9-51245-317-7,La sombra del viento,Carlos Ruiz Zafón,Ficción,16.65,3,64,Masculino,2025-05-30,Bolsillo,Online,Tienda Online,Transferencia,3
V000152,978-8-27342-840-9,Stardust,Neil Gaiman,Fantasía,12.72,1,66,Femenino,2024-10-03,Kindle,Online,Tienda Online,Bizum,4
V000153,978-5-50306-345-0,Homo Deus,Yuval Noah Harari,Ensayo,21.9,1,63,Masculino,2023-06-02,Bolsillo,Online,Tienda Online,PayPal,5
V000154,978-0-87110-667-3,Charlie y la fábrica de chocolate,Roald Dahl,Infantil,11.9,1,8,Prefiere no decir,2024-02-29,Bolsillo,Online,Tienda Online,Efectivo,5
V000155,978-4-93886-804-8,Guerra y paz,León Tolstói,Clásico,24.9,2,47,No binario,2023-10-15,Tapa dura,Física,Librería Sevilla Triana,Tarjeta,
V000156,978-5-50306-345-0,Homo Deus,Yuval Noah Harari,Ensayo,19.71,2,26,Femenino,2024-05-22,Kindle,Online,Tienda Online,Tarjeta,
V000157,978-6-56438-533-6,Misery,Stephen King,Terror,17.75,1,53,Masculino,2025-04-10,Bolsillo,Online,Tienda Online,Efectivo,3
V000158,978-2-46509-573-3,La peste,Albert Camus,Clásico,12.66,1,23,Prefiere no decir,2023-09-01,Bolsillo,Online,Tienda Online,Transferencia,4
V000159,978-6-38893-559-9,Dune,Frank Herbert,Ciencia Ficción,24.04,1,69,Prefiere no decir,2025-11-07,Kindle,Online,Tienda Online,Transferencia,5
V000160,978-7-80284-227-6,El Señor de los Anillos,J.R.R. Tolkien,Fantasía,32.89,2,50,No binario,2023-08-03,Kindle,Online,Tienda Online,PayPal,5
V000161,978-3-39451-165-5,Matilda,Roald Dahl,Infantil,9.52,2,5,No binario,2024-08-20,Bolsillo,Física,Librería Sevilla Triana,Efectivo,3
V000162,978-9-72493-614-8,El chef en casa,Jamie Oliver,Cocina,19.9,1,59,Femenino,2023-05-14,Tapa dura,Online,Tienda Online,Tarjeta,3
V000163,978-1-40512-987-1,Los juegos del hambre,Suzanne Collins,Fantasía Juvenil,14.9,1,22,No binario,2024-05-31,Tapa dura,Online,Tienda Online,PayPal,3
V000164,978-3-76237-716-0,Fahrenheit 451,Ray Bradbury,Ciencia Ficción,15.29,2,36,No binario,2023-03-05,Tapa dura,Online,Tienda Online,Bizum,5
V000165,978-0-96673-333-4,Harry Potter y el prisionero de Azkaban,J.K. Rowling,Fantasía Juvenil,18.59,1,10,No binario,2024-08-10,Bolsillo,Física,Librería Gran Vía,Bizum,5
V000166,978-2-92240-263-6,La casa de Bernarda Alba,Federico García Lorca,Teatro,7.92,2,75,Masculino,2025-10-13,Bolsillo,Física,Librería Valencia Centro,Efectivo,4
V000167,978-7-10425-839-4,El paciente silencioso,Alex Michaelides,Thriller,17.9,1,28,Masculino,2025-05-30,Kindle,Online,Tienda Online,Bizum,5
V000168,978-9-78522-423-4,Maus,Art Spiegelman,Cómic,13.52,1,40,Femenino,2024-10-04,Kindle,Online,Tienda Online,Tarjeta,4
V000169,978-9-38864-107-1,James y el melocotón gigante,Roald Dahl,Infantil,10.9,1,12,Femenino,2025-06-23,Bolsillo,Física,Librería Valencia Centro,Bizum,5
V000170,978-0-87110-667-3,Charlie y la fábrica de chocolate,Roald Dahl,Infantil,9.52,1,5,Femenino,2023-06-01,Bolsillo,Física,Librería Gran Vía,Tarjeta,3
V000171,978-7-47388-533-8,Los besos,Manuel Vilas,Ficción,16.06,1,65,No binario,2024-09-07,Kindle,Online,Tienda Online,Bizum,3
V000172,978-8-27342-840-9,Stardust,Neil Gaiman,Fantasía,15.9,2,38,Prefiere no decir,2024-03-22,Bolsillo,Física,Librería Central Madrid,PayPal,5
V000173,978-1-40512-987-1,Los juegos del hambre,Suzanne Collins,Fantasía Juvenil,14.9,2,11,Prefiere no decir,2025-01-07,Bolsillo,Física,Librería Central Madrid,Efectivo,5
V000174,978-3-62923-222-9,El gen egoísta,Richard Dawkins,Ciencia,17.9,1,19,No binario,2024-05-13,Kindle,Online,Tienda Online,Efectivo,5
V000175,978-6-38893-559-9,Dune,Frank Herbert,Ciencia Ficción,24.04,2,32,Prefiere no decir,2024-02-08,Tapa dura,Física,Librería Central Madrid,PayPal,5
V000176,978-0-22224-871-3,Un mundo sin fin,Ken Follett,Histórica,19.46,3,30,Masculino,2025-09-23,Bolsillo,Online,Tienda Online,Bizum,3
V000177,978-6-10282-499-4,Patria,Fernando Aramburu,Ficción,19.9,2,54,No binario,2023-03-18,Kindle,Online,Tienda Online,Tarjeta,
V000178,978-8-44973-887-5,Ángeles y demonios,Dan Brown,Thriller,15.21,2,29,Masculino,2024-03-03,Kindle,Online,Tienda Online,Efectivo,4
V000179,978-8-36062-833-8,Crónicas marcianas,Ray Bradbury,Ciencia Ficción,15.96,1,60,Prefiere no decir,2024-05-26,Tapa dura,Física,Librería Valencia Centro,Tarjeta,5
V000180,978-8-44438-864-9,Rayuela,Julio Cortázar,Clásico,13.52,1,26,Femenino,2023-06-24,Bolsillo,Online,Tienda Online,Transferencia,4
V000181,978-3-14207-924-5,La casa de los espíritus,Isabel Allende,Ficción,17.9,2,75,Prefiere no decir,2024-03-17,Bolsillo,Física,Librería Barcelona Gòtic,Tarjeta,2
V000182,978-1-42591-296-3,Frankenstein,Mary Shelley,Terror,13.09,1,18,Prefiere no decir,2023-05-19,Bolsillo,Online,Tienda Online,Transferencia,
V000183,978-3-99733-432-0,Don Quijote de la Mancha,Miguel de Cervantes,Clásico,17.91,1,68,Femenino,2023-03-02,Bolsillo,Online,Tienda Online,Bizum,3
V000184,978-6-86484-508-5,Ficciones,Jorge Luis Borges,Clásico,14.9,1,41,No binario,2023-01-24,Bolsillo,Online,Tienda Online,PayPal,5
V000185,978-8-21395-704-6,1984,George Orwell,Ciencia Ficción,14.9,1,32,Femenino,2023-12-16,Kindle,Online,Tienda Online,Transferencia,4
V000186,978-4-93886-804-8,Guerra y paz,León Tolstói,Clásico,27.39,1,43,No binario,2023-12-29,Bolsillo,Online,Tienda Online,Bizum,5
V000187,978-3-31417-573-6,Ana Karenina,León Tolstói,Clásico,15.21,1,56,Prefiere no decir,2025-01-10,Kindle,Online,Tienda Online,Bizum,4
V000188,978-3-84364-180-1,21 lecciones para el siglo XXI,Yuval Noah Harari,Ensayo,19.9,1,68,Prefiere no decir,2025-12-07,Kindle,Online,Tienda Online,PayPal,5
V000189,978-3-84364-180-1,21 lecciones para el siglo XXI,Yuval Noah Harari,Ensayo,19.9,1,56,Femenino,2023-06-07,Tapa dura,Online,Tienda Online,Efectivo,3
V000190,978-9-78522-423-4,Maus,Art Spiegelman,Cómic,14.36,1,21,Masculino,2025-07-08,Bolsillo,Online,Tienda Online,Bizum,5
V000191,978-8-44973-887-5,Ángeles y demonios,Dan Brown,Thriller,17.75,2,19,No binario,2023-11-09,Kindle,Online,Tienda Online,Efectivo,2
V000192,978-0-13905-195-3,Rebelión en la granja,George Orwell,Ficción,12.5,2,70,Femenino,2024-07-15,Kindle,Online,Tienda Online,Bizum,
V000193,978-5-85674-296-1,Harry Potter y la cámara secreta,J.K. Rowling,Fantasía Juvenil,15.9,1,20,Masculino,2023-08-15,Kindle,Online,Tienda Online,Tarjeta,4
V000194,978-6-38893-559-9,Dune,Frank Herbert,Ciencia Ficción,18.32,1,35,Masculino,2025-02-07,Kindle,Online,Tienda Online,Tarjeta,2
V000195,978-1-16630-767-8,Los pilares de la Tierra,Ken Follett,Histórica,21.9,1,64,Femenino,2025-05-31,Kindle,Online,Tienda Online,Bizum,4
V000196,978-4-97684-597-3,American Gods,Neil Gaiman,Fantasía,19.9,1,25,No binario,2024-01-26,Bolsillo,Online,Tienda Online,PayPal,4
V000197,978-0-51104-158-0,Manual de cocina fácil,Karlos Arguiñano,Cocina,19.69,2,34,Masculino,2023-09-21,Bolsillo,Online,Tienda Online,Tarjeta,5
V000198,978-6-34957-196-1,El resplandor,Stephen King,Terror,17.01,1,70,Femenino,2024-12-18,Kindle,Online,Tienda Online,PayPal,5
V000199,978-1-42591-296-3,Frankenstein,Mary Shelley,Terror,11.9,1,26,Prefiere no decir,2023-11-29,Tapa dura,Online,Tienda Online,Efectivo,5
V000200,978-9-18326-494-6,Romancero gitano,Federico García Lorca,Poesía,9.81,1,75,No binario,2025-08-24,Kindle,Online,Tienda Online,PayPal,4
V000201,978-3-28131-621-7,El Aleph,Jorge Luis Borges,Clásico,13.9,1,25,Femenino,2024-08-18,Bolsillo,Física,Librería Central Madrid,Efectivo,4
V000202,978-9-51245-317-7,La sombra del viento,Carlos Ruiz Zafón,Ficción,16.65,1,59,Femenino,2025-01-28,Kindle,Online,Tienda Online,PayPal,5
V000203,978-3-76237-716-0,Fahrenheit 451,Ray Bradbury,Ciencia Ficción,11.12,1,75,Femenino,2024-11-19,Kindle,Online,Tienda Online,Transferencia,1
V000204,978-2-17455-620-1,Cosmos,Carl Sagan,Ciencia,17.01,1,18,No binario,2024-01-30,Bolsillo,Online,Tienda Online,Transferencia,3
V000205,978-2-18981-709-1,Una breve historia del tiempo,Stephen Hawking,Ciencia,16.9,1,74,Prefiere no decir,2025-06-25,Kindle,Online,Tienda Online,Tarjeta,3
V000206,978-8-68800-243-6,El extranjero,Albert Camus,Clásico,10.32,1,55,Prefiere no decir,2025-06-24,Kindle,Online,Tienda Online,Transferencia,4
V000207,978-4-99593-763-1,Crimen y castigo,Fiódor Dostoyevski,Clásico,12.9,1,36,Masculino,2025-10-08,Kindle,Online,Tienda Online,Transferencia,5
V000208,978-7-77839-562-1,El principito,Antoine de Saint-Exupéry,Infantil,9.9,1,6,Femenino,2025-05-20,Kindle,Online,Tienda Online,Bizum,5
V000209,978-0-62772-845-5,Drácula,Bram Stoker,Terror,10.96,1,50,Prefiere no decir,2023-05-03,Tapa dura,Física,Librería Sevilla Triana,Tarjeta,5
V000210,978-9-20745-529-9,Watchmen,Alan Moore,Cómic,19.71,1,43,Masculino,2023-06-26,Bolsillo,Online,Tienda Online,Bizum,3
V000211,978-7-19071-878-8,El poder del ahora,Eckhart Tolle,Autoayuda,14.9,2,73,Femenino,2024-01-03,Tapa dura,Online,Tienda Online,PayPal,3
V000212,978-8-31643-371-8,Hábitos atómicos,James Clear,Autoayuda,20.79,1,67,Prefiere no decir,2023-12-08,Tapa dura,Física,Librería Central Madrid,Efectivo,
V000213,978-8-36062-833-8,Crónicas marcianas,Ray Bradbury,Ciencia Ficción,16.72,3,74,Masculino,2025-09-11,Bolsillo,Online,Tienda Online,Tarjeta,5
V000214,978-7-80284-227-6,El Señor de los Anillos,J.R.R. Tolkien,Fantasía,29.9,1,31,Femenino,2024-01-21,Tapa dura,Física,Librería Gran Vía,Efectivo,4
V000215,978-6-54597-384-2,El temor de un hombre sabio,Patrick Rothfuss,Fantasía,22.41,1,68,Masculino,2024-06-30,Tapa dura,Online,Tienda Online,PayPal,5
V000216,978-9-71953-348-7,It,Stephen King,Terror,18.32,2,70,No binario,2023-07-24,Bolsillo,Online,Tienda Online,Tarjeta,4
V000217,978-0-13905-195-3,Rebelión en la granja,George Orwell,Ficción,13.75,1,70,No binario,2025-01-04,Kindle,Online,Tienda Online,Efectivo,5
V000218,978-8-44973-887-5,Ángeles y demonios,Dan Brown,Thriller,14.36,1,48,Masculino,2025-04-17,Tapa dura,Física,Librería Barcelona Gòtic,PayPal,5
V000219,978-3-97782-833-5,V de Vendetta,Alan Moore,Cómic,18.9,1,18,Masculino,2024-02-04,Bolsillo,Online,Tienda Online,PayPal,5
V000220,978-7-19071-878-8,El poder del ahora,Eckhart Tolle,Autoayuda,15.65,2,64,Prefiere no decir,2024-10-24,Bolsillo,Física,Librería Gran Vía,Bizum,
V000221,978-3-97782-833-5,V de Vendetta,Alan Moore,Cómic,20.79,1,25,Femenino,2025-11-13,Tapa dura,Física,Librería Barcelona Gòtic,Efectivo,
V000222,978-9-71348-641-4,Veinte poemas de amor,Pablo Neruda,Poesía,10.4,1,35,Prefiere no decir,2023-06-07,Bolsillo,Física,Librería Valencia Centro,Transferencia,4
V000223,978-9-20745-529-9,Watchmen,Alan Moore,Cómic,21.9,1,70,Prefiere no decir,2024-10-16,Bolsillo,Física,Librería Gran Vía,PayPal,5
V000224,978-4-99593-763-1,Crimen y castigo,Fiódor Dostoyevski,Clásico,12.9,1,70,Femenino,2024-05-05,Tapa dura,Física,Librería Barcelona Gòtic,Efectivo,4
V000225,978-9-38864-107-1,James y el melocotón gigante,Roald Dahl,Infantil,10.9,1,6,Masculino,2025-02-12,Bolsillo,Física,Librería Barcelona Gòtic,Efectivo,
V000226,978-3-30032-482-2,Los hombres que no amaban a las mujeres,Stieg Larsson,Thriller,14.32,1,24,Masculino,2023-07-24,Tapa dura,Online,Tienda Online,Efectivo,4
V000227,978-8-21395-704-6,1984,George Orwell,Ciencia Ficción,11.92,1,43,Masculino,2025-04-29,Tapa dura,Online,Tienda Online,Bizum,3
V000228,978-3-62923-222-9,El gen egoísta,Richard Dawkins,Ciencia,17.9,1,29,Prefiere no decir,2024-12-24,Tapa dura,Física,Librería Gran Vía,Bizum,4
V000229,978-3-62565-160-2,El día que se perdió la cordura,Javier Castillo,Thriller,20.79,1,51,Femenino,2023-08-22,Tapa dura,Online,Tienda Online,PayPal,5
V000230,978-0-51104-158-0,Manual de cocina fácil,Karlos Arguiñano,Cocina,18.79,2,74,Masculino,2024-08-06,Tapa dura,Online,Tienda Online,Tarjeta,5
V000231,978-1-42591-296-3,Frankenstein,Mary Shelley,Terror,11.9,1,32,No binario,2024-07-08,Bolsillo,Online,Tienda Online,Transferencia,4
V000232,978-2-26828-775-7,Los cuatro acuerdos,Miguel Ruiz,Autoayuda,12.9,1,33,Prefiere no decir,2025-12-15,Tapa dura,Física,Librería Barcelona Gòtic,PayPal,4
V000233,978-6-94259-569-2,El juego del ángel,Carlos Ruiz Zafón,Ficción,16.65,1,68,No binario,2024-07-10,Tapa dura,Física,Librería Sevilla Triana,Efectivo,5
V000234,978-1-16175-981-1,Pedro Páramo,Juan Rulfo,Clásico,13.55,1,61,No binario,2023-05-20,Kindle,Online,Tienda Online,PayPal,5
V000235,978-0-62772-845-5,Drácula,Bram Stoker,Terror,13.55,1,43,Prefiere no decir,2023-06-18,Bolsillo,Online,Tienda Online,Efectivo,4
V000236,978-6-46434-564-5,En llamas,Suzanne Collins,Fantasía Juvenil,12.66,2,18,No binario,2024-01-02,Tapa dura,Física,Librería Valencia Centro,PayPal,5
V000237,978-2-18981-709-1,Una breve historia del tiempo,Stephen Hawking,Ciencia,16.9,1,72,Femenino,2023-08-20,Kindle,Online,Tienda Online,Efectivo,5
V000238,978-0-51104-158-0,Manual de cocina fácil,Karlos Arguiñano,Cocina,15.21,1,71,Femenino,2025-06-07,Bolsillo,Online,Tienda Online,Tarjeta,5
V000239,978-0-22224-871-3,Un mundo sin fin,Ken Follett,Histórica,22.9,1,20,Masculino,2025-07-09,Tapa dura,Online,Tienda Online,PayPal,5
V000240,978-6-94259-569-2,El juego del ángel,Carlos Ruiz Zafón,Ficción,18.5,1,25,Masculino,2025-11-07,Tapa dura,Online,Tienda Online,Transferencia,
V000241,978-3-76237-716-0,Fahrenheit 451,Ray Bradbury,Ciencia Ficción,12.51,1,30,Prefiere no decir,2023-01-15,Bolsillo,Online,Tienda Online,PayPal,5
V000242,978-6-45093-167-3,Paula,Isabel Allende,Biografía,13.52,1,39,Prefiere no decir,2025-10-31,Bolsillo,Física,Librería Central Madrid,Efectivo,5
V000243,978-1-13278-859-4,Cien años de soledad,Gabriel García Márquez,Ficción,15.12,1,72,Masculino,2025-04-03,Bolsillo,Online,Tienda Online,Bizum,5
V000244,978-6-34957-196-1,El resplandor,Stephen King,Terror,18.9,1,21,No binario,2025-02-23,Tapa dura,Online,Tienda Online,Transferencia,
V000245,978-0-40007-169-0,El Principito ilustrado,Antoine de Saint-Exupéry,Infantil,17.49,2,9,Prefiere no decir,2023-11-29,Tapa dura,Física,Librería Gran Vía,Bizum,4
V000246,978-8-31643-371-8,Hábitos atómicos,James Clear,Autoayuda,15.12,1,52,Femenino,2025-09-27,Tapa dura,Física,Librería Barcelona Gòtic,Bizum,5
V000247,978-3-99733-432-0,Don Quijote de la Mancha,Miguel de Cervantes,Clásico,19.9,1,68,Femenino,2025-03-11,Bolsillo,Física,Librería Valencia Centro,Transferencia,4
V000248,978-5-50306-345-0,Homo Deus,Yuval Noah Harari,Ensayo,18.61,1,24,Prefiere no decir,2023-06-02,Bolsillo,Online,Tienda Online,Efectivo,3
V000249,978-7-77839-562-1,El principito,Antoine de Saint-Exupéry,Infantil,10.89,1,12,No binario,2023-03-08,Tapa dura,Física,Librería Valencia Centro,Tarjeta,
V000250,978-6-56438-533-6,Misery,Stephen King,Terror,16.9,1,17,Masculino,2023-11-21,Bolsillo,Online,Tienda Online,Bizum,
V000251,978-0-51104-158-0,Manual de cocina fácil,Karlos Arguiñano,Cocina,18.79,1,40,Masculino,2025-03-11,Tapa dura,Online,Tienda Online,Bizum,5
V000252,978-8-79514-100-9,La chica en la telaraña,David Lagercrantz,Thriller,17.9,1,18,No binario,2024-02-11,Tapa dura,Online,Tienda Online,Bizum,
V000253,978-3-99733-432-0,Don Quijote de la Mancha,Miguel de Cervantes,Clásico,19.9,1,49,Femenino,2023-06-02,Kindle,Online,Tienda Online,Tarjeta,5
V000254,978-5-85674-296-1,Harry Potter y la cámara secreta,J.K. Rowling,Fantasía Juvenil,15.9,1,10,Prefiere no decir,2025-06-02,Tapa dura,Online,Tienda Online,Transferencia,4
V000255,978-7-30289-294-4,Nada,Carmen Laforet,Clásico,13.9,2,59,Femenino,2025-08-03,Kindle,Online,Tienda Online,PayPal,2
V000256,978-2-26828-775-7,Los cuatro acuerdos,Miguel Ruiz,Autoayuda,13.55,2,27,Prefiere no decir,2023-06-25,Kindle,Online,Tienda Online,Efectivo,3
V000257,978-4-93886-804-8,Guerra y paz,León Tolstói,Clásico,27.39,1,33,No binario,2024-06-16,Bolsillo,Física,Librería Central Madrid,Efectivo,4
V000258,978-3-62923-222-9,El gen egoísta,Richard Dawkins,Ciencia,17.9,2,40,No binario,2025-06-28,Tapa dura,Online,Tienda Online,Bizum,
V000259,978-2-17455-620-1,Cosmos,Carl Sagan,Ciencia,18.9,1,39,No binario,2023-12-25,Bolsillo,Física,Librería Sevilla Triana,Efectivo,4
V000260,978-3-39256-242-1,El amor en los tiempos del cólera,Gabriel García Márquez,Ficción,18.38,1,19,No binario,2025-12-09,Tapa dura,Online,Tienda Online,Efectivo,5
V000261,978-7-30289-294-4,Nada,Carmen Laforet,Clásico,13.9,1,19,Prefiere no decir,2024-09-18,Tapa dura,Online,Tienda Online,Tarjeta,3
V000262,978-1-13278-859-4,Cien años de soledad,Gabriel García Márquez,Ficción,18.9,1,41,Masculino,2024-06-02,Kindle,Online,Tienda Online,Transferencia,5
V000263,978-6-22676-467-5,Choque de Reyes,George R.R. Martin,Fantasía,19.9,1,32,Masculino,2023-11-03,Bolsillo,Física,Librería Sevilla Triana,Bizum,4
V000264,978-6-86484-508-5,Ficciones,Jorge Luis Borges,Clásico,14.9,1,17,No binario,2024-03-26,Tapa dura,Física,Librería Valencia Centro,Efectivo,1
V000265,978-8-11504-796-1,El código Da Vinci,Dan Brown,Thriller,16.9,3,21,No binario,2023-10-20,Kindle,Online,Tienda Online,Transferencia,4
V000266,978-9-38864-107-1,James y el melocotón gigante,Roald Dahl,Infantil,10.9,1,9,No binario,2025-04-05,Bolsillo,Online,Tienda Online,Transferencia,4
V000267,978-1-16175-981-1,Pedro Páramo,Juan Rulfo,Clásico,11.61,2,66,Femenino,2024-07-30,Kindle,Online,Tienda Online,Transferencia,5
V000268,978-7-77839-562-1,El principito,Antoine de Saint-Exupéry,Infantil,9.9,1,5,Masculino,2023-04-27,Tapa dura,Online,Tienda Online,Efectivo,4
V000269,978-3-99733-432-0,Don Quijote de la Mancha,Miguel de Cervantes,Clásico,19.9,2,30,Masculino,2024-09-22,Bolsillo,Online,Tienda Online,Tarjeta,2
V000270,978-2-46509-573-3,La peste,Albert Camus,Clásico,14.9,3,57,Prefiere no decir,2025-11-07,Bolsillo,Online,Tienda Online,Efectivo,4
V000271,978-5-19287-626-3,Coraline,Neil Gaiman,Fantasía Juvenil,12.51,1,18,Masculino,2024-09-25,Kindle,Online,Tienda Online,Efectivo,
V000272,978-1-82357-400-9,Harry Potter y la piedra filosofal,J.K. Rowling,Fantasía Juvenil,14.31,2,14,No binario,2024-05-15,Kindle,Online,Tienda Online,Transferencia,5
V000273,978-7-30289-294-4,Nada,Carmen Laforet,Clásico,11.12,3,64,No binario,2025-07-18,Kindle,Online,Tienda Online,Tarjeta,4
V000274,978-5-74042-119-1,Sapiens,Yuval Noah Harari,Ensayo,21.9,2,31,Prefiere no decir,2023-03-28,Bolsillo,Física,Librería Barcelona Gòtic,Transferencia,5
V000275,978-6-54597-384-2,El temor de un hombre sabio,Patrick Rothfuss,Fantasía,26.14,1,34,Masculino,2024-04-22,Tapa dura,Online,Tienda Online,Bizum,5
V000276,978-0-22224-871-3,Un mundo sin fin,Ken Follett,Histórica,24.04,2,60,No binario,2025-04-07,Kindle,Online,Tienda Online,Transferencia,4
V000277,978-5-19287-626-3,Coraline,Neil Gaiman,Fantasía Juvenil,13.9,1,10,No binario,2023-04-25,Bolsillo,Física,Librería Valencia Centro,Tarjeta,5
V000278,978-1-48469-545-2,Origen,Dan Brown,Thriller,19.9,1,29,Masculino,2024-05-14,Bolsillo,Física,Librería Valencia Centro,Tarjeta,5
V000279,978-6-94259-569-2,El juego del ángel,Carlos Ruiz Zafón,Ficción,20.35,1,58,Prefiere no decir,2025-08-07,Kindle,Online,Tienda Online,Tarjeta,4
V000280,978-9-18326-494-6,Romancero gitano,Federico García Lorca,Poesía,9.27,1,21,Masculino,2023-04-28,Bolsillo,Online,Tienda Online,Transferencia,
V000281,978-0-96673-333-4,Harry Potter y el prisionero de Azkaban,J.K. Rowling,Fantasía Juvenil,16.9,1,20,Femenino,2023-04-04,Kindle,Online,Tienda Online,Transferencia,5
V000282,978-8-21395-704-6,1984,George Orwell,Ciencia Ficción,12.66,1,65,Femenino,2023-09-03,Bolsillo,Online,Tienda Online,Efectivo,5
V000283,978-2-17455-620-1,Cosmos,Carl Sagan,Ciencia,20.79,1,33,Femenino,2024-02-21,Kindle,Online,Tienda Online,Transferencia,5
V000284,978-3-62565-160-2,El día que se perdió la cordura,Javier Castillo,Thriller,17.01,1,53,Femenino,2025-12-13,Kindle,Online,Tienda Online,Tarjeta,4
V000285,978-9-18326-494-6,Romancero gitano,Federico García Lorca,Poesía,11.45,1,53,Femenino,2023-12-02,Bolsillo,Física,Librería Sevilla Triana,Transferencia,
V000286,978-3-76237-716-0,Fahrenheit 451,Ray Bradbury,Ciencia Ficción,12.51,1,45,Femenino,2025-12-03,Kindle,Online,Tienda Online,Bizum,4
V000287,978-7-77839-562-1,El principito,Antoine de Saint-Exupéry,Infantil,9.9,1,8,Femenino,2023-09-19,Bolsillo,Online,Tienda Online,Transferencia,5
V000288,978-5-50306-345-0,Homo Deus,Yuval Noah Harari,Ensayo,23.0,4,53,Masculino,2024-09-04,Bolsillo,Online,Tienda Online,Tarjeta,5
V000289,978-4-99593-763-1,Crimen y castigo,Fiódor Dostoyevski,Clásico,13.55,1,40,No binario,2025-03-28,Bolsillo,Física,Librería Sevilla Triana,PayPal,3
V000290,978-3-30032-482-2,Los hombres que no amaban a las mujeres,Stieg Larsson,Thriller,17.9,2,34,Prefiere no decir,2024-07-06,Kindle,Online,Tienda Online,Transferencia,5
V000291,978-3-76237-716-0,Fahrenheit 451,Ray Bradbury,Ciencia Ficción,15.29,1,75,No binario,2024-05-24,Kindle,Online,Tienda Online,Bizum,
V000292,978-3-31417-573-6,Ana Karenina,León Tolstói,Clásico,15.21,1,46,Prefiere no decir,2024-08-16,Tapa dura,Online,Tienda Online,Transferencia,5
V000293,978-4-93748-619-9,Perdida,Gillian Flynn,Thriller,16.5,3,17,Masculino,2023-10-18,Kindle,Online,Tienda Online,PayPal,4
V000294,978-8-44438-864-9,Rayuela,Julio Cortázar,Clásico,16.9,1,19,Femenino,2024-03-25,Tapa dura,Física,Librería Sevilla Triana,Transferencia,3
V000295,978-6-86484-508-5,Ficciones,Jorge Luis Borges,Clásico,16.39,1,74,No binario,2023-04-04,Tapa dura,Online,Tienda Online,Bizum,4
V000296,978-9-65461-316-8,"Padre rico, padre pobre",Robert Kiyosaki,Finanzas,16.9,1,48,Prefiere no decir,2025-09-06,Bolsillo,Física,Librería Central Madrid,Transferencia,4
V000297,978-1-16630-767-8,Los pilares de la Tierra,Ken Follett,Histórica,21.9,1,73,Prefiere no decir,2025-12-05,Bolsillo,Física,Librería Sevilla Triana,Bizum,5
V000298,978-8-27342-840-9,Stardust,Neil Gaiman,Fantasía,15.9,1,21,Prefiere no decir,2023-07-19,Bolsillo,Física,Librería Valencia Centro,Bizum,4
V000299,978-1-13278-859-4,Cien años de soledad,Gabriel García Márquez,Ficción,18.9,1,42,Prefiere no decir,2025-09-04,Kindle,Online,Tienda Online,PayPal,5
V000300,978-6-46434-564-5,En llamas,Suzanne Collins,Fantasía Juvenil,15.65,1,22,No binario,2024-08-02,Kindle,Online,Tienda Online,Bizum,5
V000301,978-6-10282-499-4,Patria,Fernando Aramburu,Ficción,20.89,2,62,Prefiere no decir,2025-12-02,Tapa dura,Online,Tienda Online,Tarjeta,
V000302,978-6-38893-559-9,Dune,Frank Herbert,Ciencia Ficción,22.9,2,40,Femenino,2023-06-26,Bolsillo,Online,Tienda Online,Transferencia,5
V000303,978-7-30289-294-4,Nada,Carmen Laforet,Clásico,13.9,1,22,Masculino,2024-06-18,Bolsillo,Física,Librería Gran Vía,Transferencia,5
V000304,978-3-28131-621-7,El Aleph,Jorge Luis Borges,Clásico,15.29,2,73,Masculino,2023-07-21,Kindle,Online,Tienda Online,Bizum,4
V000305,978-9-18326-494-6,Romancero gitano,Federico García Lorca,Poesía,8.72,1,49,No binario,2023-07-22,Tapa dura,Física,Librería Barcelona Gòtic,Bizum,5
V000306,978-8-44973-887-5,Ángeles y demonios,Dan Brown,Thriller,16.9,1,55,No binario,2023-08-22,Tapa dura,Física,Librería Valencia Centro,Transferencia,2
V000307,978-4-93748-619-9,Perdida,Gillian Flynn,Thriller,14.03,1,29,Prefiere no decir,2023-11-15,Bolsillo,Física,Librería Valencia Centro,PayPal,4
V000308,978-6-45093-167-3,Paula,Isabel Allende,Biografía,15.9,1,39,Femenino,2023-10-30,Bolsillo,Física,Librería Gran Vía,Tarjeta,
V000309,978-9-38864-107-1,James y el melocotón gigante,Roald Dahl,Infantil,10.9,2,8,Femenino,2024-04-03,Bolsillo,Física,Librería Barcelona Gòtic,Tarjeta,5
V000310,978-5-85674-296-1,Harry Potter y la cámara secreta,J.K. Rowling,Fantasía Juvenil,15.9,1,17,Prefiere no decir,2023-11-11,Kindle,Online,Tienda Online,Transferencia,5
V000311,978-0-13905-195-3,Rebelión en la granja,George Orwell,Ficción,13.75,4,36,Masculino,2023-04-17,Bolsillo,Física,Librería Barcelona Gòtic,Bizum,4
V000312,978-6-10282-499-4,Patria,Fernando Aramburu,Ficción,19.9,1,58,Masculino,2025-07-02,Kindle,Online,Tienda Online,Transferencia,2
V000313,978-2-26828-775-7,Los cuatro acuerdos,Miguel Ruiz,Autoayuda,13.55,2,24,Femenino,2023-02-03,Tapa dura,Física,Librería Sevilla Triana,Bizum,5
V000314,978-9-44671-926-0,El Hobbit,J.R.R. Tolkien,Fantasía,16.9,1,47,No binario,2024-03-01,Bolsillo,Online,Tienda Online,Tarjeta,4
V000315,978-5-74042-119-1,Sapiens,Yuval Noah Harari,Ensayo,21.9,2,31,Femenino,2023-10-27,Tapa dura,Online,Tienda Online,Efectivo,5
V000316,978-6-46434-564-5,En llamas,Suzanne Collins,Fantasía Juvenil,14.9,2,20,No binario,2023-04-21,Kindle,Online,Tienda Online,Efectivo,4
V000317,978-6-45093-167-3,Paula,Isabel Allende,Biografía,15.9,1,62,Masculino,2024-10-25,Kindle,Online,Tienda Online,PayPal,5
V000318,978-3-31417-573-6,Ana Karenina,León Tolstói,Clásico,17.75,1,34,Femenino,2025-11-24,Kindle,Online,Tienda Online,Bizum,5
V000319,978-9-44671-926-0,El Hobbit,J.R.R. Tolkien,Fantasía,13.52,1,45,Prefiere no decir,2025-12-31,Kindle,Online,Tienda Online,Tarjeta,3
V000320,978-8-44973-887-5,Ángeles y demonios,Dan Brown,Thriller,13.52,1,55,Prefiere no decir,2023-03-23,Kindle,Online,Tienda Online,Bizum,
V000321,978-9-20745-529-9,Watchmen,Alan Moore,Cómic,18.61,1,53,Masculino,2023-05-20,Kindle,Online,Tienda Online,PayPal,4
V000322,978-3-54118-204-1,Juego de Tronos,George R.R. Martin,Fantasía,17.91,1,75,No binario,2023-04-09,Kindle,Online,Tienda Online,Efectivo,4
V000323,978-2-46509-573-3,La peste,Albert Camus,Clásico,14.9,1,72,Femenino,2024-06-19,Bolsillo,Online,Tienda Online,Efectivo,4
V000324,978-3-62565-160-2,El día que se perdió la cordura,Javier Castillo,Thriller,20.79,1,33,Femenino,2023-06-02,Kindle,Online,Tienda Online,Transferencia,2
V000325,978-3-28131-621-7,El Aleph,Jorge Luis Borges,Clásico,15.29,2,31,Masculino,2025-08-02,Bolsillo,Online,Tienda Online,Transferencia,5
V000326,978-8-79514-100-9,La chica en la telaraña,David Lagercrantz,Thriller,15.21,1,64,Prefiere no decir,2025-10-01,Bolsillo,Física,Librería Barcelona Gòtic,Efectivo,5
V000327,978-1-48469-545-2,Origen,Dan Brown,Thriller,17.91,1,49,Prefiere no decir,2024-08-28,Bolsillo,Física,Librería Central Madrid,Transferencia,4
V000328,978-9-38864-107-1,James y el melocotón gigante,Roald Dahl,Infantil,10.9,1,11,No binario,2024-03-23,Kindle,Online,Tienda Online,PayPal,5
V000329,978-4-28301-352-8,El prisionero del cielo,Carlos Ruiz Zafón,Ficción,17.9,1,70,Masculino,2024-04-09,Bolsillo,Online,Tienda Online,Tarjeta,5
V000330,978-3-50857-508-5,Piense y hágase rico,Napoleon Hill,Finanzas,15.29,3,71,Prefiere no decir,2025-07-15,Tapa dura,Física,Librería Valencia Centro,Bizum,5
V000331,978-6-38893-559-9,Dune,Frank Herbert,Ciencia Ficción,19.46,1,16,Prefiere no decir,2025-08-07,Tapa dura,Física,Librería Central Madrid,Bizum,4
V000332,978-4-93886-804-8,Guerra y paz,León Tolstói,Clásico,19.92,1,61,Femenino,2024-12-22,Bolsillo,Física,Librería Valencia Centro,Transferencia,5
V000333,978-1-68082-927-8,Náuseas,Jean-Paul Sartre,Clásico,13.9,1,32,Prefiere no decir,2023-04-13,Bolsillo,Física,Librería Valencia Centro,Tarjeta,4
V000334,978-1-16630-767-8,Los pilares de la Tierra,Ken Follett,Histórica,21.9,3,38,Masculino,2023-05-21,Kindle,Online,Tienda Online,Tarjeta,3
V000335,978-7-80284-227-6,El Señor de los Anillos,J.R.R. Tolkien,Fantasía,29.9,2,51,Masculino,2024-06-30,Kindle,Online,Tienda Online,Efectivo,5
V000336,978-3-30032-482-2,Los hombres que no amaban a las mujeres,Stieg Larsson,Thriller,14.32,1,21,No binario,2025-03-24,Tapa dura,Física,Librería Central Madrid,Transferencia,
V000337,978-4-93886-804-8,Guerra y paz,León Tolstói,Clásico,27.39,1,74,No binario,2024-12-26,Kindle,Online,Tienda Online,PayPal,3
V000338,978-9-51245-317-7,La sombra del viento,Carlos Ruiz Zafón,Ficción,14.8,1,28,Masculino,2024-08-09,Tapa dura,Online,Tienda Online,Bizum,4
V000339,978-3-97782-833-5,V de Vendetta,Alan Moore,Cómic,19.84,2,30,No binario,2024-04-06,Bolsillo,Física,Librería Barcelona Gòtic,Transferencia,5
V000340,978-4-10851-877-2,El nombre del viento,Patrick Rothfuss,Fantasía,19.71,1,52,Masculino,2023-12-03,Bolsillo,Online,Tienda Online,Tarjeta,5
V000341,978-8-33416-619-1,La chica del tren,Paula Hawkins,Thriller,12.72,2,56,Femenino,2024-10-12,Bolsillo,Online,Tienda Online,Efectivo,4
V000342,978-1-13278-859-4,Cien años de soledad,Gabriel García Márquez,Ficción,20.79,1,67,No binario,2023-09-09,Tapa dura,Física,Librería Gran Vía,Tarjeta,5
V000343,978-6-56438-533-6,Misery,Stephen King,Terror,16.9,1,21,Femenino,2024-03-27,Tapa dura,Online,Tienda Online,Transferencia,5
V000344,978-8-68800-243-6,El extranjero,Albert Camus,Clásico,14.19,1,59,Masculino,2024-04-22,Kindle,Online,Tienda Online,Efectivo,1
V000345,978-2-92240-263-6,La casa de Bernarda Alba,Federico García Lorca,Teatro,10.89,2,49,No binario,2025-03-06,Bolsillo,Física,Librería Barcelona Gòtic,PayPal,5
V000346,978-1-16630-767-8,Los pilares de la Tierra,Ken Follett,Histórica,21.9,1,57,Prefiere no decir,2024-03-05,Kindle,Online,Tienda Online,PayPal,4
V000347,978-9-44671-926-0,El Hobbit,J.R.R. Tolkien,Fantasía,17.75,1,36,Prefiere no decir,2024-01-17,Kindle,Online,Tienda Online,Bizum,5
V000348,978-6-22676-467-5,Choque de Reyes,George R.R. Martin,Fantasía,15.92,1,63,Femenino,2025-11-20,Kindle,Online,Tienda Online,Tarjeta,4
V000349,978-0-22224-871-3,Un mundo sin fin,Ken Follett,Histórica,20.61,1,22,Prefiere no decir,2023-07-28,Kindle,Online,Tienda Online,Tarjeta,5
V000350,978-1-82357-400-9,Harry Potter y la piedra filosofal,J.K. Rowling,Fantasía Juvenil,12.72,2,16,Prefiere no decir,2024-01-21,Tapa dura,Física,Librería Valencia Centro,Tarjeta,4
V000351,978-5-85674-296-1,Harry Potter y la cámara secreta,J.K. Rowling,Fantasía Juvenil,17.49,1,20,Masculino,2024-05-13,Tapa dura,Física,Librería Central Madrid,Tarjeta,5
V000352,978-3-97782-833-5,V de Vendetta,Alan Moore,Cómic,16.06,1,35,No binario,2023-04-11,Kindle,Online,Tienda Online,Transferencia,3
V000353,978-6-46434-564-5,En llamas,Suzanne Collins,Fantasía Juvenil,12.66,3,22,No binario,2025-03-17,Tapa dura,Física,Librería Valencia Centro,Bizum,5
V000354,978-3-62923-222-9,El gen egoísta,Richard Dawkins,Ciencia,15.21,2,72,Masculino,2025-07-23,Kindle,Online,Tienda Online,Tarjeta,5
V000355,978-3-97782-833-5,V de Vendetta,Alan Moore,Cómic,15.12,1,46,Prefiere no decir,2025-11-04,Kindle,Online,Tienda Online,Efectivo,3
V000356,978-8-27342-840-9,Stardust,Neil Gaiman,Fantasía,15.9,1,59,Femenino,2025-02-24,Bolsillo,Online,Tienda Online,Bizum,5
V000357,978-2-63269-597-7,La chica de nieve,Javier Castillo,Thriller,20.79,1,30,Femenino,2023-01-06,Tapa dura,Online,Tienda Online,Bizum,5
V000358,978-4-93886-804-8,Guerra y paz,León Tolstói,Clásico,24.9,1,41,No binario,2024-04-25,Bolsillo,Física,Librería Central Madrid,Tarjeta,4
V000359,978-0-62772-845-5,Drácula,Bram Stoker,Terror,12.9,1,42,Prefiere no decir,2023-07-08,Bolsillo,Física,Librería Barcelona Gòtic,PayPal,4
V000360,978-9-44671-926-0,El Hobbit,J.R.R. Tolkien,Fantasía,14.36,1,72,Prefiere no decir,2024-05-14,Kindle,Online,Tienda Online,Bizum,4
V000361,978-8-11504-796-1,El código Da Vinci,Dan Brown,Thriller,13.52,2,71,Femenino,2024-11-10,Tapa dura,Física,Librería Valencia Centro,Bizum,5
V000362,978-3-39451-165-5,Matilda,Roald Dahl,Infantil,11.9,1,5,Masculino,2023-02-19,Tapa dura,Online,Tienda Online,PayPal,4
V000363,978-9-71953-348-7,It,Stephen King,Terror,22.9,2,62,Prefiere no decir,2024-08-24,Bolsillo,Física,Librería Sevilla Triana,Transferencia,5
V000364,978-0-96673-333-4,Harry Potter y el prisionero de Azkaban,J.K. Rowling,Fantasía Juvenil,18.59,1,21,Femenino,2025-01-19,Bolsillo,Online,Tienda Online,Tarjeta,4
V000365,978-0-87110-667-3,Charlie y la fábrica de chocolate,Roald Dahl,Infantil,10.71,1,6,Prefiere no decir,2025-01-22,Tapa dura,Física,Librería Valencia Centro,Tarjeta,5
V000366,978-6-10282-499-4,Patria,Fernando Aramburu,Ficción,17.91,2,28,No binario,2025-10-02,Bolsillo,Online,Tienda Online,Efectivo,4
V000367,978-1-16175-981-1,Pedro Páramo,Juan Rulfo,Clásico,13.55,2,69,Femenino,2023-09-07,Kindle,Online,Tienda Online,Bizum,4
V000368,978-2-63269-597-7,La chica de nieve,Javier Castillo,Thriller,20.79,1,25,Prefiere no decir,2024-06-07,Kindle,Online,Tienda Online,Efectivo,4
V000369,978-6-56438-533-6,Misery,Stephen King,Terror,16.9,4,47,Femenino,2024-10-20,Bolsillo,Física,Librería Barcelona Gòtic,Bizum,5
V000370,978-3-76237-716-0,Fahrenheit 451,Ray Bradbury,Ciencia Ficción,13.9,1,23,No binario,2025-01-14,Kindle,Online,Tienda Online,Tarjeta,2
V000371,978-2-46509-573-3,La peste,Albert Camus,Clásico,16.39,1,22,No binario,2024-03-06,Bolsillo,Online,Tienda Online,Efectivo,4
V000372,978-3-62923-222-9,El gen egoísta,Richard Dawkins,Ciencia,14.32,1,63,No binario,2023-06-14,Kindle,Online,Tienda Online,Transferencia,3
V000373,978-1-16630-767-8,Los pilares de la Tierra,Ken Follett,Histórica,21.9,1,42,Prefiere no decir,2023-03-10,Tapa dura,Física,Librería Valencia Centro,Tarjeta,4
V000374,978-3-84364-180-1,21 lecciones para el siglo XXI,Yuval Noah Harari,Ensayo,21.89,1,53,Masculino,2025-07-05,Kindle,Online,Tienda Online,Transferencia,4
V000375,978-8-11504-796-1,El código Da Vinci,Dan Brown,Thriller,16.9,1,73,Femenino,2023-07-22,Kindle,Online,Tienda Online,Bizum,5
V000376,978-9-71348-641-4,Veinte poemas de amor,Pablo Neruda,Poesía,8.91,1,23,Femenino,2024-01-17,Bolsillo,Online,Tienda Online,Transferencia,5
V000377,978-9-18326-494-6,Romancero gitano,Federico García Lorca,Poesía,9.81,1,62,Masculino,2023-07-25,Bolsillo,Online,Tienda Online,Efectivo,2
V000378,978-3-76237-716-0,Fahrenheit 451,Ray Bradbury,Ciencia Ficción,11.81,1,32,Femenino,2024-04-06,Tapa dura,Online,Tienda Online,Efectivo,3
V000379,978-0-62772-845-5,Drácula,Bram Stoker,Terror,13.55,1,69,Prefiere no decir,2024-02-25,Bolsillo,Física,Librería Sevilla Triana,Bizum,4
V000380,978-8-44973-887-5,Ángeles y demonios,Dan Brown,Thriller,16.9,1,70,Femenino,2023-04-23,Kindle,Online,Tienda Online,Efectivo,5
V000381,978-1-82357-400-9,Harry Potter y la piedra filosofal,J.K. Rowling,Fantasía Juvenil,12.72,1,21,Femenino,2024-02-19,Tapa dura,Física,Librería Valencia Centro,Efectivo,4
V000382,978-6-10282-499-4,Patria,Fernando Aramburu,Ficción,15.92,1,56,Femenino,2023-06-04,Bolsillo,Física,Librería Central Madrid,Transferencia,5
V000383,978-9-72493-614-8,El chef en casa,Jamie Oliver,Cocina,21.89,1,69,Prefiere no decir,2025-04-28,Bolsillo,Física,Librería Gran Vía,Bizum,5
V000384,978-6-10282-499-4,Patria,Fernando Aramburu,Ficción,16.91,4,70,Femenino,2023-10-05,Kindle,Online,Tienda Online,Tarjeta,5
V000385,978-3-30032-482-2,Los hombres que no amaban a las mujeres,Stieg Larsson,Thriller,17.9,1,40,Masculino,2025-01-31,Kindle,Online,Tienda Online,Efectivo,4
V000386,978-3-76237-716-0,Fahrenheit 451,Ray Bradbury,Ciencia Ficción,14.6,1,39,Femenino,2024-04-13,Tapa dura,Física,Librería Central Madrid,Transferencia,2
V000387,978-3-28131-621-7,El Aleph,Jorge Luis Borges,Clásico,12.51,1,68,Masculino,2023-04-25,Kindle,Online,Tienda Online,Efectivo,1
V000388,978-4-93886-804-8,Guerra y paz,León Tolstói,Clásico,26.14,1,72,No binario,2025-10-20,Tapa dura,Online,Tienda Online,Efectivo,
V000389,978-3-28131-621-7,El Aleph,Jorge Luis Borges,Clásico,13.9,2,38,No binario,2023-08-10,Kindle,Online,Tienda Online,Bizum,
V000390,978-5-50306-345-0,Homo Deus,Yuval Noah Harari,Ensayo,21.9,2,71,No binario,2023-03-05,Tapa dura,Física,Librería Valencia Centro,PayPal,4
V000391,978-6-56438-533-6,Misery,Stephen King,Terror,17.75,2,50,Masculino,2023-12-01,Kindle,Online,Tienda Online,Efectivo,5
V000392,978-4-97684-597-3,American Gods,Neil Gaiman,Fantasía,19.9,1,41,Prefiere no decir,2024-08-16,Bolsillo,Física,Librería Central Madrid,Transferencia,5
V000393,978-4-97684-597-3,American Gods,Neil Gaiman,Fantasía,15.92,1,25,No binario,2024-03-24,Bolsillo,Online,Tienda Online,Transferencia,5
V000394,978-9-51245-317-7,La sombra del viento,Carlos Ruiz Zafón,Ficción,15.72,1,27,Femenino,2023-02-23,Bolsillo,Física,Librería Central Madrid,Efectivo,
V000395,978-8-33416-619-1,La chica del tren,Paula Hawkins,Thriller,15.9,1,41,Masculino,2023-10-17,Kindle,Online,Tienda Online,Transferencia,4
V000396,978-3-17665-693-8,La familia de Pascual Duarte,Camilo José Cela,Clásico,12.9,3,16,Masculino,2025-03-18,Tapa dura,Online,Tienda Online,Tarjeta,2
V000397,978-0-51104-158-0,Manual de cocina fácil,Karlos Arguiñano,Cocina,16.11,2,67,No binario,2025-11-12,Kindle,Online,Tienda Online,Transferencia,
V000398,978-8-33416-619-1,La chica del tren,Paula Hawkins,Thriller,15.9,1,47,Femenino,2023-12-20,Tapa dura,Física,Librería Valencia Centro,PayPal,5
V000399,978-8-44438-864-9,Rayuela,Julio Cortázar,Clásico,16.9,4,25,Femenino,2025-10-07,Tapa dura,Online,Tienda Online,Bizum,4
V000400,978-2-26828-775-7,Los cuatro acuerdos,Miguel Ruiz,Autoayuda,11.61,1,47,Masculino,2024-04-20,Bolsillo,Online,Tienda Online,PayPal,5
V000401,978-2-17455-620-1,Cosmos,Carl Sagan,Ciencia,19.84,1,17,Femenino,2024-04-06,Bolsillo,Online,Tienda Online,Efectivo,5
V000402,978-9-78522-423-4,Maus,Art Spiegelman,Cómic,16.9,2,20,Masculino,2023-05-14,Tapa dura,Física,Librería Gran Vía,Transferencia,4
V000403,978-4-99593-763-1,Crimen y castigo,Fiódor Dostoyevski,Clásico,12.9,2,50,Femenino,2024-01-16,Kindle,Online,Tienda Online,Efectivo,5
V000404,978-1-68082-927-8,Náuseas,Jean-Paul Sartre,Clásico,11.12,1,17,Femenino,2024-06-18,Tapa dura,Física,Librería Barcelona Gòtic,Tarjeta,4
V000405,978-9-51245-317-7,La sombra del viento,Carlos Ruiz Zafón,Ficción,18.5,1,18,Prefiere no decir,2024-02-26,Kindle,Online,Tienda Online,PayPal,4
V000406,978-0-13905-195-3,Rebelión en la granja,George Orwell,Ficción,10.0,3,52,Masculino,2023-11-06,Bolsillo,Online,Tienda Online,PayPal,
V000407,978-5-50306-345-0,Homo Deus,Yuval Noah Harari,Ensayo,21.9,1,31,Masculino,2024-08-31,Tapa dura,Física,Librería Valencia Centro,PayPal,4
V000408,978-8-44438-864-9,Rayuela,Julio Cortázar,Clásico,16.9,2,33,No binario,2023-06-13,Kindle,Online,Tienda Online,Transferencia,5
V000409,978-8-33416-619-1,La chica del tren,Paula Hawkins,Thriller,15.9,2,41,No binario,2024-11-19,Bolsillo,Online,Tienda Online,Bizum,4
V000410,978-4-93748-619-9,Perdida,Gillian Flynn,Thriller,17.32,1,44,Masculino,2024-06-01,Tapa dura,Online,Tienda Online,Tarjeta,5
V000411,978-6-22676-467-5,Choque de Reyes,George R.R. Martin,Fantasía,16.91,2,56,Femenino,2024-10-20,Tapa dura,Online,Tienda Online,Efectivo,5
V000412,978-6-46434-564-5,En llamas,Suzanne Collins,Fantasía Juvenil,15.65,1,18,Femenino,2024-07-29,Kindle,Online,Tienda Online,Transferencia,5
V000413,978-5-85674-296-1,Harry Potter y la cámara secreta,J.K. Rowling,Fantasía Juvenil,12.72,2,22,Femenino,2024-02-18,Kindle,Online,Tienda Online,Tarjeta,
V000414,978-3-62923-222-9,El gen egoísta,Richard Dawkins,Ciencia,18.79,1,72,Femenino,2024-10-31,Kindle,Online,Tienda Online,Tarjeta,3
V000415,978-7-80284-227-6,El Señor de los Anillos,J.R.R. Tolkien,Fantasía,29.9,1,59,Prefiere no decir,2024-12-20,Tapa dura,Online,Tienda Online,Efectivo,5
V000416,978-9-72493-614-8,El chef en casa,Jamie Oliver,Cocina,16.91,1,74,No binario,2025-03-13,Tapa dura,Física,Librería Barcelona Gòtic,PayPal,2
V000417,978-2-46509-573-3,La peste,Albert Camus,Clásico,12.66,1,53,Prefiere no decir,2023-07-15,Bolsillo,Física,Librería Barcelona Gòtic,Transferencia,3
V000418,978-9-71348-641-4,Veinte poemas de amor,Pablo Neruda,Poesía,9.9,1,73,Prefiere no decir,2023-09-10,Kindle,Online,Tienda Online,Efectivo,3
V000419,978-4-99593-763-1,Crimen y castigo,Fiódor Dostoyevski,Clásico,12.9,1,53,No binario,2024-02-14,Bolsillo,Online,Tienda Online,PayPal,5
V000420,978-2-92240-263-6,La casa de Bernarda Alba,Federico García Lorca,Teatro,10.89,1,26,Masculino,2024-03-24,Kindle,Online,Tienda Online,Transferencia,3
V000421,978-3-39256-242-1,El amor en los tiempos del cólera,Gabriel García Márquez,Ficción,14.88,4,35,Prefiere no decir,2024-06-14,Tapa dura,Física,Librería Valencia Centro,Transferencia,
V000422,978-1-16175-981-1,Pedro Páramo,Juan Rulfo,Clásico,10.96,3,20,Prefiere no decir,2023-06-06,Tapa dura,Online,Tienda Online,Bizum,4
V000423,978-5-19287-626-3,Coraline,Neil Gaiman,Fantasía Juvenil,15.29,2,10,Masculino,2023-12-08,Bolsillo,Física,Librería Valencia Centro,Tarjeta,4
V000424,978-9-93227-275-8,Los hermanos Karamázov,Fiódor Dostoyevski,Clásico,17.01,1,61,Prefiere no decir,2024-12-07,Tapa dura,Online,Tienda Online,Bizum,5
V000425,978-3-17665-693-8,La familia de Pascual Duarte,Camilo José Cela,Clásico,11.61,4,55,Masculino,2023-03-15,Bolsillo,Física,Librería Gran Vía,Tarjeta,5
V000426,978-1-68082-927-8,Náuseas,Jean-Paul Sartre,Clásico,13.9,2,40,No binario,2025-12-29,Tapa dura,Online,Tienda Online,Tarjeta,3
V000427,978-4-10851-877-2,El nombre del viento,Patrick Rothfuss,Fantasía,21.9,2,56,Prefiere no decir,2025-10-12,Tapa dura,Online,Tienda Online,Bizum,4
V000428,978-6-38893-559-9,Dune,Frank Herbert,Ciencia Ficción,19.46,1,71,Prefiere no decir,2023-08-22,Kindle,Online,Tienda Online,Tarjeta,5
V000429,978-7-77839-562-1,El principito,Antoine de Saint-Exupéry,Infantil,10.89,2,5,Femenino,2024-06-19,Kindle,Online,Tienda Online,Transferencia,5
V000430,978-9-38864-107-1,James y el melocotón gigante,Roald Dahl,Infantil,8.72,1,5,Femenino,2025-09-17,Tapa dura,Física,Librería Central Madrid,Transferencia,4
V000431,978-1-40512-987-1,Los juegos del hambre,Suzanne Collins,Fantasía Juvenil,13.41,2,16,Femenino,2024-03-24,Bolsillo,Física,Librería Sevilla Triana,Transferencia,5
V000432,978-2-46509-573-3,La peste,Albert Camus,Clásico,14.9,1,42,Prefiere no decir,2023-06-06,Tapa dura,Online,Tienda Online,Tarjeta,4
V000433,978-9-44671-926-0,El Hobbit,J.R.R. Tolkien,Fantasía,14.36,4,68,Prefiere no decir,2024-02-13,Tapa dura,Online,Tienda Online,PayPal,4
V000434,978-7-17100-789-1,Carrie,Stephen King,Terror,14.9,1,73,No binario,2025-09-23,Bolsillo,Física,Librería Sevilla Triana,Tarjeta,5
V000435,978-5-50306-345-0,Homo Deus,Yuval Noah Harari,Ensayo,23.0,1,71,Femenino,2024-08-12,Bolsillo,Online,Tienda Online,Transferencia,3
V000436,978-5-50306-345-0,Homo Deus,Yuval Noah Harari,Ensayo,21.9,1,18,Masculino,2024-09-26,Bolsillo,Online,Tienda Online,Transferencia,2
V000437,978-5-50306-345-0,Homo Deus,Yuval Noah Harari,Ensayo,18.61,2,32,No binario,2025-11-16,Kindle,Online,Tienda Online,Bizum,4
V000438,978-4-28301-352-8,El prisionero del cielo,Carlos Ruiz Zafón,Ficción,17.9,2,37,Prefiere no decir,2023-10-09,Tapa dura,Online,Tienda Online,Transferencia,5
V000439,978-1-16630-767-8,Los pilares de la Tierra,Ken Follett,Histórica,23.0,1,50,Prefiere no decir,2025-04-02,Tapa dura,Online,Tienda Online,Transferencia,4
V000440,978-4-93748-619-9,Perdida,Gillian Flynn,Thriller,16.5,1,23,No binario,2024-11-30,Bolsillo,Física,Librería Central Madrid,Efectivo,5
V000441,978-4-99593-763-1,Crimen y castigo,Fiódor Dostoyevski,Clásico,13.55,2,30,Masculino,2024-03-05,Bolsillo,Online,Tienda Online,Transferencia,5
V000442,978-1-68082-927-8,Náuseas,Jean-Paul Sartre,Clásico,13.9,2,65,No binario,2024-12-28,Bolsillo,Online,Tienda Online,Bizum,4
V000443,978-0-51104-158-0,Manual de cocina fácil,Karlos Arguiñano,Cocina,19.69,1,53,Prefiere no decir,2024-11-04,Bolsillo,Online,Tienda Online,Transferencia,4
V000444,978-8-31643-371-8,Hábitos atómicos,James Clear,Autoayuda,18.9,1,43,Masculino,2024-08-06,Bolsillo,Física,Librería Valencia Centro,Tarjeta,
V000445,978-1-48469-545-2,Origen,Dan Brown,Thriller,16.91,1,45,Masculino,2023-07-24,Tapa dura,Física,Librería Valencia Centro,Bizum,3
V000446,978-8-44973-887-5,Ángeles y demonios,Dan Brown,Thriller,14.36,1,46,Masculino,2025-04-11,Tapa dura,Online,Tienda Online,Tarjeta,4
V000447,978-4-93748-619-9,Perdida,Gillian Flynn,Thriller,14.85,2,18,Prefiere no decir,2023-03-13,Kindle,Online,Tienda Online,Transferencia,4
V000448,978-8-44438-864-9,Rayuela,Julio Cortázar,Clásico,16.9,1,70,Masculino,2025-10-24,Bolsillo,Online,Tienda Online,Efectivo,4
V000449,978-3-50857-508-5,Piense y hágase rico,Napoleon Hill,Finanzas,11.81,1,51,Masculino,2023-06-08,Bolsillo,Online,Tienda Online,Efectivo,4
V000450,978-6-56438-533-6,Misery,Stephen King,Terror,16.9,1,28,Prefiere no decir,2025-11-01,Kindle,Online,Tienda Online,Bizum,5
V000451,978-3-97782-833-5,V de Vendetta,Alan Moore,Cómic,18.9,1,38,Femenino,2023-05-18,Kindle,Online,Tienda Online,Transferencia,4
V000452,978-7-80284-227-6,El Señor de los Anillos,J.R.R. Tolkien,Fantasía,32.89,1,58,No binario,2024-12-28,Tapa dura,Online,Tienda Online,Transferencia,5
V000453,978-6-46434-564-5,En llamas,Suzanne Collins,Fantasía Juvenil,12.66,1,22,Femenino,2024-05-24,Kindle,Online,Tienda Online,Tarjeta,4
V000454,978-3-54118-204-1,Juego de Tronos,George R.R. Martin,Fantasía,21.89,1,45,Femenino,2024-03-18,Kindle,Online,Tienda Online,Efectivo,5
V000455,978-2-63269-597-7,La chica de nieve,Javier Castillo,Thriller,17.01,3,63,Prefiere no decir,2024-05-01,Bolsillo,Física,Librería Barcelona Gòtic,Tarjeta,4
V000456,978-0-22224-871-3,Un mundo sin fin,Ken Follett,Histórica,19.46,1,22,Prefiere no decir,2023-03-25,Bolsillo,Física,Librería Central Madrid,PayPal,2
V000457,978-2-92240-263-6,La casa de Bernarda Alba,Federico García Lorca,Teatro,8.42,2,54,Femenino,2023-10-14,Tapa dura,Online,Tienda Online,Efectivo,5
V000458,978-3-54118-204-1,Juego de Tronos,George R.R. Martin,Fantasía,15.92,2,63,Masculino,2023-07-24,Kindle,Online,Tienda Online,PayPal,4
V000459,978-3-50857-508-5,Piense y hágase rico,Napoleon Hill,Finanzas,13.9,1,52,Prefiere no decir,2024-03-17,Tapa dura,Online,Tienda Online,Bizum,5
V000460,978-3-31417-573-6,Ana Karenina,León Tolstói,Clásico,17.75,2,26,Femenino,2023-05-26,Bolsillo,Física,Librería Central Madrid,Efectivo,3
V000461,978-9-38864-107-1,James y el melocotón gigante,Roald Dahl,Infantil,11.45,1,12,Prefiere no decir,2024-11-09,Kindle,Online,Tienda Online,Efectivo,4
V000462,978-2-26828-775-7,Los cuatro acuerdos,Miguel Ruiz,Autoayuda,12.9,1,55,No binario,2025-04-11,Bolsillo,Online,Tienda Online,PayPal,5
V000463,978-3-62923-222-9,El gen egoísta,Richard Dawkins,Ciencia,19.69,1,52,Masculino,2024-10-29,Bolsillo,Física,Librería Valencia Centro,PayPal,5
V000464,978-9-65461-316-8,"Padre rico, padre pobre",Robert Kiyosaki,Finanzas,14.36,3,35,Prefiere no decir,2025-10-13,Bolsillo,Física,Librería Sevilla Triana,Bizum,5
V000465,978-3-28131-621-7,El Aleph,Jorge Luis Borges,Clásico,14.6,1,28,Prefiere no decir,2023-07-31,Kindle,Online,Tienda Online,Efectivo,5
V000466,978-1-40512-987-1,Los juegos del hambre,Suzanne Collins,Fantasía Juvenil,14.9,1,21,Masculino,2025-04-15,Tapa dura,Online,Tienda Online,PayPal,5
V000467,978-9-72493-614-8,El chef en casa,Jamie Oliver,Cocina,19.9,2,64,Masculino,2025-07-02,Tapa dura,Física,Librería Sevilla Triana,Efectivo,4
V000468,978-3-62923-222-9,El gen egoísta,Richard Dawkins,Ciencia,19.69,3,36,No binario,2025-04-27,Tapa dura,Física,Librería Sevilla Triana,Efectivo,2
V000469,978-1-48469-545-2,Origen,Dan Brown,Thriller,19.9,2,19,Masculino,2025-05-09,Bolsillo,Física,Librería Central Madrid,Tarjeta,4
V000470,978-9-38864-107-1,James y el melocotón gigante,Roald Dahl,Infantil,9.27,1,7,Masculino,2023-07-23,Bolsillo,Online,Tienda Online,PayPal,5
V000471,978-3-28131-621-7,El Aleph,Jorge Luis Borges,Clásico,13.9,1,59,Prefiere no decir,2023-12-14,Tapa dura,Online,Tienda Online,Bizum,3
V000472,978-1-40512-987-1,Los juegos del hambre,Suzanne Collins,Fantasía Juvenil,14.9,1,18,Prefiere no decir,2025-07-10,Kindle,Online,Tienda Online,PayPal,5
V000473,978-8-44973-887-5,Ángeles y demonios,Dan Brown,Thriller,14.36,1,46,No binario,2024-06-26,Tapa dura,Física,Librería Sevilla Triana,Bizum,4
V000474,978-8-21395-704-6,1984,George Orwell,Ciencia Ficción,14.9,1,52,No binario,2024-09-19,Bolsillo,Física,Librería Gran Vía,Bizum,4
V000475,978-1-13278-859-4,Cien años de soledad,Gabriel García Márquez,Ficción,18.9,1,68,Masculino,2025-08-23,Kindle,Online,Tienda Online,Tarjeta,4
V000476,978-6-54597-384-2,El temor de un hombre sabio,Patrick Rothfuss,Fantasía,22.41,1,67,Masculino,2023-08-05,Kindle,Online,Tienda Online,Tarjeta,5
V000477,978-9-71953-348-7,It,Stephen King,Terror,22.9,1,48,Masculino,2024-11-02,Kindle,Online,Tienda Online,PayPal,3
V000478,978-9-72493-614-8,El chef en casa,Jamie Oliver,Cocina,21.89,1,58,Prefiere no decir,2023-02-02,Tapa dura,Física,Librería Central Madrid,Tarjeta,4
V000479,978-0-22224-871-3,Un mundo sin fin,Ken Follett,Histórica,22.9,1,34,Prefiere no decir,2023-10-03,Tapa dura,Física,Librería Barcelona Gòtic,Transferencia,4
V000480,978-2-92240-263-6,La casa de Bernarda Alba,Federico García Lorca,Teatro,9.9,1,53,Femenino,2023-10-27,Bolsillo,Física,Librería Gran Vía,PayPal,4
V000481,978-6-56438-533-6,Misery,Stephen King,Terror,17.75,1,72,Prefiere no decir,2025-05-17,Bolsillo,Online,Tienda Online,PayPal,5
V000482,978-3-62923-222-9,El gen egoísta,Richard Dawkins,Ciencia,19.69,1,39,Prefiere no decir,2024-09-23,Bolsillo,Online,Tienda Online,Transferencia,
V000483,978-3-62565-160-2,El día que se perdió la cordura,Javier Castillo,Thriller,20.79,1,21,Femenino,2023-07-05,Tapa dura,Online,Tienda Online,PayPal,
V000484,978-1-16630-767-8,Los pilares de la Tierra,Ken Follett,Histórica,21.9,1,72,Femenino,2024-12-04,Bolsillo,Física,Librería Gran Vía,Transferencia,5
V000485,978-3-39451-165-5,Matilda,Roald Dahl,Infantil,9.52,2,10,Prefiere no decir,2024-07-26,Bolsillo,Física,Librería Sevilla Triana,Efectivo,5
V000486,978-7-19071-878-8,El poder del ahora,Eckhart Tolle,Autoayuda,12.66,1,46,Prefiere no decir,2024-03-07,Kindle,Online,Tienda Online,Efectivo,5
V000487,978-7-47388-533-8,Los besos,Manuel Vilas,Ficción,18.9,1,62,Prefiere no decir,2024-06-11,Kindle,Online,Tienda Online,Transferencia,4
V000488,978-9-71953-348-7,It,Stephen King,Terror,18.32,2,42,No binario,2024-08-26,Tapa dura,Online,Tienda Online,Transferencia,5
V000489,978-4-10851-877-2,El nombre del viento,Patrick Rothfuss,Fantasía,24.09,3,52,Prefiere no decir,2024-03-26,Kindle,Online,Tienda Online,Tarjeta,5
V000490,978-3-84364-180-1,21 lecciones para el siglo XXI,Yuval Noah Harari,Ensayo,17.91,2,25,Prefiere no decir,2024-04-12,Tapa dura,Online,Tienda Online,Bizum,
V000491,978-6-54597-384-2,El temor de un hombre sabio,Patrick Rothfuss,Fantasía,27.39,1,59,Femenino,2024-01-02,Bolsillo,Física,Librería Gran Vía,PayPal,3
V000492,978-2-26828-775-7,Los cuatro acuerdos,Miguel Ruiz,Autoayuda,12.9,1,75,No binario,2024-06-05,Bolsillo,Online,Tienda Online,Tarjeta,5
V000493,978-3-76237-716-0,Fahrenheit 451,Ray Bradbury,Ciencia Ficción,13.9,1,44,No binario,2023-03-02,Kindle,Online,Tienda Online,Bizum,
V000494,978-1-42591-296-3,Frankenstein,Mary Shelley,Terror,11.9,1,40,Femenino,2025-05-27,Tapa dura,Online,Tienda Online,Efectivo,4
V000495,978-7-19071-878-8,El poder del ahora,Eckhart Tolle,Autoayuda,14.9,3,48,Femenino,2024-01-03,Tapa dura,Online,Tienda Online,Tarjeta,2
V000496,978-4-93748-619-9,Perdida,Gillian Flynn,Thriller,18.15,1,29,No binario,2025-11-04,Bolsillo,Física,Librería Gran Vía,PayPal,5
V000497,978-7-19071-878-8,El poder del ahora,Eckhart Tolle,Autoayuda,14.9,1,68,No binario,2025-12-19,Tapa dura,Online,Tienda Online,PayPal,4
V000498,978-3-62565-160-2,El día que se perdió la cordura,Javier Castillo,Thriller,19.84,1,27,No binario,2025-12-24,Kindle,Online,Tienda Online,Bizum,4
V000499,978-3-54118-204-1,Juego de Tronos,George R.R. Martin,Fantasía,21.89,3,73,Prefiere no decir,2023-02-17,Kindle,Online,Tienda Online,Tarjeta,3
V000500,978-8-44438-864-9,Rayuela,Julio Cortázar,Clásico,17.75,1,71,Femenino,2024-02-24,Bolsillo,Online,Tienda Online,Tarjeta,
V000501,978-7-47388-533-8,Los besos,Manuel Vilas,Ficción,17.01,1,38,No binario,2024-08-05,Kindle,Online,Tienda Online,Transferencia,5
V000502,978-1-16630-767-8,Los pilares de la Tierra,Ken Follett,Histórica,21.9,1,26,Masculino,2023-03-19,Kindle,Online,Tienda Online,Transferencia,4
V000503,978-3-54118-204-1,Juego de Tronos,George R.R. Martin,Fantasía,19.9,2,71,Masculino,2023-10-28,Bolsillo,Online,Tienda Online,Bizum,3
V000504,978-3-84364-180-1,21 lecciones para el siglo XXI,Yuval Noah Harari,Ensayo,19.9,2,41,Femenino,2024-11-05,Bolsillo,Online,Tienda Online,Transferencia,5
V000505,978-6-94259-569-2,El juego del ángel,Carlos Ruiz Zafón,Ficción,14.8,1,23,Masculino,2023-03-02,Bolsillo,Online,Tienda Online,Efectivo,4
V000506,978-0-40007-169-0,El Principito ilustrado,Antoine de Saint-Exupéry,Infantil,15.9,1,7,No binario,2025-02-16,Bolsillo,Online,Tienda Online,Bizum,
V000507,978-6-22676-467-5,Choque de Reyes,George R.R. Martin,Fantasía,16.91,1,44,Masculino,2024-08-23,Tapa dura,Online,Tienda Online,Efectivo,4
V000508,978-3-28131-621-7,El Aleph,Jorge Luis Borges,Clásico,13.9,1,50,No binario,2023-09-10,Tapa dura,Online,Tienda Online,Transferencia,5
V000509,978-5-85674-296-1,Harry Potter y la cámara secreta,J.K. Rowling,Fantasía Juvenil,15.9,1,22,Prefiere no decir,2023-02-02,Tapa dura,Online,Tienda Online,Transferencia,5
V000510,978-3-50857-508-5,Piense y hágase rico,Napoleon Hill,Finanzas,13.9,2,41,No binario,2024-05-01,Tapa dura,Online,Tienda Online,PayPal,1
V000511,978-1-40512-987-1,Los juegos del hambre,Suzanne Collins,Fantasía Juvenil,12.66,3,14,Prefiere no decir,2023-08-25,Bolsillo,Física,Librería Sevilla Triana,Transferencia,
V000512,978-5-74042-119-1,Sapiens,Yuval Noah Harari,Ensayo,21.9,2,75,Masculino,2024-07-16,Tapa dura,Física,Librería Valencia Centro,Transferencia,4
V000513,978-3-17665-693-8,La familia de Pascual Duarte,Camilo José Cela,Clásico,13.55,2,65,Prefiere no decir,2024-08-30,Kindle,Online,Tienda Online,Transferencia,5
V000514,978-5-19287-626-3,Coraline,Neil Gaiman,Fantasía Juvenil,11.12,1,16,No binario,2024-08-03,Bolsillo,Física,Librería Valencia Centro,Bizum,5
V000515,978-0-40007-169-0,El Principito ilustrado,Antoine de Saint-Exupéry,Infantil,15.9,1,12,Femenino,2024-04-23,Tapa dura,Online,Tienda Online,Tarjeta,2
V000516,978-1-16175-981-1,Pedro Páramo,Juan Rulfo,Clásico,10.32,1,44,Prefiere no decir,2025-03-24,Tapa dura,Online,Tienda Online,PayPal,5
V000517,978-3-76237-716-0,Fahrenheit 451,Ray Bradbury,Ciencia Ficción,11.12,1,21,Masculino,2023-04-25,Tapa dura,Online,Tienda Online,Transferencia,3
V000518,978-6-34957-196-1,El resplandor,Stephen King,Terror,16.06,1,22,Masculino,2023-10-23,Kindle,Online,Tienda Online,Bizum,5
V000519,978-1-48469-545-2,Origen,Dan Brown,Thriller,19.9,1,59,Masculino,2024-10-03,Tapa dura,Online,Tienda Online,Efectivo,3
V000520,978-3-99733-432-0,Don Quijote de la Mancha,Miguel de Cervantes,Clásico,17.91,1,29,Prefiere no decir,2024-07-20,Kindle,Online,Tienda Online,Transferencia,
V000521,978-4-99593-763-1,Crimen y castigo,Fiódor Dostoyevski,Clásico,12.9,1,42,Femenino,2023-03-24,Kindle,Online,Tienda Online,Transferencia,5
V000522,978-9-44671-926-0,El Hobbit,J.R.R. Tolkien,Fantasía,17.75,1,68,Masculino,2025-02-28,Kindle,Online,Tienda Online,Tarjeta,4
V000523,978-4-93886-804-8,Guerra y paz,León Tolstói,Clásico,27.39,4,62,Prefiere no decir,2024-09-04,Kindle,Online,Tienda Online,Efectivo,5
V000524,978-9-38864-107-1,James y el melocotón gigante,Roald Dahl,Infantil,10.9,1,7,Prefiere no decir,2024-02-10,Bolsillo,Física,Librería Gran Vía,Transferencia,5
V000525,978-3-14207-924-5,La casa de los espíritus,Isabel Allende,Ficción,15.21,1,72,Masculino,2023-12-29,Kindle,Online,Tienda Online,Bizum,4
V000526,978-6-10282-499-4,Patria,Fernando Aramburu,Ficción,20.89,3,38,Masculino,2023-12-27,Tapa dura,Online,Tienda Online,PayPal,1
V000527,978-9-71953-348-7,It,Stephen King,Terror,20.61,1,25,Masculino,2023-01-09,Tapa dura,Online,Tienda Online,PayPal,
V000528,978-3-50857-508-5,Piense y hágase rico,Napoleon Hill,Finanzas,14.6,2,71,No binario,2025-10-18,Bolsillo,Física,Librería Valencia Centro,Bizum,3
V000529,978-0-96673-333-4,Harry Potter y el prisionero de Azkaban,J.K. Rowling,Fantasía Juvenil,16.9,1,14,No binario,2023-05-05,Kindle,Online,Tienda Online,Bizum,2
V000530,978-4-93886-804-8,Guerra y paz,León Tolstói,Clásico,24.9,1,30,Femenino,2024-01-03,Tapa dura,Online,Tienda Online,Efectivo,2
V000531,978-1-48469-545-2,Origen,Dan Brown,Thriller,16.91,1,68,No binario,2025-04-07,Kindle,Online,Tienda Online,Tarjeta,5
V000532,978-4-99593-763-1,Crimen y castigo,Fiódor Dostoyevski,Clásico,12.9,1,67,No binario,2023-06-24,Kindle,Online,Tienda Online,Bizum,5
V000533,978-4-93886-804-8,Guerra y paz,León Tolstói,Clásico,27.39,1,70,Femenino,2024-11-14,Bolsillo,Online,Tienda Online,Efectivo,4
V000534,978-2-46509-573-3,La peste,Albert Camus,Clásico,14.9,1,60,Prefiere no decir,2025-07-02,Bolsillo,Física,Librería Sevilla Triana,Transferencia,5
V000535,978-1-16175-981-1,Pedro Páramo,Juan Rulfo,Clásico,12.9,2,41,Prefiere no decir,2025-12-30,Tapa dura,Online,Tienda Online,Bizum,4
V000536,978-8-44973-887-5,Ángeles y demonios,Dan Brown,Thriller,16.9,4,16,No binario,2023-08-08,Kindle,Online,Tienda Online,Bizum,5
V000537,978-4-97684-597-3,American Gods,Neil Gaiman,Fantasía,19.9,2,48,Masculino,2025-03-07,Bolsillo,Física,Librería Central Madrid,Transferencia,5
V000538,978-9-93227-275-8,Los hermanos Karamázov,Fiódor Dostoyevski,Clásico,18.9,2,59,Prefiere no decir,2023-06-11,Kindle,Online,Tienda Online,Efectivo,5
V000539,978-0-22224-871-3,Un mundo sin fin,Ken Follett,Histórica,18.32,1,45,Masculino,2023-06-26,Tapa dura,Online,Tienda Online,Bizum,5
V000540,978-1-42591-296-3,Frankenstein,Mary Shelley,Terror,13.09,2,43,Femenino,2023-08-01,Tapa dura,Online,Tienda Online,Transferencia,3
V000541,978-1-16175-981-1,Pedro Páramo,Juan Rulfo,Clásico,12.9,1,73,Prefiere no decir,2024-01-12,Tapa dura,Online,Tienda Online,PayPal,2
V000542,978-1-13278-859-4,Cien años de soledad,Gabriel García Márquez,Ficción,18.9,1,65,Prefiere no decir,2024-03-24,Tapa dura,Física,Librería Sevilla Triana,Bizum,4
V000543,978-0-87110-667-3,Charlie y la fábrica de chocolate,Roald Dahl,Infantil,11.9,1,10,Femenino,2025-07-18,Bolsillo,Física,Librería Central Madrid,Tarjeta,5
V000544,978-7-77839-562-1,El principito,Antoine de Saint-Exupéry,Infantil,10.89,2,5,Femenino,2025-05-12,Tapa dura,Online,Tienda Online,PayPal,5
V000545,978-9-44671-926-0,El Hobbit,J.R.R. Tolkien,Fantasía,16.9,1,22,Prefiere no decir,2024-01-01,Tapa dura,Online,Tienda Online,Transferencia,5
V000546,978-1-48469-545-2,Origen,Dan Brown,Thriller,20.89,2,19,Masculino,2023-10-09,Kindle,Online,Tienda Online,Transferencia,
V000547,978-9-78522-423-4,Maus,Art Spiegelman,Cómic,13.52,2,57,Masculino,2025-12-01,Tapa dura,Física,Librería Central Madrid,PayPal,5
V000548,978-2-92240-263-6,La casa de Bernarda Alba,Federico García Lorca,Teatro,10.4,1,46,Masculino,2025-12-15,Bolsillo,Física,Librería Valencia Centro,Tarjeta,2
V000549,978-1-42591-296-3,Frankenstein,Mary Shelley,Terror,12.5,1,57,Masculino,2024-05-09,Bolsillo,Online,Tienda Online,Tarjeta,2
V000550,978-3-62565-160-2,El día que se perdió la cordura,Javier Castillo,Thriller,17.01,1,64,Prefiere no decir,2025-10-26,Kindle,Online,Tienda Online,Transferencia,1
V000551,978-9-72493-614-8,El chef en casa,Jamie Oliver,Cocina,16.91,1,60,Masculino,2025-01-16,Kindle,Online,Tienda Online,Efectivo,4
V000552,978-1-82357-400-9,Harry Potter y la piedra filosofal,J.K. Rowling,Fantasía Juvenil,13.52,2,17,Masculino,2024-06-03,Bolsillo,Online,Tienda Online,Tarjeta,
V000553,978-1-13278-859-4,Cien años de soledad,Gabriel García Márquez,Ficción,18.9,1,20,Prefiere no decir,2025-08-02,Bolsillo,Online,Tienda Online,Tarjeta,5
V000554,978-5-50306-345-0,Homo Deus,Yuval Noah Harari,Ensayo,23.0,1,24,Prefiere no decir,2023-08-01,Kindle,Online,Tienda Online,PayPal,
V000555,978-3-62923-222-9,El gen egoísta,Richard Dawkins,Ciencia,17.9,1,68,Masculino,2023-02-18,Tapa dura,Online,Tienda Online,Efectivo,5
V000556,978-0-87110-667-3,Charlie y la fábrica de chocolate,Roald Dahl,Infantil,11.9,1,9,Femenino,2025-06-17,Kindle,Online,Tienda Online,Efectivo,4
V000557,978-6-22676-467-5,Choque de Reyes,George R.R. Martin,Fantasía,15.92,3,21,No binario,2024-06-14,Bolsillo,Online,Tienda Online,Transferencia,4
V000558,978-7-77839-562-1,El principito,Antoine de Saint-Exupéry,Infantil,8.91,1,7,Masculino,2024-03-17,Bolsillo,Online,Tienda Online,Tarjeta,4
V000559,978-4-99593-763-1,Crimen y castigo,Fiódor Dostoyevski,Clásico,12.9,1,49,Masculino,2024-04-26,Tapa dura,Online,Tienda Online,PayPal,4
V000560,978-3-39256-242-1,El amor en los tiempos del cólera,Gabriel García Márquez,Ficción,14.88,1,32,Masculino,2023-10-23,Tapa dura,Online,Tienda Online,Bizum,4
V000561,978-9-38864-107-1,James y el melocotón gigante,Roald Dahl,Infantil,10.9,4,7,Femenino,2023-06-11,Bolsillo,Online,Tienda Online,Efectivo,5
V000562,978-9-78522-423-4,Maus,Art Spiegelman,Cómic,14.36,3,47,No binario,2023-05-30,Kindle,Online,Tienda Online,Efectivo,5
V000563,978-0-22224-871-3,Un mundo sin fin,Ken Follett,Histórica,22.9,2,54,No binario,2025-02-27,Tapa dura,Online,Tienda Online,Tarjeta,5
V000564,978-8-31643-371-8,Hábitos atómicos,James Clear,Autoayuda,16.06,3,32,Masculino,2024-11-13,Tapa dura,Física,Librería Barcelona Gòtic,PayPal,5
V000565,978-9-65461-316-8,"Padre rico, padre pobre",Robert Kiyosaki,Finanzas,17.75,1,60,Femenino,2025-08-08,Bolsillo,Online,Tienda Online,Tarjeta,3
V000566,978-2-46509-573-3,La peste,Albert Camus,Clásico,13.41,3,18,Masculino,2025-07-09,Tapa dura,Online,Tienda Online,Tarjeta,5
V000567,978-7-17100-789-1,Carrie,Stephen King,Terror,13.41,1,42,Prefiere no decir,2023-01-27,Kindle,Online,Tienda Online,PayPal,5
V000568,978-2-92240-263-6,La casa de Bernarda Alba,Federico García Lorca,Teatro,8.42,1,54,No binario,2023-12-21,Bolsillo,Física,Librería Barcelona Gòtic,Transferencia,5
V000569,978-7-77839-562-1,El principito,Antoine de Saint-Exupéry,Infantil,8.91,1,5,Masculino,2024-10-12,Bolsillo,Física,Librería Sevilla Triana,Bizum,4
V000570,978-0-40007-169-0,El Principito ilustrado,Antoine de Saint-Exupéry,Infantil,17.49,2,10,Prefiere no decir,2024-05-20,Bolsillo,Física,Librería Sevilla Triana,Bizum,4
V000571,978-6-45093-167-3,Paula,Isabel Allende,Biografía,12.72,1,74,Prefiere no decir,2023-08-11,Bolsillo,Física,Librería Valencia Centro,Tarjeta,
V000572,978-7-80284-227-6,El Señor de los Anillos,J.R.R. Tolkien,Fantasía,23.92,1,47,Femenino,2024-01-17,Tapa dura,Física,Librería Sevilla Triana,Tarjeta,
V000573,978-0-87110-667-3,Charlie y la fábrica de chocolate,Roald Dahl,Infantil,10.71,2,9,No binario,2024-01-04,Bolsillo,Online,Tienda Online,PayPal,5
V000574,978-4-93886-804-8,Guerra y paz,León Tolstói,Clásico,24.9,2,26,Masculino,2023-09-04,Kindle,Online,Tienda Online,PayPal,4
V000575,978-9-51245-317-7,La sombra del viento,Carlos Ruiz Zafón,Ficción,18.5,3,39,Masculino,2023-03-15,Kindle,Online,Tienda Online,Bizum,1
V000576,978-7-17100-789-1,Carrie,Stephen King,Terror,14.9,1,55,Prefiere no decir,2023-12-13,Bolsillo,Online,Tienda Online,Transferencia,5
V000577,978-9-71348-641-4,Veinte poemas de amor,Pablo Neruda,Poesía,9.9,2,62,Prefiere no decir,2024-05-20,Tapa dura,Online,Tienda Online,Efectivo,5
V000578,978-6-38893-559-9,Dune,Frank Herbert,Ciencia Ficción,19.46,1,72,Femenino,2023-08-15,Tapa dura,Online,Tienda Online,PayPal,5
V000579,978-3-31417-573-6,Ana Karenina,León Tolstói,Clásico,18.59,1,16,Masculino,2024-02-15,Kindle,Online,Tienda Online,Tarjeta,5
V000580,978-4-99593-763-1,Crimen y castigo,Fiódor Dostoyevski,Clásico,12.9,2,59,Masculino,2024-12-16,Kindle,Online,Tienda Online,Transferencia,2
V000581,978-6-10282-499-4,Patria,Fernando Aramburu,Ficción,17.91,1,25,Prefiere no decir,2024-10-10,Bolsillo,Física,Librería Gran Vía,Bizum,
V000582,978-7-47388-533-8,Los besos,Manuel Vilas,Ficción,19.84,2,66,Prefiere no decir,2025-06-24,Tapa dura,Física,Librería Gran Vía,Bizum,5
V000583,978-4-93886-804-8,Guerra y paz,León Tolstói,Clásico,24.9,1,58,Prefiere no decir,2025-01-27,Kindle,Online,Tienda Online,Efectivo,5
V000584,978-6-46434-564-5,En llamas,Suzanne Collins,Fantasía Juvenil,11.92,1,13,Prefiere no decir,2024-03-13,Tapa dura,Online,Tienda Online,Bizum,3
V000585,978-2-46509-573-3,La peste,Albert Camus,Clásico,14.9,1,69,No binario,2023-10-11,Tapa dura,Física,Librería Barcelona Gòtic,Efectivo,5
V000586,978-8-79514-100-9,La chica en la telaraña,David Lagercrantz,Thriller,18.79,1,20,Femenino,2024-06-06,Kindle,Online,Tienda Online,PayPal,5
V000587,978-4-10851-877-2,El nombre del viento,Patrick Rothfuss,Fantasía,21.9,1,45,No binario,2023-11-24,Bolsillo,Online,Tienda Online,PayPal,5
V000588,978-2-92240-263-6,La casa de Bernarda Alba,Federico García Lorca,Teatro,8.91,1,45,No binario,2023-03-06,Kindle,Online,Tienda Online,Efectivo,4
V000589,978-1-40512-987-1,Los juegos del hambre,Suzanne Collins,Fantasía Juvenil,14.9,3,13,Masculino,2023-04-06,Kindle,Online,Tienda Online,Efectivo,4
V000590,978-3-97782-833-5,V de Vendetta,Alan Moore,Cómic,20.79,1,59,Femenino,2024-12-23,Kindle,Online,Tienda Online,Transferencia,3
V000591,978-2-17455-620-1,Cosmos,Carl Sagan,Ciencia,18.9,1,36,Prefiere no decir,2025-08-18,Tapa dura,Online,Tienda Online,Tarjeta,2
V000592,978-6-54597-384-2,El temor de un hombre sabio,Patrick Rothfuss,Fantasía,24.9,1,21,Prefiere no decir,2023-11-30,Kindle,Online,Tienda Online,Efectivo,5
V000593,978-9-65461-316-8,"Padre rico, padre pobre",Robert Kiyosaki,Finanzas,13.52,1,36,Prefiere no decir,2024-07-10,Tapa dura,Física,Librería Gran Vía,Transferencia,3
V000594,978-3-17665-693-8,La familia de Pascual Duarte,Camilo José Cela,Clásico,12.9,1,19,Prefiere no decir,2025-01-09,Tapa dura,Física,Librería Central Madrid,PayPal,4
V000595,978-4-28301-352-8,El prisionero del cielo,Carlos Ruiz Zafón,Ficción,18.79,1,44,Prefiere no decir,2024-08-31,Kindle,Online,Tienda Online,PayPal,2
V000596,978-2-18981-709-1,Una breve historia del tiempo,Stephen Hawking,Ciencia,16.9,1,56,Femenino,2024-05-18,Tapa dura,Online,Tienda Online,Efectivo,4
V000597,978-3-97782-833-5,V de Vendetta,Alan Moore,Cómic,20.79,1,64,Prefiere no decir,2023-08-19,Tapa dura,Física,Librería Barcelona Gòtic,Efectivo,5
V000598,978-8-33416-619-1,La chica del tren,Paula Hawkins,Thriller,12.72,4,21,Prefiere no decir,2025-11-02,Bolsillo,Física,Librería Central Madrid,Transferencia,2
V000599,978-6-46434-564-5,En llamas,Suzanne Collins,Fantasía Juvenil,16.39,1,10,Femenino,2023-04-28,Kindle,Online,Tienda Online,Bizum,
V000600,978-3-85880-708-0,Persépolis,Marjane Satrapi,Cómic,16.7,1,58,Prefiere no decir,2025-12-12,Bolsillo,Física,Librería Central Madrid,PayPal,5
V000601,978-3-31417-573-6,Ana Karenina,León Tolstói,Clásico,16.9,1,52,No binario,2023-09-11,Bolsillo,Online,Tienda Online,Transferencia,5
V000602,978-3-76237-716-0,Fahrenheit 451,Ray Bradbury,Ciencia Ficción,11.81,1,36,Femenino,2025-11-13,Tapa dura,Física,Librería Gran Vía,Bizum,2
V000603,978-6-86484-508-5,Ficciones,Jorge Luis Borges,Clásico,12.66,1,53,Femenino,2023-05-15,Kindle,Online,Tienda Online,Efectivo,4
V000604,978-7-19071-878-8,El poder del ahora,Eckhart Tolle,Autoayuda,14.9,2,43,No binario,2023-10-22,Tapa dura,Online,Tienda Online,Transferencia,
V000605,978-0-40007-169-0,El Principito ilustrado,Antoine de Saint-Exupéry,Infantil,14.31,1,11,Femenino,2024-05-21,Tapa dura,Física,Librería Valencia Centro,PayPal,5
V000606,978-7-10425-839-4,El paciente silencioso,Alex Michaelides,Thriller,19.69,3,29,Prefiere no decir,2023-07-14,Tapa dura,Online,Tienda Online,Tarjeta,4
V000607,978-2-58520-463-3,Sinsajo,Suzanne Collins,Fantasía Juvenil,14.9,1,21,Prefiere no decir,2023-04-09,Kindle,Online,Tienda Online,Tarjeta,2
V000608,978-3-54118-204-1,Juego de Tronos,George R.R. Martin,Fantasía,19.9,1,26,No binario,2024-04-12,Bolsillo,Física,Librería Barcelona Gòtic,Transferencia,4
V000609,978-0-62772-845-5,Drácula,Bram Stoker,Terror,10.96,1,42,No binario,2023-03-10,Kindle,Online,Tienda Online,PayPal,4
V000610,978-2-46509-573-3,La peste,Albert Camus,Clásico,12.66,2,47,Femenino,2024-05-02,Bolsillo,Física,Librería Barcelona Gòtic,PayPal,5
V000611,978-8-44438-864-9,Rayuela,Julio Cortázar,Clásico,15.21,2,41,No binario,2025-08-30,Bolsillo,Física,Librería Central Madrid,Efectivo,5
V000612,978-7-47388-533-8,Los besos,Manuel Vilas,Ficción,15.12,2,71,Masculino,2023-02-12,Tapa dura,Online,Tienda Online,Bizum,5
V000613,978-9-72493-614-8,El chef en casa,Jamie Oliver,Cocina,19.9,1,40,Femenino,2023-08-01,Tapa dura,Online,Tienda Online,Tarjeta,
V000614,978-1-68082-927-8,Náuseas,Jean-Paul Sartre,Clásico,13.9,2,48,Masculino,2023-11-12,Tapa dura,Física,Librería Sevilla Triana,PayPal,5
V000615,978-6-45093-167-3,Paula,Isabel Allende,Biografía,15.9,1,20,Femenino,2023-11-10,Bolsillo,Online,Tienda Online,Tarjeta,3
V000616,978-3-50857-508-5,Piense y hágase rico,Napoleon Hill,Finanzas,14.6,1,63,No binario,2025-01-15,Kindle,Online,Tienda Online,PayPal,
V000617,978-6-10282-499-4,Patria,Fernando Aramburu,Ficción,19.9,2,68,Prefiere no decir,2024-03-31,Bolsillo,Online,Tienda Online,Transferencia,2
V000618,978-8-44973-887-5,Ángeles y demonios,Dan Brown,Thriller,17.75,1,59,Masculino,2025-08-28,Bolsillo,Online,Tienda Online,Tarjeta,2
V000619,978-1-40512-987-1,Los juegos del hambre,Suzanne Collins,Fantasía Juvenil,13.41,1,21,Femenino,2025-07-29,Bolsillo,Física,Librería Central Madrid,Tarjeta,2
V000620,978-1-16175-981-1,Pedro Páramo,Juan Rulfo,Clásico,14.19,1,70,No binario,2024-02-12,Kindle,Online,Tienda Online,Tarjeta,5
V000621,978-4-99593-763-1,Crimen y castigo,Fiódor Dostoyevski,Clásico,12.9,1,75,Femenino,2025-05-08,Tapa dura,Online,Tienda Online,PayPal,2
V000622,978-4-93886-804-8,Guerra y paz,León Tolstói,Clásico,19.92,1,70,No binario,2024-07-03,Tapa dura,Física,Librería Valencia Centro,Bizum,3
V000623,978-4-93886-804-8,Guerra y paz,León Tolstói,Clásico,24.9,2,16,Masculino,2023-01-24,Tapa dura,Física,Librería Sevilla Triana,Transferencia,5
V000624,978-3-28131-621-7,El Aleph,Jorge Luis Borges,Clásico,13.9,1,30,Femenino,2023-04-19,Kindle,Online,Tienda Online,Efectivo,3
V000625,978-3-84364-180-1,21 lecciones para el siglo XXI,Yuval Noah Harari,Ensayo,17.91,1,50,Prefiere no decir,2023-11-12,Kindle,Online,Tienda Online,Efectivo,5
V000626,978-2-58520-463-3,Sinsajo,Suzanne Collins,Fantasía Juvenil,16.39,1,20,Prefiere no decir,2023-11-18,Bolsillo,Física,Librería Central Madrid,PayPal,3
V000627,978-8-27342-840-9,Stardust,Neil Gaiman,Fantasía,15.9,1,66,Masculino,2025-03-15,Tapa dura,Online,Tienda Online,PayPal,5
V000628,978-9-51245-317-7,La sombra del viento,Carlos Ruiz Zafón,Ficción,16.65,1,69,Prefiere no decir,2023-06-23,Kindle,Online,Tienda Online,Bizum,4
V000629,978-9-71348-641-4,Veinte poemas de amor,Pablo Neruda,Poesía,10.4,2,37,No binario,2025-07-16,Kindle,Online,Tienda Online,Transferencia,5
V000630,978-7-30289-294-4,Nada,Carmen Laforet,Clásico,11.81,1,24,Prefiere no decir,2025-10-23,Bolsillo,Online,Tienda Online,Transferencia,4
V000631,978-8-36062-833-8,Crónicas marcianas,Ray Bradbury,Ciencia Ficción,16.72,1,62,No binario,2025-07-23,Tapa dura,Online,Tienda Online,Bizum,
V000632,978-9-78522-423-4,Maus,Art Spiegelman,Cómic,16.9,1,56,Femenino,2023-03-22,Bolsillo,Online,Tienda Online,Transferencia,3
V000633,978-6-34957-196-1,El resplandor,Stephen King,Terror,16.06,1,42,Masculino,2024-02-04,Bolsillo,Online,Tienda Online,Transferencia,5
V000634,978-9-78522-423-4,Maus,Art Spiegelman,Cómic,15.21,1,65,Masculino,2024-10-13,Tapa dura,Online,Tienda Online,Efectivo,
V000635,978-9-93227-275-8,Los hermanos Karamázov,Fiódor Dostoyevski,Clásico,20.79,1,20,Femenino,2024-08-26,Tapa dura,Online,Tienda Online,Tarjeta,3
V000636,978-3-50857-508-5,Piense y hágase rico,Napoleon Hill,Finanzas,12.51,1,56,No binario,2024-10-04,Bolsillo,Online,Tienda Online,Efectivo,
V000637,978-3-39256-242-1,El amor en los tiempos del cólera,Gabriel García Márquez,Ficción,17.5,1,42,Prefiere no decir,2025-03-15,Bolsillo,Física,Librería Central Madrid,Transferencia,5
V000638,978-1-40512-987-1,Los juegos del hambre,Suzanne Collins,Fantasía Juvenil,11.92,1,13,Prefiere no decir,2025-05-12,Kindle,Online,Tienda Online,Bizum,4
V000639,978-3-30032-482-2,Los hombres que no amaban a las mujeres,Stieg Larsson,Thriller,14.32,1,16,Masculino,2023-11-26,Bolsillo,Física,Librería Central Madrid,Bizum,4
V000640,978-2-17455-620-1,Cosmos,Carl Sagan,Ciencia,16.06,1,72,Femenino,2025-02-02,Kindle,Online,Tienda Online,Bizum,4
V000641,978-8-21395-704-6,1984,George Orwell,Ciencia Ficción,13.41,1,56,No binario,2023-01-25,Tapa dura,Online,Tienda Online,Efectivo,4
V000642,978-3-62565-160-2,El día que se perdió la cordura,Javier Castillo,Thriller,15.12,2,50,Masculino,2023-12-21,Kindle,Online,Tienda Online,Transferencia,3
V000643,978-2-92240-263-6,La casa de Bernarda Alba,Federico García Lorca,Teatro,9.9,1,40,Prefiere no decir,2025-01-18,Bolsillo,Física,Librería Central Madrid,Transferencia,
V000644,978-7-17100-789-1,Carrie,Stephen King,Terror,12.66,1,66,Masculino,2024-01-15,Tapa dura,Online,Tienda Online,Efectivo,3
V000645,978-3-30032-482-2,Los hombres que no amaban a las mujeres,Stieg Larsson,Thriller,17.9,1,24,Femenino,2023-03-22,Tapa dura,Física,Librería Barcelona Gòtic,Efectivo,5
V000646,978-4-28301-352-8,El prisionero del cielo,Carlos Ruiz Zafón,Ficción,16.11,1,72,Masculino,2025-06-20,Bolsillo,Online,Tienda Online,Tarjeta,
V000647,978-4-93886-804-8,Guerra y paz,León Tolstói,Clásico,19.92,1,59,Femenino,2024-03-15,Tapa dura,Física,Librería Gran Vía,PayPal,4
V000648,978-9-65461-316-8,"Padre rico, padre pobre",Robert Kiyosaki,Finanzas,18.59,1,61,Prefiere no decir,2023-09-19,Tapa dura,Online,Tienda Online,Transferencia,
V000649,978-9-38864-107-1,James y el melocotón gigante,Roald Dahl,Infantil,10.9,2,10,No binario,2025-07-11,Kindle,Online,Tienda Online,PayPal,5
V000650,978-9-93227-275-8,Los hermanos Karamázov,Fiódor Dostoyevski,Clásico,19.84,1,24,Femenino,2023-02-24,Bolsillo,Física,Librería Sevilla Triana,Efectivo,5
V000651,978-6-94259-569-2,El juego del ángel,Carlos Ruiz Zafón,Ficción,18.5,1,43,Femenino,2025-10-01,Bolsillo,Online,Tienda Online,Efectivo,5
V000652,978-6-10282-499-4,Patria,Fernando Aramburu,Ficción,20.89,1,61,Prefiere no decir,2024-08-15,Tapa dura,Online,Tienda Online,PayPal,
V000653,978-1-82357-400-9,Harry Potter y la piedra filosofal,J.K. Rowling,Fantasía Juvenil,16.7,3,20,No binario,2025-10-29,Kindle,Online,Tienda Online,Transferencia,5
V000654,978-5-50306-345-0,Homo Deus,Yuval Noah Harari,Ensayo,18.61,2,52,Masculino,2023-02-05,Kindle,Online,Tienda Online,PayPal,5
V000655,978-3-62565-160-2,El día que se perdió la cordura,Javier Castillo,Thriller,18.9,1,24,Masculino,2023-10-15,Kindle,Online,Tienda Online,Tarjeta,4
V000656,978-5-74042-119-1,Sapiens,Yuval Noah Harari,Ensayo,23.0,1,48,Femenino,2023-12-24,Kindle,Online,Tienda Online,Transferencia,5
V000657,978-8-44973-887-5,Ángeles y demonios,Dan Brown,Thriller,14.36,1,35,Prefiere no decir,2023-02-07,Bolsillo,Física,Librería Valencia Centro,Transferencia,
V000658,978-6-45093-167-3,Paula,Isabel Allende,Biografía,17.49,1,54,Masculino,2025-08-18,Tapa dura,Física,Librería Central Madrid,Bizum,1
V000659,978-8-31643-371-8,Hábitos atómicos,James Clear,Autoayuda,19.84,2,61,Femenino,2025-11-27,Kindle,Online,Tienda Online,Efectivo,4
V000660,978-2-17455-620-1,Cosmos,Carl Sagan,Ciencia,15.12,2,29,No binario,2023-04-11,Kindle,Online,Tienda Online,Bizum,4
V000661,978-1-16175-981-1,Pedro Páramo,Juan Rulfo,Clásico,14.19,1,51,Prefiere no decir,2025-11-18,Kindle,Online,Tienda Online,Bizum,2
V000662,978-1-40512-987-1,Los juegos del hambre,Suzanne Collins,Fantasía Juvenil,14.9,3,16,Masculino,2025-06-07,Kindle,Online,Tienda Online,PayPal,4
V000663,978-7-17100-789-1,Carrie,Stephen King,Terror,12.66,1,22,Masculino,2023-11-23,Tapa dura,Física,Librería Gran Vía,Transferencia,2
V000664,978-9-20745-529-9,Watchmen,Alan Moore,Cómic,17.52,1,16,Prefiere no decir,2024-03-11,Bolsillo,Online,Tienda Online,PayPal,4
V000665,978-6-94259-569-2,El juego del ángel,Carlos Ruiz Zafón,Ficción,14.8,1,62,Masculino,2025-09-15,Kindle,Online,Tienda Online,Tarjeta,5
V000666,978-8-11504-796-1,El código Da Vinci,Dan Brown,Thriller,16.9,2,48,Masculino,2024-09-15,Kindle,Online,Tienda Online,Tarjeta,4
V000667,978-4-93748-619-9,Perdida,Gillian Flynn,Thriller,17.32,1,17,Masculino,2025-02-04,Bolsillo,Física,Librería Gran Vía,Efectivo,
V000668,978-2-58520-463-3,Sinsajo,Suzanne Collins,Fantasía Juvenil,11.92,1,21,Masculino,2023-06-15,Bolsillo,Física,Librería Gran Vía,PayPal,1
V000669,978-0-51104-158-0,Manual de cocina fácil,Karlos Arguiñano,Cocina,17.9,1,30,Femenino,2024-06-25,Bolsillo,Online,Tienda Online,Tarjeta,4
V000670,978-6-56438-533-6,Misery,Stephen King,Terror,14.36,2,52,Femenino,2025-05-30,Kindle,Online,Tienda Online,Bizum,3
V000671,978-1-82357-400-9,Harry Potter y la piedra filosofal,J.K. Rowling,Fantasía Juvenil,12.72,4,22,Prefiere no decir,2023-11-13,Kindle,Online,Tienda Online,Efectivo,5
V000672,978-2-26828-775-7,Los cuatro acuerdos,Miguel Ruiz,Autoayuda,12.9,2,39,Femenino,2024-11-23,Kindle,Online,Tienda Online,Transferencia,5
V000673,978-5-74042-119-1,Sapiens,Yuval Noah Harari,Ensayo,24.09,1,60,Prefiere no decir,2023-02-12,Tapa dura,Física,Librería Valencia Centro,PayPal,5
V000674,978-6-54597-384-2,El temor de un hombre sabio,Patrick Rothfuss,Fantasía,24.9,1,61,Masculino,2023-03-23,Bolsillo,Online,Tienda Online,Bizum,
V000675,978-1-82357-400-9,Harry Potter y la piedra filosofal,J.K. Rowling,Fantasía Juvenil,12.72,2,15,Masculino,2023-08-08,Tapa dura,Online,Tienda Online,Transferencia,5
V000676,978-4-97684-597-3,American Gods,Neil Gaiman,Fantasía,15.92,1,60,Femenino,2023-01-25,Kindle,Online,Tienda Online,Tarjeta,5
V000677,978-2-58520-463-3,Sinsajo,Suzanne Collins,Fantasía Juvenil,15.65,1,10,No binario,2024-08-03,Tapa dura,Física,Librería Valencia Centro,Tarjeta,4
V000678,978-6-46434-564-5,En llamas,Suzanne Collins,Fantasía Juvenil,14.9,1,19,Femenino,2025-12-22,Tapa dura,Física,Librería Gran Vía,PayPal,5
V000679,978-0-40007-169-0,El Principito ilustrado,Antoine de Saint-Exupéry,Infantil,13.52,1,11,Prefiere no decir,2025-06-13,Kindle,Online,Tienda Online,Transferencia,4
V000680,978-1-48469-545-2,Origen,Dan Brown,Thriller,21.89,1,63,Masculino,2025-02-16,Kindle,Online,Tienda Online,PayPal,5
V000681,978-6-22676-467-5,Choque de Reyes,George R.R. Martin,Fantasía,19.9,3,72,Prefiere no decir,2024-10-22,Bolsillo,Online,Tienda Online,Efectivo,5
V000682,978-9-65461-316-8,"Padre rico, padre pobre",Robert Kiyosaki,Finanzas,13.52,2,31,Prefiere no decir,2023-06-17,Bolsillo,Online,Tienda Online,Tarjeta,5
V000683,978-8-79514-100-9,La chica en la telaraña,David Lagercrantz,Thriller,17.9,1,18,No binario,2025-03-05,Tapa dura,Online,Tienda Online,Bizum,5
V000684,978-3-62565-160-2,El día que se perdió la cordura,Javier Castillo,Thriller,15.12,1,71,Femenino,2023-01-22,Tapa dura,Online,Tienda Online,Tarjeta,3
V000685,978-9-65461-316-8,"Padre rico, padre pobre",Robert Kiyosaki,Finanzas,13.52,1,66,No binario,2025-01-18,Kindle,Online,Tienda Online,Transferencia,2
V000686,978-6-86484-508-5,Ficciones,Jorge Luis Borges,Clásico,14.9,1,57,No binario,2024-07-30,Kindle,Online,Tienda Online,Tarjeta,
V000687,978-0-51104-158-0,Manual de cocina fácil,Karlos Arguiñano,Cocina,17.9,1,52,Prefiere no decir,2025-06-10,Bolsillo,Online,Tienda Online,Efectivo,4
V000688,978-9-93227-275-8,Los hermanos Karamázov,Fiódor Dostoyevski,Clásico,18.9,1,68,Prefiere no decir,2024-01-20,Tapa dura,Online,Tienda Online,Efectivo,5
V000689,978-6-56438-533-6,Misery,Stephen King,Terror,15.21,1,40,Masculino,2025-02-14,Bolsillo,Física,Librería Central Madrid,Bizum,
V000690,978-9-51245-317-7,La sombra del viento,Carlos Ruiz Zafón,Ficción,18.5,1,21,Masculino,2024-02-23,Tapa dura,Online,Tienda Online,Bizum,5
V000691,978-3-39256-242-1,El amor en los tiempos del cólera,Gabriel García Márquez,Ficción,17.5,2,45,No binario,2024-01-31,Bolsillo,Online,Tienda Online,Tarjeta,5
V000692,978-9-20745-529-9,Watchmen,Alan Moore,Cómic,17.52,2,61,Masculino,2024-07-28,Bolsillo,Física,Librería Central Madrid,Efectivo,5
V000693,978-3-39451-165-5,Matilda,Roald Dahl,Infantil,11.9,1,6,Masculino,2024-03-09,Tapa dura,Online,Tienda Online,Bizum,5
V000694,978-3-39256-242-1,El amor en los tiempos del cólera,Gabriel García Márquez,Ficción,17.5,4,58,Femenino,2023-08-29,Kindle,Online,Tienda Online,Bizum,5
V000695,978-1-82357-400-9,Harry Potter y la piedra filosofal,J.K. Rowling,Fantasía Juvenil,15.9,2,20,Femenino,2023-03-26,Bolsillo,Física,Librería Gran Vía,Efectivo,
V000696,978-3-97782-833-5,V de Vendetta,Alan Moore,Cómic,17.01,1,23,Masculino,2025-06-08,Bolsillo,Online,Tienda Online,PayPal,4
V000697,978-3-62565-160-2,El día que se perdió la cordura,Javier Castillo,Thriller,19.84,1,45,Femenino,2025-12-30,Kindle,Online,Tienda Online,Bizum,5
V000698,978-1-40512-987-1,Los juegos del hambre,Suzanne Collins,Fantasía Juvenil,14.9,1,19,No binario,2025-02-25,Tapa dura,Online,Tienda Online,Efectivo,3
V000699,978-7-77839-562-1,El principito,Antoine de Saint-Exupéry,Infantil,7.92,1,10,Prefiere no decir,2023-09-28,Kindle,Online,Tienda Online,Efectivo,4
V000700,978-4-93886-804-8,Guerra y paz,León Tolstói,Clásico,21.16,1,40,Prefiere no decir,2024-09-18,Bolsillo,Online,Tienda Online,Transferencia,4
V000701,978-9-93227-275-8,Los hermanos Karamázov,Fiódor Dostoyevski,Clásico,18.9,4,68,Masculino,2025-03-22,Tapa dura,Online,Tienda Online,Tarjeta,5
V000702,978-4-10851-877-2,El nombre del viento,Patrick Rothfuss,Fantasía,21.9,1,32,Masculino,2025-11-24,Kindle,Online,Tienda Online,Transferencia,5
V000703,978-7-80284-227-6,El Señor de los Anillos,J.R.R. Tolkien,Fantasía,29.9,1,39,Masculino,2024-01-26,Kindle,Online,Tienda Online,PayPal,4
V000704,978-9-78522-423-4,Maus,Art Spiegelman,Cómic,16.9,1,59,No binario,2023-04-19,Kindle,Online,Tienda Online,Tarjeta,5
V000705,978-7-80284-227-6,El Señor de los Anillos,J.R.R. Tolkien,Fantasía,31.39,1,27,No binario,2025-10-03,Bolsillo,Online,Tienda Online,Tarjeta,5
V000706,978-3-85880-708-0,Persépolis,Marjane Satrapi,Cómic,15.9,1,34,Femenino,2023-03-14,Kindle,Online,Tienda Online,Bizum,
V000707,978-3-84364-180-1,21 lecciones para el siglo XXI,Yuval Noah Harari,Ensayo,15.92,1,17,Masculino,2024-07-31,Tapa dura,Online,Tienda Online,Efectivo,5
V000708,978-9-18326-494-6,Romancero gitano,Federico García Lorca,Poesía,10.9,2,65,Prefiere no decir,2023-12-11,Tapa dura,Online,Tienda Online,PayPal,5
V000709,978-1-16175-981-1,Pedro Páramo,Juan Rulfo,Clásico,10.96,2,52,No binario,2025-03-26,Kindle,Online,Tienda Online,Tarjeta,4
V000710,978-2-63269-597-7,La chica de nieve,Javier Castillo,Thriller,18.9,1,52,Masculino,2024-06-13,Bolsillo,Online,Tienda Online,Bizum,1
V000711,978-2-26828-775-7,Los cuatro acuerdos,Miguel Ruiz,Autoayuda,10.96,2,39,Femenino,2024-10-06,Bolsillo,Física,Librería Gran Vía,Bizum,5
V000712,978-2-63269-597-7,La chica de nieve,Javier Castillo,Thriller,18.9,1,35,Prefiere no decir,2024-08-13,Tapa dura,Online,Tienda Online,Bizum,4
V000713,978-6-86484-508-5,Ficciones,Jorge Luis Borges,Clásico,14.9,1,31,Femenino,2025-06-08,Tapa dura,Física,Librería Central Madrid,PayPal,5
V000714,978-1-16175-981-1,Pedro Páramo,Juan Rulfo,Clásico,10.32,1,33,Prefiere no decir,2023-06-11,Bolsillo,Online,Tienda Online,Transferencia,5
V000715,978-7-30289-294-4,Nada,Carmen Laforet,Clásico,11.12,1,57,Femenino,2024-04-17,Kindle,Online,Tienda Online,Tarjeta,4
V000716,978-0-96673-333-4,Harry Potter y el prisionero de Azkaban,J.K. Rowling,Fantasía Juvenil,15.21,2,15,Prefiere no decir,2025-07-29,Bolsillo,Física,Librería Central Madrid,Transferencia,5
V000717,978-5-50306-345-0,Homo Deus,Yuval Noah Harari,Ensayo,21.9,1,30,Prefiere no decir,2024-04-19,Tapa dura,Online,Tienda Online,Tarjeta,5
V000718,978-3-17665-693-8,La familia de Pascual Duarte,Camilo José Cela,Clásico,10.96,1,44,Femenino,2025-08-17,Kindle,Online,Tienda Online,PayPal,4
V000719,978-3-62923-222-9,El gen egoísta,Richard Dawkins,Ciencia,17.9,1,39,No binario,2025-11-18,Tapa dura,Online,Tienda Online,Transferencia,4
V000720,978-8-31643-371-8,Hábitos atómicos,James Clear,Autoayuda,16.06,1,56,Prefiere no decir,2023-11-17,Bolsillo,Física,Librería Barcelona Gòtic,Tarjeta,5
V000721,978-3-84364-180-1,21 lecciones para el siglo XXI,Yuval Noah Harari,Ensayo,15.92,1,67,No binario,2024-11-21,Tapa dura,Online,Tienda Online,Transferencia,3
V000722,978-1-42591-296-3,Frankenstein,Mary Shelley,Terror,12.5,1,54,Prefiere no decir,2025-03-08,Tapa dura,Online,Tienda Online,Bizum,2
V000723,978-8-68800-243-6,El extranjero,Albert Camus,Clásico,11.61,1,22,No binario,2025-11-23,Bolsillo,Física,Librería Barcelona Gòtic,Bizum,5
V000724,978-4-93748-619-9,Perdida,Gillian Flynn,Thriller,14.03,3,28,Femenino,2025-04-28,Bolsillo,Online,Tienda Online,Bizum,5
V000725,978-9-93227-275-8,Los hermanos Karamázov,Fiódor Dostoyevski,Clásico,18.9,1,45,Femenino,2025-10-12,Tapa dura,Online,Tienda Online,Efectivo,4
V000726,978-9-44671-926-0,El Hobbit,J.R.R. Tolkien,Fantasía,18.59,1,55,Masculino,2023-05-30,Kindle,Online,Tienda Online,PayPal,5
V000727,978-9-78522-423-4,Maus,Art Spiegelman,Cómic,13.52,2,39,Masculino,2024-10-05,Tapa dura,Online,Tienda Online,Tarjeta,4
V000728,978-6-56438-533-6,Misery,Stephen King,Terror,13.52,3,60,Femenino,2024-10-10,Bolsillo,Online,Tienda Online,Efectivo,5
V000729,978-2-58520-463-3,Sinsajo,Suzanne Collins,Fantasía Juvenil,11.92,1,11,Prefiere no decir,2025-08-05,Bolsillo,Física,Librería Barcelona Gòtic,Tarjeta,5
V000730,978-8-44438-864-9,Rayuela,Julio Cortázar,Clásico,16.9,1,57,Prefiere no decir,2025-08-23,Tapa dura,Física,Librería Barcelona Gòtic,Tarjeta,4
V000731,978-3-99733-432-0,Don Quijote de la Mancha,Miguel de Cervantes,Clásico,20.89,3,44,Femenino,2025-11-09,Bolsillo,Online,Tienda Online,Bizum,
V000732,978-7-77839-562-1,El principito,Antoine de Saint-Exupéry,Infantil,8.42,1,6,Prefiere no decir,2025-10-11,Bolsillo,Física,Librería Gran Vía,Tarjeta,4
V000733,978-6-54597-384-2,El temor de un hombre sabio,Patrick Rothfuss,Fantasía,24.9,2,67,Masculino,2024-12-08,Tapa dura,Física,Librería Valencia Centro,Tarjeta,4
V000734,978-2-26828-775-7,Los cuatro acuerdos,Miguel Ruiz,Autoayuda,10.96,1,34,Prefiere no decir,2024-08-04,Bolsillo,Física,Librería Central Madrid,Efectivo,5
V000735,978-6-10282-499-4,Patria,Fernando Aramburu,Ficción,15.92,2,23,Prefiere no decir,2023-05-17,Bolsillo,Física,Librería Gran Vía,Transferencia,5
V000736,978-2-26828-775-7,Los cuatro acuerdos,Miguel Ruiz,Autoayuda,10.32,3,47,Femenino,2023-07-05,Tapa dura,Online,Tienda Online,Transferencia,5
V000737,978-9-51245-317-7,La sombra del viento,Carlos Ruiz Zafón,Ficción,18.5,1,22,Femenino,2025-09-17,Kindle,Online,Tienda Online,PayPal,5
V000738,978-6-10282-499-4,Patria,Fernando Aramburu,Ficción,19.9,1,69,Femenino,2025-06-30,Bolsillo,Online,Tienda Online,PayPal,5
V000739,978-3-30032-482-2,Los hombres que no amaban a las mujeres,Stieg Larsson,Thriller,18.79,4,36,Prefiere no decir,2023-03-15,Bolsillo,Online,Tienda Online,PayPal,5
V000740,978-0-22224-871-3,Un mundo sin fin,Ken Follett,Histórica,19.46,1,24,Femenino,2025-05-16,Tapa dura,Física,Librería Sevilla Triana,Tarjeta,4
V000741,978-5-74042-119-1,Sapiens,Yuval Noah Harari,Ensayo,24.09,1,25,Prefiere no decir,2025-10-18,Tapa dura,Física,Librería Valencia Centro,PayPal,5
V000742,978-3-30032-482-2,Los hombres que no amaban a las mujeres,Stieg Larsson,Thriller,14.32,1,51,Masculino,2023-01-24,Bolsillo,Física,Librería Barcelona Gòtic,Tarjeta,5
V000743,978-3-76237-716-0,Fahrenheit 451,Ray Bradbury,Ciencia Ficción,12.51,1,43,Femenino,2025-11-03,Bolsillo,Física,Librería Barcelona Gòtic,Tarjeta,4
V000744,978-9-71953-348-7,It,Stephen King,Terror,22.9,1,63,Masculino,2025-01-26,Kindle,Online,Tienda Online,Bizum,4
V000745,978-0-62772-845-5,Drácula,Bram Stoker,Terror,14.19,1,24,Femenino,2024-02-28,Tapa dura,Física,Librería Barcelona Gòtic,Tarjeta,4
V000746,978-3-62565-160-2,El día que se perdió la cordura,Javier Castillo,Thriller,17.01,1,58,No binario,2025-11-29,Bolsillo,Física,Librería Central Madrid,Bizum,4
V000747,978-3-28131-621-7,El Aleph,Jorge Luis Borges,Clásico,11.81,2,51,No binario,2024-04-05,Kindle,Online,Tienda Online,PayPal,5
V000748,978-8-11504-796-1,El código Da Vinci,Dan Brown,Thriller,14.36,2,19,No binario,2025-04-03,Kindle,Online,Tienda Online,Tarjeta,5
V000749,978-9-18326-494-6,Romancero gitano,Federico García Lorca,Poesía,8.72,1,72,Prefiere no decir,2023-11-19,Kindle,Online,Tienda Online,Transferencia,4
V000750,978-6-86484-508-5,Ficciones,Jorge Luis Borges,Clásico,16.39,1,52,Masculino,2025-01-01,Bolsillo,Física,Librería Central Madrid,Bizum,4
V000751,978-7-30289-294-4,Nada,Carmen Laforet,Clásico,13.9,1,46,No binario,2023-07-06,Kindle,Online,Tienda Online,Transferencia,5
V000752,978-7-10425-839-4,El paciente silencioso,Alex Michaelides,Thriller,14.32,1,25,Femenino,2023-07-15,Bolsillo,Online,Tienda Online,Bizum,3
V000753,978-3-39256-242-1,El amor en los tiempos del cólera,Gabriel García Márquez,Ficción,17.5,1,36,Masculino,2025-11-04,Bolsillo,Online,Tienda Online,Bizum,5
V000754,978-8-21395-704-6,1984,George Orwell,Ciencia Ficción,15.65,1,40,Prefiere no decir,2023-04-01,Tapa dura,Online,Tienda Online,Bizum,5
V000755,978-9-38864-107-1,James y el melocotón gigante,Roald Dahl,Infantil,9.81,4,7,Femenino,2024-01-27,Kindle,Online,Tienda Online,Transferencia,
V000756,978-7-77839-562-1,El principito,Antoine de Saint-Exupéry,Infantil,9.9,3,12,No binario,2023-02-19,Kindle,Online,Tienda Online,PayPal,5
V000757,978-5-19287-626-3,Coraline,Neil Gaiman,Fantasía Juvenil,12.51,1,19,No binario,2025-10-02,Tapa dura,Online,Tienda Online,Tarjeta,5
V000758,978-5-74042-119-1,Sapiens,Yuval Noah Harari,Ensayo,21.9,1,34,Femenino,2024-08-12,Kindle,Online,Tienda Online,Bizum,5
V000759,978-9-72493-614-8,El chef en casa,Jamie Oliver,Cocina,17.91,1,27,No binario,2024-01-10,Tapa dura,Online,Tienda Online,Transferencia,4
V000760,978-3-39256-242-1,El amor en los tiempos del cólera,Gabriel García Márquez,Ficción,14.88,2,45,Femenino,2023-12-07,Tapa dura,Online,Tienda Online,Bizum,5
V000761,978-6-86484-508-5,Ficciones,Jorge Luis Borges,Clásico,14.9,1,46,Masculino,2024-10-22,Tapa dura,Online,Tienda Online,Tarjeta,4
V000762,978-1-48469-545-2,Origen,Dan Brown,Thriller,17.91,2,72,No binario,2025-01-09,Bolsillo,Física,Librería Gran Vía,Transferencia,5
V000763,978-1-13278-859-4,Cien años de soledad,Gabriel García Márquez,Ficción,18.9,1,35,Prefiere no decir,2025-05-18,Bolsillo,Física,Librería Gran Vía,Bizum,4
V000764,978-8-44973-887-5,Ángeles y demonios,Dan Brown,Thriller,13.52,1,63,Prefiere no decir,2023-12-26,Tapa dura,Física,Librería Barcelona Gòtic,Transferencia,4
V000765,978-0-87110-667-3,Charlie y la fábrica de chocolate,Roald Dahl,Infantil,10.12,1,7,Femenino,2024-10-23,Kindle,Online,Tienda Online,Bizum,4
V000766,978-3-62565-160-2,El día que se perdió la cordura,Javier Castillo,Thriller,17.01,3,68,Prefiere no decir,2024-08-25,Bolsillo,Física,Librería Sevilla Triana,Bizum,
V000767,978-3-62565-160-2,El día que se perdió la cordura,Javier Castillo,Thriller,19.84,1,51,Prefiere no decir,2024-04-19,Kindle,Online,Tienda Online,PayPal,5
V000768,978-9-71348-641-4,Veinte poemas de amor,Pablo Neruda,Poesía,8.42,1,28,Femenino,2025-12-01,Kindle,Online,Tienda Online,Tarjeta,4
V000769,978-6-86484-508-5,Ficciones,Jorge Luis Borges,Clásico,14.9,1,36,Femenino,2023-12-08,Tapa dura,Física,Librería Gran Vía,Tarjeta,4
V000770,978-0-13905-195-3,Rebelión en la granja,George Orwell,Ficción,12.5,1,71,Femenino,2023-06-21,Bolsillo,Física,Librería Sevilla Triana,Tarjeta,3
V000771,978-9-72493-614-8,El chef en casa,Jamie Oliver,Cocina,19.9,1,69,Femenino,2023-08-06,Tapa dura,Física,Librería Sevilla Triana,Efectivo,4
V000772,978-6-86484-508-5,Ficciones,Jorge Luis Borges,Clásico,11.92,1,36,Masculino,2023-07-01,Kindle,Online,Tienda Online,PayPal,4
V000773,978-4-99593-763-1,Crimen y castigo,Fiódor Dostoyevski,Clásico,14.19,1,48,Prefiere no decir,2023-09-08,Bolsillo,Online,Tienda Online,PayPal,5
V000774,978-9-72493-614-8,El chef en casa,Jamie Oliver,Cocina,21.89,2,73,Masculino,2023-08-18,Tapa dura,Online,Tienda Online,Tarjeta,5
V000775,978-1-48469-545-2,Origen,Dan Brown,Thriller,20.89,1,53,No binario,2025-04-22,Kindle,Online,Tienda Online,Tarjeta,5
V000776,978-8-11504-796-1,El código Da Vinci,Dan Brown,Thriller,13.52,1,36,Femenino,2023-06-16,Bolsillo,Online,Tienda Online,Efectivo,5
V000777,978-4-28301-352-8,El prisionero del cielo,Carlos Ruiz Zafón,Ficción,18.79,1,70,No binario,2023-07-04,Kindle,Online,Tienda Online,Transferencia,4
V000778,978-6-38893-559-9,Dune,Frank Herbert,Ciencia Ficción,20.61,2,32,Prefiere no decir,2024-09-25,Bolsillo,Física,Librería Central Madrid,Transferencia,5
V000779,978-0-87110-667-3,Charlie y la fábrica de chocolate,Roald Dahl,Infantil,13.09,2,11,No binario,2024-04-07,Tapa dura,Física,Librería Sevilla Triana,Bizum,4
V000780,978-3-50857-508-5,Piense y hágase rico,Napoleon Hill,Finanzas,14.6,1,25,Prefiere no decir,2025-08-27,Kindle,Online,Tienda Online,PayPal,4
V000781,978-0-87110-667-3,Charlie y la fábrica de chocolate,Roald Dahl,Infantil,10.12,2,5,Femenino,2025-02-02,Bolsillo,Online,Tienda Online,Transferencia,4
V000782,978-4-10851-877-2,El nombre del viento,Patrick Rothfuss,Fantasía,19.71,2,54,Femenino,2023-09-03,Tapa dura,Física,Librería Valencia Centro,Transferencia,3
V000783,978-7-77839-562-1,El principito,Antoine de Saint-Exupéry,Infantil,10.89,1,9,No binario,2025-08-27,Bolsillo,Online,Tienda Online,Efectivo,5
V000784,978-9-93227-275-8,Los hermanos Karamázov,Fiódor Dostoyevski,Clásico,15.12,1,53,Prefiere no decir,2023-06-19,Tapa dura,Online,Tienda Online,Tarjeta,4
V000785,978-7-80284-227-6,El Señor de los Anillos,J.R.R. Tolkien,Fantasía,29.9,1,16,Masculino,2023-02-04,Bolsillo,Física,Librería Gran Vía,Tarjeta,5
V000786,978-8-31643-371-8,Hábitos atómicos,James Clear,Autoayuda,15.12,2,27,Prefiere no decir,2025-10-15,Bolsillo,Física,Librería Barcelona Gòtic,Tarjeta,2
V000787,978-3-97782-833-5,V de Vendetta,Alan Moore,Cómic,15.12,2,30,No binario,2023-09-07,Kindle,Online,Tienda Online,Tarjeta,2
V000788,978-7-30289-294-4,Nada,Carmen Laforet,Clásico,12.51,1,74,Femenino,2024-06-17,Bolsillo,Física,Librería Valencia Centro,Efectivo,4
V000789,978-3-85880-708-0,Persépolis,Marjane Satrapi,Cómic,15.9,1,20,Prefiere no decir,2023-07-14,Kindle,Online,Tienda Online,PayPal,5
V000790,978-5-19287-626-3,Coraline,Neil Gaiman,Fantasía Juvenil,11.81,1,22,Prefiere no decir,2023-06-23,Bolsillo,Física,Librería Valencia Centro,Efectivo,4
V000791,978-5-19287-626-3,Coraline,Neil Gaiman,Fantasía Juvenil,11.12,1,11,No binario,2023-04-02,Kindle,Online,Tienda Online,PayPal,5
V000792,978-6-45093-167-3,Paula,Isabel Allende,Biografía,13.52,1,67,Femenino,2024-03-12,Kindle,Online,Tienda Online,Tarjeta,4
V000793,978-0-96673-333-4,Harry Potter y el prisionero de Azkaban,J.K. Rowling,Fantasía Juvenil,18.59,1,18,Femenino,2025-09-12,Kindle,Online,Tienda Online,Tarjeta,3
V000794,978-9-65461-316-8,"Padre rico, padre pobre",Robert Kiyosaki,Finanzas,15.21,1,34,No binario,2023-10-05,Bolsillo,Online,Tienda Online,Bizum,4
V000795,978-7-77839-562-1,El principito,Antoine de Saint-Exupéry,Infantil,10.89,2,7,No binario,2024-05-10,Tapa dura,Online,Tienda Online,Bizum,2
V000796,978-5-85674-296-1,Harry Potter y la cámara secreta,J.K. Rowling,Fantasía Juvenil,13.52,1,22,Prefiere no decir,2025-08-22,Bolsillo,Física,Librería Central Madrid,Transferencia,4
V000797,978-3-39256-242-1,El amor en los tiempos del cólera,Gabriel García Márquez,Ficción,15.75,3,44,No binario,2025-12-13,Tapa dura,Física,Librería Barcelona Gòtic,Tarjeta,
V000798,978-3-62923-222-9,El gen egoísta,Richard Dawkins,Ciencia,15.21,1,44,Femenino,2024-06-13,Bolsillo,Online,Tienda Online,Bizum,4
V000799,978-0-87110-667-3,Charlie y la fábrica de chocolate,Roald Dahl,Infantil,13.09,4,5,No binario,2025-03-17,Kindle,Online,Tienda Online,Bizum,5
V000800,978-6-54597-384-2,El temor de un hombre sabio,Patrick Rothfuss,Fantasía,27.39,3,69,Prefiere no decir,2025-08-07,Kindle,Online,Tienda Online,Efectivo,5
V000801,978-9-38864-107-1,James y el melocotón gigante,Roald Dahl,Infantil,8.72,1,9,Masculino,2024-12-01,Kindle,Online,Tienda Online,PayPal,5
V000802,978-3-39451-165-5,Matilda,Roald Dahl,Infantil,13.09,1,12,No binario,2023-10-06,Kindle,Online,Tienda Online,Tarjeta,5
V000803,978-8-68800-243-6,El extranjero,Albert Camus,Clásico,10.32,3,17,Prefiere no decir,2023-10-26,Kindle,Online,Tienda Online,Transferencia,3
V000804,978-4-99593-763-1,Crimen y castigo,Fiódor Dostoyevski,Clásico,13.55,1,44,Masculino,2023-04-25,Kindle,Online,Tienda Online,Tarjeta,4
V000805,978-9-38864-107-1,James y el melocotón gigante,Roald Dahl,Infantil,10.9,1,7,Prefiere no decir,2024-10-03,Bolsillo,Física,Librería Barcelona Gòtic,Bizum,4
V000806,978-1-40512-987-1,Los juegos del hambre,Suzanne Collins,Fantasía Juvenil,14.9,2,12,Femenino,2023-12-07,Tapa dura,Física,Librería Central Madrid,Tarjeta,4
V000807,978-5-50306-345-0,Homo Deus,Yuval Noah Harari,Ensayo,23.0,1,17,Prefiere no decir,2024-10-26,Tapa dura,Online,Tienda Online,Tarjeta,2
V000808,978-0-87110-667-3,Charlie y la fábrica de chocolate,Roald Dahl,Infantil,10.71,1,10,No binario,2023-05-12,Bolsillo,Física,Librería Sevilla Triana,PayPal,4
V000809,978-3-14207-924-5,La casa de los espíritus,Isabel Allende,Ficción,19.69,2,51,Masculino,2023-05-02,Bolsillo,Física,Librería Valencia Centro,Efectivo,4
V000810,978-6-45093-167-3,Paula,Isabel Allende,Biografía,14.31,1,45,Masculino,2023-07-02,Kindle,Online,Tienda Online,PayPal,
V000811,978-8-44438-864-9,Rayuela,Julio Cortázar,Clásico,13.52,1,42,No binario,2024-10-30,Bolsillo,Física,Librería Sevilla Triana,Transferencia,4
V000812,978-7-19071-878-8,El poder del ahora,Eckhart Tolle,Autoayuda,11.92,1,42,Femenino,2024-10-07,Kindle,Online,Tienda Online,Tarjeta,5
V000813,978-1-13278-859-4,Cien años de soledad,Gabriel García Márquez,Ficción,17.01,1,66,Masculino,2025-03-11,Kindle,Online,Tienda Online,PayPal,5
V000814,978-9-18326-494-6,Romancero gitano,Federico García Lorca,Poesía,10.9,2,50,Femenino,2025-04-13,Tapa dura,Física,Librería Barcelona Gòtic,PayPal,3
V000815,978-3-14207-924-5,La casa de los espíritus,Isabel Allende,Ficción,18.79,2,22,Masculino,2024-10-24,Kindle,Online,Tienda Online,Tarjeta,5
V000816,978-5-74042-119-1,Sapiens,Yuval Noah Harari,Ensayo,18.61,2,44,Femenino,2024-03-17,Kindle,Online,Tienda Online,Bizum,4
V000817,978-2-18981-709-1,Una breve historia del tiempo,Stephen Hawking,Ciencia,13.52,2,17,No binario,2025-03-08,Kindle,Online,Tienda Online,Transferencia,4
V000818,978-3-76237-716-0,Fahrenheit 451,Ray Bradbury,Ciencia Ficción,11.81,1,47,Femenino,2023-07-19,Tapa dura,Online,Tienda Online,Bizum,5
V000819,978-3-39451-165-5,Matilda,Roald Dahl,Infantil,11.9,4,6,Masculino,2024-05-05,Kindle,Online,Tienda Online,Transferencia,4
V000820,978-6-22676-467-5,Choque de Reyes,George R.R. Martin,Fantasía,21.89,2,16,No binario,2025-12-19,Tapa dura,Física,Librería Barcelona Gòtic,Tarjeta,5
V000821,978-1-16630-767-8,Los pilares de la Tierra,Ken Follett,Histórica,21.9,1,40,No binario,2025-09-09,Bolsillo,Online,Tienda Online,Transferencia,4
V000822,978-9-38864-107-1,James y el melocotón gigante,Roald Dahl,Infantil,9.27,1,12,Masculino,2024-01-11,Kindle,Online,Tienda Online,Transferencia,5
V000823,978-8-21395-704-6,1984,George Orwell,Ciencia Ficción,14.9,1,34,No binario,2024-01-14,Kindle,Online,Tienda Online,Transferencia,5
V000824,978-1-40512-987-1,Los juegos del hambre,Suzanne Collins,Fantasía Juvenil,14.9,1,21,Femenino,2024-07-28,Tapa dura,Física,Librería Valencia Centro,Bizum,4
V000825,978-3-30032-482-2,Los hombres que no amaban a las mujeres,Stieg Larsson,Thriller,19.69,1,23,No binario,2025-02-03,Bolsillo,Online,Tienda Online,Bizum,4
V000826,978-2-18981-709-1,Una breve historia del tiempo,Stephen Hawking,Ciencia,18.59,1,66,Masculino,2024-12-05,Tapa dura,Online,Tienda Online,Transferencia,5
V000827,978-4-99593-763-1,Crimen y castigo,Fiódor Dostoyevski,Clásico,14.19,1,49,Femenino,2024-08-18,Bolsillo,Online,Tienda Online,Bizum,
V000828,978-2-46509-573-3,La peste,Albert Camus,Clásico,13.41,1,69,Masculino,2024-10-18,Kindle,Online,Tienda Online,Bizum,5
V000829,978-8-21395-704-6,1984,George Orwell,Ciencia Ficción,14.9,1,51,Prefiere no decir,2024-09-20,Kindle,Online,Tienda Online,Transferencia,5
V000830,978-9-72493-614-8,El chef en casa,Jamie Oliver,Cocina,19.9,1,68,Femenino,2025-11-04,Tapa dura,Física,Librería Gran Vía,PayPal,4
V000831,978-0-96673-333-4,Harry Potter y el prisionero de Azkaban,J.K. Rowling,Fantasía Juvenil,18.59,1,18,Femenino,2023-09-27,Kindle,Online,Tienda Online,PayPal,5
V000832,978-9-44671-926-0,El Hobbit,J.R.R. Tolkien,Fantasía,16.9,1,29,Prefiere no decir,2023-03-26,Kindle,Online,Tienda Online,Tarjeta,4
V000833,978-7-77839-562-1,El principito,Antoine de Saint-Exupéry,Infantil,8.91,1,8,Masculino,2025-09-14,Bolsillo,Online,Tienda Online,Transferencia,
V000834,978-0-62772-845-5,Drácula,Bram Stoker,Terror,12.9,1,16,Masculino,2024-06-10,Kindle,Online,Tienda Online,Efectivo,4
V000835,978-9-18326-494-6,Romancero gitano,Federico García Lorca,Poesía,10.9,1,24,Femenino,2024-01-19,Bolsillo,Física,Librería Sevilla Triana,Bizum,3
V000836,978-9-44671-926-0,El Hobbit,J.R.R. Tolkien,Fantasía,16.9,1,74,Masculino,2024-03-31,Bolsillo,Física,Librería Barcelona Gòtic,Tarjeta,5
V000837,978-7-77839-562-1,El principito,Antoine de Saint-Exupéry,Infantil,7.92,1,6,Prefiere no decir,2023-10-15,Tapa dura,Física,Librería Sevilla Triana,Tarjeta,5
V000838,978-9-71348-641-4,Veinte poemas de amor,Pablo Neruda,Poesía,9.9,1,31,No binario,2024-11-22,Bolsillo,Online,Tienda Online,PayPal,5
V000839,978-6-45093-167-3,Paula,Isabel Allende,Biografía,15.9,1,42,Prefiere no decir,2023-07-28,Tapa dura,Online,Tienda Online,Efectivo,
V000840,978-4-97684-597-3,American Gods,Neil Gaiman,Fantasía,21.89,1,50,Masculino,2025-02-03,Kindle,Online,Tienda Online,Transferencia,4
V000841,978-8-44438-864-9,Rayuela,Julio Cortázar,Clásico,16.9,4,58,Femenino,2025-10-19,Kindle,Online,Tienda Online,Efectivo,5
V000842,978-7-19071-878-8,El poder del ahora,Eckhart Tolle,Autoayuda,14.9,1,55,No binario,2023-04-20,Kindle,Online,Tienda Online,Bizum,4
V000843,978-4-97684-597-3,American Gods,Neil Gaiman,Fantasía,19.9,4,40,No binario,2023-10-07,Bolsillo,Online,Tienda Online,PayPal,4
V000844,978-4-28301-352-8,El prisionero del cielo,Carlos Ruiz Zafón,Ficción,17.9,2,49,Prefiere no decir,2023-01-02,Bolsillo,Física,Librería Gran Vía,PayPal,
V000845,978-4-93748-619-9,Perdida,Gillian Flynn,Thriller,13.2,1,54,Femenino,2025-02-15,Bolsillo,Online,Tienda Online,Transferencia,5
V000846,978-1-42591-296-3,Frankenstein,Mary Shelley,Terror,10.12,1,56,Femenino,2023-03-02,Kindle,Online,Tienda Online,Efectivo,5
V000847,978-5-85674-296-1,Harry Potter y la cámara secreta,J.K. Rowling,Fantasía Juvenil,15.9,1,17,No binario,2023-09-25,Tapa dura,Online,Tienda Online,Tarjeta,5
V000848,978-6-56438-533-6,Misery,Stephen King,Terror,18.59,2,30,Prefiere no decir,2024-04-19,Kindle,Online,Tienda Online,Tarjeta,3
V000849,978-9-78522-423-4,Maus,Art Spiegelman,Cómic,17.75,3,32,Masculino,2024-02-16,Bolsillo,Física,Librería Gran Vía,PayPal,
V000850,978-0-51104-158-0,Manual de cocina fácil,Karlos Arguiñano,Cocina,17.9,1,62,Prefiere no decir,2025-03-31,Bolsillo,Online,Tienda Online,Transferencia,5
V000851,978-3-54118-204-1,Juego de Tronos,George R.R. Martin,Fantasía,15.92,1,27,Prefiere no decir,2024-01-25,Kindle,Online,Tienda Online,Bizum,4
V000852,978-2-17455-620-1,Cosmos,Carl Sagan,Ciencia,17.01,1,75,Prefiere no decir,2025-05-26,Tapa dura,Online,Tienda Online,PayPal,1
V000853,978-4-97684-597-3,American Gods,Neil Gaiman,Fantasía,20.89,4,52,Prefiere no decir,2024-06-30,Tapa dura,Online,Tienda Online,Tarjeta,4
V000854,978-5-19287-626-3,Coraline,Neil Gaiman,Fantasía Juvenil,11.12,1,21,Masculino,2024-02-12,Tapa dura,Online,Tienda Online,Efectivo,4
V000855,978-6-86484-508-5,Ficciones,Jorge Luis Borges,Clásico,16.39,1,74,Masculino,2025-01-27,Bolsillo,Física,Librería Central Madrid,Tarjeta,5
V000856,978-0-13905-195-3,Rebelión en la granja,George Orwell,Ficción,10.0,2,40,Masculino,2025-03-08,Tapa dura,Online,Tienda Online,PayPal,4
V000857,978-2-18981-709-1,Una breve historia del tiempo,Stephen Hawking,Ciencia,16.9,3,64,Femenino,2023-08-27,Tapa dura,Física,Librería Valencia Centro,Tarjeta,2
V000858,978-5-19287-626-3,Coraline,Neil Gaiman,Fantasía Juvenil,13.9,3,20,No binario,2025-03-22,Tapa dura,Online,Tienda Online,Efectivo,4
V000859,978-4-93886-804-8,Guerra y paz,León Tolstói,Clásico,27.39,1,44,Femenino,2024-02-18,Kindle,Online,Tienda Online,Transferencia,2
V000860,978-3-85880-708-0,Persépolis,Marjane Satrapi,Cómic,15.9,1,18,No binario,2023-03-01,Bolsillo,Física,Librería Gran Vía,Efectivo,5
V000861,978-6-10282-499-4,Patria,Fernando Aramburu,Ficción,20.89,2,63,Femenino,2024-11-01,Bolsillo,Online,Tienda Online,PayPal,4
V000862,978-0-22224-871-3,Un mundo sin fin,Ken Follett,Histórica,18.32,1,38,Prefiere no decir,2024-07-08,Bolsillo,Online,Tienda Online,Efectivo,5
V000863,978-2-58520-463-3,Sinsajo,Suzanne Collins,Fantasía Juvenil,16.39,2,17,Femenino,2024-10-18,Bolsillo,Online,Tienda Online,Bizum,2
V000864,978-4-93748-619-9,Perdida,Gillian Flynn,Thriller,18.15,2,60,No binario,2023-11-25,Tapa dura,Física,Librería Sevilla Triana,PayPal,5
V000865,978-3-17665-693-8,La familia de Pascual Duarte,Camilo José Cela,Clásico,12.9,1,57,No binario,2025-02-11,Kindle,Online,Tienda Online,Bizum,5
V000866,978-0-51104-158-0,Manual de cocina fácil,Karlos Arguiñano,Cocina,16.11,1,64,Masculino,2024-06-13,Tapa dura,Online,Tienda Online,Efectivo,4
V000867,978-9-44671-926-0,El Hobbit,J.R.R. Tolkien,Fantasía,13.52,1,17,Prefiere no decir,2025-11-13,Kindle,Online,Tienda Online,Efectivo,5
V000868,978-9-72493-614-8,El chef en casa,Jamie Oliver,Cocina,21.89,2,38,No binario,2024-08-06,Bolsillo,Física,Librería Sevilla Triana,Tarjeta,5
V000869,978-8-31643-371-8,Hábitos atómicos,James Clear,Autoayuda,19.84,1,17,No binario,2024-02-25,Kindle,Online,Tienda Online,Transferencia,1
V000870,978-3-50857-508-5,Piense y hágase rico,Napoleon Hill,Finanzas,13.9,1,59,Masculino,2025-01-25,Tapa dura,Online,Tienda Online,Tarjeta,5
V000871,978-5-50306-345-0,Homo Deus,Yuval Noah Harari,Ensayo,19.71,1,42,No binario,2023-11-24,Kindle,Online,Tienda Online,Bizum,4
V000872,978-2-63269-597-7,La chica de nieve,Javier Castillo,Thriller,18.9,1,67,Femenino,2025-06-17,Bolsillo,Online,Tienda Online,Tarjeta,3
V000873,978-1-40512-987-1,Los juegos del hambre,Suzanne Collins,Fantasía Juvenil,14.9,3,10,Femenino,2023-03-07,Bolsillo,Física,Librería Sevilla Triana,Bizum,3
V000874,978-6-22676-467-5,Choque de Reyes,George R.R. Martin,Fantasía,17.91,1,26,Prefiere no decir,2023-07-30,Tapa dura,Física,Librería Valencia Centro,Transferencia,5
V000875,978-9-44671-926-0,El Hobbit,J.R.R. Tolkien,Fantasía,15.21,2,50,Femenino,2023-12-25,Bolsillo,Física,Librería Central Madrid,Bizum,3
V000876,978-6-34957-196-1,El resplandor,Stephen King,Terror,19.84,1,54,No binario,2023-10-11,Kindle,Online,Tienda Online,Efectivo,5
V000877,978-1-42591-296-3,Frankenstein,Mary Shelley,Terror,13.09,1,47,Femenino,2024-08-30,Kindle,Online,Tienda Online,Transferencia,3
V000878,978-9-20745-529-9,Watchmen,Alan Moore,Cómic,21.9,1,65,Masculino,2025-10-24,Bolsillo,Física,Librería Sevilla Triana,PayPal,3
V000879,978-3-28131-621-7,El Aleph,Jorge Luis Borges,Clásico,11.12,1,74,Prefiere no decir,2025-07-31,Bolsillo,Online,Tienda Online,Tarjeta,5
V000880,978-5-50306-345-0,Homo Deus,Yuval Noah Harari,Ensayo,19.71,3,23,Masculino,2024-08-06,Tapa dura,Online,Tienda Online,PayPal,3
V000881,978-8-36062-833-8,Crónicas marcianas,Ray Bradbury,Ciencia Ficción,15.2,1,18,Prefiere no decir,2025-11-05,Tapa dura,Online,Tienda Online,Bizum,5
V000882,978-6-86484-508-5,Ficciones,Jorge Luis Borges,Clásico,15.65,1,29,Masculino,2023-08-07,Tapa dura,Física,Librería Valencia Centro,Bizum,5
V000883,978-9-44671-926-0,El Hobbit,J.R.R. Tolkien,Fantasía,17.75,1,32,Masculino,2024-05-06,Kindle,Online,Tienda Online,Tarjeta,4
V000884,978-9-71953-348-7,It,Stephen King,Terror,24.04,1,38,Masculino,2024-03-01,Kindle,Online,Tienda Online,PayPal,5
V000885,978-2-18981-709-1,Una breve historia del tiempo,Stephen Hawking,Ciencia,17.75,1,30,No binario,2025-04-19,Tapa dura,Online,Tienda Online,Efectivo,3
V000886,978-3-39451-165-5,Matilda,Roald Dahl,Infantil,11.9,1,8,Prefiere no decir,2025-01-23,Bolsillo,Online,Tienda Online,Tarjeta,5
V000887,978-0-87110-667-3,Charlie y la fábrica de chocolate,Roald Dahl,Infantil,11.9,4,12,No binario,2025-07-04,Tapa dura,Física,Librería Barcelona Gòtic,Transferencia,4
V000888,978-3-30032-482-2,Los hombres que no amaban a las mujeres,Stieg Larsson,Thriller,18.79,1,60,Prefiere no decir,2024-08-13,Kindle,Online,Tienda Online,Transferencia,3
V000889,978-6-22676-467-5,Choque de Reyes,George R.R. Martin,Fantasía,20.89,2,31,Masculino,2025-11-13,Tapa dura,Online,Tienda Online,Tarjeta,
V000890,978-3-54118-204-1,Juego de Tronos,George R.R. Martin,Fantasía,21.89,1,69,No binario,2025-09-30,Bolsillo,Online,Tienda Online,Bizum,3
V000891,978-1-40512-987-1,Los juegos del hambre,Suzanne Collins,Fantasía Juvenil,14.9,2,17,Femenino,2023-07-06,Kindle,Online,Tienda Online,Efectivo,5
V000892,978-5-74042-119-1,Sapiens,Yuval Noah Harari,Ensayo,21.9,1,20,Prefiere no decir,2023-08-20,Bolsillo,Online,Tienda Online,PayPal,5
V000893,978-3-62565-160-2,El día que se perdió la cordura,Javier Castillo,Thriller,20.79,2,60,No binario,2023-05-05,Tapa dura,Física,Librería Sevilla Triana,Tarjeta,5
V000894,978-1-48469-545-2,Origen,Dan Brown,Thriller,20.89,1,28,Prefiere no decir,2025-02-17,Bolsillo,Física,Librería Barcelona Gòtic,Bizum,5
V000895,978-9-93227-275-8,Los hermanos Karamázov,Fiódor Dostoyevski,Clásico,16.06,1,70,Masculino,2023-08-19,Bolsillo,Física,Librería Sevilla Triana,Efectivo,5
V000896,978-1-16175-981-1,Pedro Páramo,Juan Rulfo,Clásico,12.9,2,43,Femenino,2023-02-26,Tapa dura,Física,Librería Barcelona Gòtic,Efectivo,4
V000897,978-0-96673-333-4,Harry Potter y el prisionero de Azkaban,J.K. Rowling,Fantasía Juvenil,16.9,2,10,Masculino,2023-09-05,Bolsillo,Online,Tienda Online,Tarjeta,4
V000898,978-6-86484-508-5,Ficciones,Jorge Luis Borges,Clásico,11.92,2,50,Prefiere no decir,2023-10-06,Kindle,Online,Tienda Online,PayPal,1
V000899,978-6-45093-167-3,Paula,Isabel Allende,Biografía,12.72,1,72,Femenino,2023-10-13,Tapa dura,Física,Librería Barcelona Gòtic,Tarjeta,2
V000900,978-8-79514-100-9,La chica en la telaraña,David Lagercrantz,Thriller,16.11,1,43,No binario,2025-03-01,Kindle,Online,Tienda Online,Bizum,
V000901,978-2-26828-775-7,Los cuatro acuerdos,Miguel Ruiz,Autoayuda,12.9,1,53,Prefiere no decir,2023-05-14,Kindle,Online,Tienda Online,Bizum,5
V000902,978-4-28301-352-8,El prisionero del cielo,Carlos Ruiz Zafón,Ficción,17.9,1,67,Prefiere no decir,2024-08-16,Tapa dura,Online,Tienda Online,PayPal,4
V000903,978-4-97684-597-3,American Gods,Neil Gaiman,Fantasía,17.91,1,74,Prefiere no decir,2023-03-25,Tapa dura,Online,Tienda Online,Efectivo,5
V000904,978-7-47388-533-8,Los besos,Manuel Vilas,Ficción,19.84,1,23,No binario,2025-05-24,Tapa dura,Física,Librería Gran Vía,Efectivo,5
V000905,978-7-19071-878-8,El poder del ahora,Eckhart Tolle,Autoayuda,13.41,1,41,Prefiere no decir,2024-07-08,Kindle,Online,Tienda Online,PayPal,5
V000906,978-7-17100-789-1,Carrie,Stephen King,Terror,15.65,1,66,Prefiere no decir,2024-04-03,Bolsillo,Online,Tienda Online,Transferencia,3
V000907,978-3-39256-242-1,El amor en los tiempos del cólera,Gabriel García Márquez,Ficción,19.25,1,74,Masculino,2023-12-21,Bolsillo,Online,Tienda Online,PayPal,
V000908,978-8-21395-704-6,1984,George Orwell,Ciencia Ficción,14.9,1,57,Masculino,2024-12-14,Kindle,Online,Tienda Online,Efectivo,5
V000909,978-4-99593-763-1,Crimen y castigo,Fiódor Dostoyevski,Clásico,10.32,1,52,Masculino,2025-06-21,Kindle,Online,Tienda Online,Efectivo,5
V000910,978-9-20745-529-9,Watchmen,Alan Moore,Cómic,18.61,2,55,Prefiere no decir,2025-08-10,Bolsillo,Física,Librería Barcelona Gòtic,PayPal,5
V000911,978-8-11504-796-1,El código Da Vinci,Dan Brown,Thriller,16.9,3,31,Femenino,2023-09-13,Tapa dura,Online,Tienda Online,Bizum,5
V000912,978-2-17455-620-1,Cosmos,Carl Sagan,Ciencia,19.84,2,53,Masculino,2023-05-05,Bolsillo,Física,Librería Valencia Centro,Transferencia,5
V000913,978-7-19071-878-8,El poder del ahora,Eckhart Tolle,Autoayuda,11.92,1,51,Femenino,2024-10-02,Bolsillo,Online,Tienda Online,Bizum,5
V000914,978-3-99733-432-0,Don Quijote de la Mancha,Miguel de Cervantes,Clásico,20.89,1,56,Prefiere no decir,2023-07-06,Bolsillo,Online,Tienda Online,PayPal,5
V000915,978-1-13278-859-4,Cien años de soledad,Gabriel García Márquez,Ficción,20.79,2,75,Femenino,2024-03-21,Tapa dura,Online,Tienda Online,Transferencia,5
V000916,978-7-30289-294-4,Nada,Carmen Laforet,Clásico,12.51,1,47,Prefiere no decir,2023-05-10,Kindle,Online,Tienda Online,Bizum,5
V000917,978-2-46509-573-3,La peste,Albert Camus,Clásico,13.41,1,41,Masculino,2024-02-09,Kindle,Online,Tienda Online,PayPal,5
V000918,978-0-87110-667-3,Charlie y la fábrica de chocolate,Roald Dahl,Infantil,10.12,1,9,Masculino,2023-06-21,Tapa dura,Online,Tienda Online,Tarjeta,5
V000919,978-3-39451-165-5,Matilda,Roald Dahl,Infantil,10.71,2,5,Prefiere no decir,2023-03-08,Tapa dura,Online,Tienda Online,PayPal,5
V000920,978-0-40007-169-0,El Principito ilustrado,Antoine de Saint-Exupéry,Infantil,15.9,1,5,Femenino,2024-09-30,Kindle,Online,Tienda Online,Efectivo,3
V000921,978-4-93748-619-9,Perdida,Gillian Flynn,Thriller,13.2,2,64,Prefiere no decir,2024-07-23,Kindle,Online,Tienda Online,PayPal,4
V000922,978-1-42591-296-3,Frankenstein,Mary Shelley,Terror,10.12,1,34,Prefiere no decir,2025-05-06,Kindle,Online,Tienda Online,PayPal,4
V000923,978-7-10425-839-4,El paciente silencioso,Alex Michaelides,Thriller,14.32,1,43,No binario,2025-09-30,Kindle,Online,Tienda Online,Tarjeta,5
V000924,978-3-30032-482-2,Los hombres que no amaban a las mujeres,Stieg Larsson,Thriller,14.32,1,23,Masculino,2025-05-18,Bolsillo,Online,Tienda Online,Tarjeta,4
V000925,978-9-93227-275-8,Los hermanos Karamázov,Fiódor Dostoyevski,Clásico,18.9,1,29,Prefiere no decir,2024-11-24,Kindle,Online,Tienda Online,Tarjeta,
V000926,978-2-58520-463-3,Sinsajo,Suzanne Collins,Fantasía Juvenil,14.9,2,17,Femenino,2024-10-24,Tapa dura,Física,Librería Gran Vía,Transferencia,4
V000927,978-8-36062-833-8,Crónicas marcianas,Ray Bradbury,Ciencia Ficción,16.72,3,54,Femenino,2025-04-14,Tapa dura,Online,Tienda Online,PayPal,5
V000928,978-6-38893-559-9,Dune,Frank Herbert,Ciencia Ficción,22.9,1,31,Femenino,2024-11-25,Bolsillo,Online,Tienda Online,PayPal,3
V000929,978-6-54597-384-2,El temor de un hombre sabio,Patrick Rothfuss,Fantasía,24.9,1,25,No binario,2023-03-24,Kindle,Online,Tienda Online,PayPal,5
V000930,978-4-10851-877-2,El nombre del viento,Patrick Rothfuss,Fantasía,17.52,1,27,Femenino,2023-04-30,Tapa dura,Online,Tienda Online,Efectivo,4
V000931,978-0-62772-845-5,Drácula,Bram Stoker,Terror,12.9,2,26,No binario,2023-09-22,Tapa dura,Física,Librería Central Madrid,Efectivo,4
V000932,978-6-22676-467-5,Choque de Reyes,George R.R. Martin,Fantasía,21.89,1,55,Femenino,2023-03-28,Kindle,Online,Tienda Online,PayPal,
V000933,978-2-92240-263-6,La casa de Bernarda Alba,Federico García Lorca,Teatro,10.4,2,68,No binario,2023-08-10,Kindle,Online,Tienda Online,Transferencia,5
V000934,978-8-33416-619-1,La chica del tren,Paula Hawkins,Thriller,15.9,1,29,Masculino,2025-03-26,Kindle,Online,Tienda Online,Transferencia,5
V000935,978-1-68082-927-8,Náuseas,Jean-Paul Sartre,Clásico,13.9,3,22,Masculino,2024-12-28,Tapa dura,Física,Librería Sevilla Triana,Bizum,4
V000936,978-6-10282-499-4,Patria,Fernando Aramburu,Ficción,20.89,1,24,Prefiere no decir,2023-12-22,Bolsillo,Online,Tienda Online,Efectivo,3
V000937,978-8-27342-840-9,Stardust,Neil Gaiman,Fantasía,17.49,1,55,Prefiere no decir,2025-02-26,Bolsillo,Física,Librería Sevilla Triana,Bizum,5
V000938,978-0-62772-845-5,Drácula,Bram Stoker,Terror,13.55,1,62,Masculino,2023-02-08,Bolsillo,Online,Tienda Online,Transferencia,5
V000939,978-6-22676-467-5,Choque de Reyes,George R.R. Martin,Fantasía,20.89,3,62,Masculino,2025-02-14,Bolsillo,Online,Tienda Online,Efectivo,5
V000940,978-6-45093-167-3,Paula,Isabel Allende,Biografía,15.9,1,36,No binario,2025-11-21,Bolsillo,Física,Librería Valencia Centro,PayPal,5
V000941,978-1-48469-545-2,Origen,Dan Brown,Thriller,21.89,1,42,No binario,2025-06-28,Kindle,Online,Tienda Online,PayPal,2
V000942,978-8-36062-833-8,Crónicas marcianas,Ray Bradbury,Ciencia Ficción,15.96,2,46,No binario,2024-12-03,Kindle,Online,Tienda Online,Bizum,4
V000943,978-6-10282-499-4,Patria,Fernando Aramburu,Ficción,19.9,1,56,Prefiere no decir,2024-12-08,Tapa dura,Física,Librería Sevilla Triana,PayPal,5
V000944,978-7-80284-227-6,El Señor de los Anillos,J.R.R. Tolkien,Fantasía,29.9,3,34,Masculino,2024-01-10,Tapa dura,Online,Tienda Online,PayPal,5
V000945,978-4-97684-597-3,American Gods,Neil Gaiman,Fantasía,19.9,1,23,No binario,2025-09-29,Bolsillo,Física,Librería Gran Vía,Tarjeta,2
V000946,978-7-19071-878-8,El poder del ahora,Eckhart Tolle,Autoayuda,15.65,1,41,No binario,2025-07-03,Tapa dura,Física,Librería Gran Vía,Tarjeta,
V000947,978-8-11504-796-1,El código Da Vinci,Dan Brown,Thriller,16.9,1,30,No binario,2023-12-23,Bolsillo,Física,Librería Gran Vía,Efectivo,5
V000948,978-5-50306-345-0,Homo Deus,Yuval Noah Harari,Ensayo,24.09,2,70,Masculino,2025-02-17,Tapa dura,Física,Librería Sevilla Triana,Tarjeta,
V000949,978-0-62772-845-5,Drácula,Bram Stoker,Terror,12.9,1,47,Masculino,2023-05-28,Kindle,Online,Tienda Online,Bizum,4
V000950,978-3-76237-716-0,Fahrenheit 451,Ray Bradbury,Ciencia Ficción,13.9,1,61,No binario,2025-08-28,Bolsillo,Online,Tienda Online,Transferencia,
V000951,978-9-78522-423-4,Maus,Art Spiegelman,Cómic,16.9,1,17,Prefiere no decir,2024-07-16,Bolsillo,Online,Tienda Online,Transferencia,5
V000952,978-9-20745-529-9,Watchmen,Alan Moore,Cómic,21.9,3,35,No binario,2024-02-16,Bolsillo,Online,Tienda Online,Bizum,4
V000953,978-1-40512-987-1,Los juegos del hambre,Suzanne Collins,Fantasía Juvenil,16.39,1,11,Masculino,2025-02-23,Tapa dura,Física,Librería Central Madrid,PayPal,4
V000954,978-9-78522-423-4,Maus,Art Spiegelman,Cómic,17.75,2,53,Femenino,2024-11-20,Bolsillo,Online,Tienda Online,Efectivo,4
V000955,978-9-93227-275-8,Los hermanos Karamázov,Fiódor Dostoyevski,Clásico,18.9,1,69,Femenino,2023-07-25,Tapa dura,Online,Tienda Online,Bizum,5
V000956,978-2-92240-263-6,La casa de Bernarda Alba,Federico García Lorca,Teatro,10.4,2,70,Masculino,2024-02-04,Kindle,Online,Tienda Online,Transferencia,4
V000957,978-5-85674-296-1,Harry Potter y la cámara secreta,J.K. Rowling,Fantasía Juvenil,12.72,1,12,No binario,2025-02-17,Bolsillo,Online,Tienda Online,Tarjeta,3
V000958,978-8-44973-887-5,Ángeles y demonios,Dan Brown,Thriller,16.9,1,49,Masculino,2023-08-30,Bolsillo,Física,Librería Barcelona Gòtic,PayPal,5
V000959,978-0-22224-871-3,Un mundo sin fin,Ken Follett,Histórica,22.9,1,33,No binario,2024-03-07,Kindle,Online,Tienda Online,PayPal,4
V000960,978-8-21395-704-6,1984,George Orwell,Ciencia Ficción,14.9,1,31,Masculino,2025-08-27,Kindle,Online,Tienda Online,Efectivo,4
V000961,978-5-85674-296-1,Harry Potter y la cámara secreta,J.K. Rowling,Fantasía Juvenil,17.49,2,16,Masculino,2023-04-19,Bolsillo,Online,Tienda Online,Efectivo,4
V000962,978-5-85674-296-1,Harry Potter y la cámara secreta,J.K. Rowling,Fantasía Juvenil,15.9,1,15,No binario,2024-12-03,Bolsillo,Online,Tienda Online,Bizum,3
V000963,978-9-18326-494-6,Romancero gitano,Federico García Lorca,Poesía,11.99,1,58,Femenino,2024-11-12,Bolsillo,Online,Tienda Online,Transferencia,5
V000964,978-3-31417-573-6,Ana Karenina,León Tolstói,Clásico,16.9,3,47,Prefiere no decir,2024-11-09,Bolsillo,Física,Librería Central Madrid,Transferencia,4
V000965,978-6-10282-499-4,Patria,Fernando Aramburu,Ficción,16.91,1,60,No binario,2023-02-14,Kindle,Online,Tienda Online,PayPal,5
V000966,978-7-47388-533-8,Los besos,Manuel Vilas,Ficción,16.06,1,48,Prefiere no decir,2024-02-12,Tapa dura,Física,Librería Valencia Centro,Transferencia,4
V000967,978-3-84364-180-1,21 lecciones para el siglo XXI,Yuval Noah Harari,Ensayo,19.9,2,50,No binario,2023-10-22,Tapa dura,Online,Tienda Online,PayPal,4
V000968,978-8-27342-840-9,Stardust,Neil Gaiman,Fantasía,16.7,1,52,No binario,2023-11-29,Kindle,Online,Tienda Online,Efectivo,1
V000969,978-0-51104-158-0,Manual de cocina fácil,Karlos Arguiñano,Cocina,17.9,1,25,Prefiere no decir,2023-04-10,Bolsillo,Física,Librería Central Madrid,Efectivo,5
V000970,978-2-18981-709-1,Una breve historia del tiempo,Stephen Hawking,Ciencia,15.21,1,49,No binario,2024-08-06,Bolsillo,Online,Tienda Online,PayPal,5
V000971,978-9-71348-641-4,Veinte poemas de amor,Pablo Neruda,Poesía,8.91,1,64,Masculino,2023-11-21,Bolsillo,Física,Librería Central Madrid,Efectivo,5
V000972,978-4-93748-619-9,Perdida,Gillian Flynn,Thriller,16.5,1,56,Femenino,2025-12-02,Tapa dura,Online,Tienda Online,PayPal,5
V000973,978-0-51104-158-0,Manual de cocina fácil,Karlos Arguiñano,Cocina,17.9,1,25,Prefiere no decir,2023-07-19,Kindle,Online,Tienda Online,PayPal,
V000974,978-3-85880-708-0,Persépolis,Marjane Satrapi,Cómic,15.9,1,54,Masculino,2025-10-27,Tapa dura,Online,Tienda Online,Bizum,5
V000975,978-5-85674-296-1,Harry Potter y la cámara secreta,J.K. Rowling,Fantasía Juvenil,17.49,1,11,Masculino,2025-10-17,Kindle,Online,Tienda Online,PayPal,4
V000976,978-7-77839-562-1,El principito,Antoine de Saint-Exupéry,Infantil,9.9,1,7,Femenino,2024-06-15,Tapa dura,Física,Librería Sevilla Triana,Tarjeta,5
V000977,978-6-94259-569-2,El juego del ángel,Carlos Ruiz Zafón,Ficción,18.5,1,52,Prefiere no decir,2023-04-02,Bolsillo,Online,Tienda Online,Transferencia,5
V000978,978-2-18981-709-1,Una breve historia del tiempo,Stephen Hawking,Ciencia,16.9,2,65,No binario,2023-10-01,Tapa dura,Online,Tienda Online,Efectivo,5
V000979,978-5-74042-119-1,Sapiens,Yuval Noah Harari,Ensayo,23.0,2,25,Femenino,2023-01-24,Bolsillo,Online,Tienda Online,Bizum,5
V000980,978-9-20745-529-9,Watchmen,Alan Moore,Cómic,17.52,2,31,Femenino,2023-10-29,Bolsillo,Física,Librería Sevilla Triana,PayPal,5
V000981,978-5-19287-626-3,Coraline,Neil Gaiman,Fantasía Juvenil,15.29,1,15,Prefiere no decir,2023-09-05,Bolsillo,Física,Librería Gran Vía,Bizum,4
V000982,978-6-10282-499-4,Patria,Fernando Aramburu,Ficción,20.89,1,67,Prefiere no decir,2025-02-19,Kindle,Online,Tienda Online,PayPal,4
V000983,978-1-40512-987-1,Los juegos del hambre,Suzanne Collins,Fantasía Juvenil,13.41,1,21,Femenino,2025-10-30,Tapa dura,Online,Tienda Online,Tarjeta,5
V000984,978-7-19071-878-8,El poder del ahora,Eckhart Tolle,Autoayuda,16.39,2,21,No binario,2024-10-13,Tapa dura,Online,Tienda Online,PayPal,3
V000985,978-9-44671-926-0,El Hobbit,J.R.R. Tolkien,Fantasía,16.9,1,20,Masculino,2023-07-11,Tapa dura,Online,Tienda Online,PayPal,4
V000986,978-4-10851-877-2,El nombre del viento,Patrick Rothfuss,Fantasía,19.71,1,39,Prefiere no decir,2025-03-25,Kindle,Online,Tienda Online,Tarjeta,5
V000987,978-1-13278-859-4,Cien años de soledad,Gabriel García Márquez,Ficción,18.9,4,22,Masculino,2025-12-05,Kindle,Online,Tienda Online,Transferencia,5
V000988,978-2-63269-597-7,La chica de nieve,Javier Castillo,Thriller,18.9,1,46,Prefiere no decir,2023-05-29,Bolsillo,Online,Tienda Online,Transferencia,4
V000989,978-0-13905-195-3,Rebelión en la granja,George Orwell,Ficción,10.0,2,72,Prefiere no decir,2025-04-22,Bolsillo,Física,Librería Barcelona Gòtic,Efectivo,3
V000990,978-7-80284-227-6,El Señor de los Anillos,J.R.R. Tolkien,Fantasía,23.92,1,17,No binario,2023-09-07,Bolsillo,Física,Librería Central Madrid,PayPal,3
V000991,978-7-10425-839-4,El paciente silencioso,Alex Michaelides,Thriller,14.32,1,30,Masculino,2025-11-03,Kindle,Online,Tienda Online,Efectivo,5
V000992,978-8-33416-619-1,La chica del tren,Paula Hawkins,Thriller,15.9,2,58,Prefiere no decir,2024-05-30,Bolsillo,Física,Librería Gran Vía,Tarjeta,4
V000993,978-7-80284-227-6,El Señor de los Anillos,J.R.R. Tolkien,Fantasía,29.9,1,50,No binario,2024-10-09,Kindle,Online,Tienda Online,PayPal,5
V000994,978-1-16175-981-1,Pedro Páramo,Juan Rulfo,Clásico,10.32,1,49,Femenino,2024-03-29,Tapa dura,Física,Librería Sevilla Triana,Transferencia,5
V000995,978-8-31643-371-8,Hábitos atómicos,James Clear,Autoayuda,19.84,2,31,Masculino,2024-11-01,Kindle,Online,Tienda Online,Efectivo,4
V000996,978-6-94259-569-2,El juego del ángel,Carlos Ruiz Zafón,Ficción,18.5,1,17,Prefiere no decir,2025-08-25,Tapa dura,Online,Tienda Online,Tarjeta,3
V000997,978-3-31417-573-6,Ana Karenina,León Tolstói,Clásico,16.9,1,61,No binario,2024-01-09,Kindle,Online,Tienda Online,Efectivo,3
V000998,978-6-34957-196-1,El resplandor,Stephen King,Terror,19.84,1,71,No binario,2025-09-01,Kindle,Online,Tienda Online,PayPal,5
V000999,978-6-38893-559-9,Dune,Frank Herbert,Ciencia Ficción,25.19,1,69,No binario,2024-04-16,Bolsillo,Online,Tienda Online,Efectivo,5
V001000,978-3-17665-693-8,La familia de Pascual Duarte,Camilo José Cela,Clásico,10.96,1,25,Femenino,2025-01-23,Tapa dura,Física,Librería Central Madrid,Transferencia,
V001001,978-5-19287-626-3,Coraline,Neil Gaiman,Fantasía Juvenil,11.81,1,20,Masculino,2023-08-29,Kindle,Online,Tienda Online,Tarjeta,4
V001002,978-2-26828-775-7,Los cuatro acuerdos,Miguel Ruiz,Autoayuda,10.32,2,27,Prefiere no decir,2023-04-02,Tapa dura,Online,Tienda Online,Efectivo,5
V001003,978-1-16175-981-1,Pedro Páramo,Juan Rulfo,Clásico,12.9,1,28,No binario,2025-03-15,Tapa dura,Física,Librería Sevilla Triana,PayPal,4
V001004,978-6-46434-564-5,En llamas,Suzanne Collins,Fantasía Juvenil,12.66,1,10,Prefiere no decir,2024-11-11,Kindle,Online,Tienda Online,PayPal,4
V001005,978-0-40007-169-0,El Principito ilustrado,Antoine de Saint-Exupéry,Infantil,15.9,2,10,No binario,2023-05-13,Bolsillo,Online,Tienda Online,PayPal,5
V001006,978-6-94259-569-2,El juego del ángel,Carlos Ruiz Zafón,Ficción,14.8,1,38,Prefiere no decir,2024-07-15,Tapa dura,Online,Tienda Online,Efectivo,5
V001007,978-3-28131-621-7,El Aleph,Jorge Luis Borges,Clásico,11.12,1,51,No binario,2024-10-19,Bolsillo,Online,Tienda Online,Transferencia,3
V001008,978-9-71348-641-4,Veinte poemas de amor,Pablo Neruda,Poesía,9.9,2,39,Femenino,2025-08-28,Tapa dura,Física,Librería Barcelona Gòtic,PayPal,4
V001009,978-2-26828-775-7,Los cuatro acuerdos,Miguel Ruiz,Autoayuda,12.9,4,26,Femenino,2023-01-31,Bolsillo,Online,Tienda Online,Bizum,3
V001010,978-8-27342-840-9,Stardust,Neil Gaiman,Fantasía,15.9,3,21,Masculino,2025-02-21,Kindle,Online,Tienda Online,Bizum,
V001011,978-6-54597-384-2,El temor de un hombre sabio,Patrick Rothfuss,Fantasía,24.9,1,25,Masculino,2024-01-24,Tapa dura,Online,Tienda Online,PayPal,4
V001012,978-8-31643-371-8,Hábitos atómicos,James Clear,Autoayuda,19.84,1,54,Masculino,2025-02-24,Bolsillo,Online,Tienda Online,Transferencia,5
V001013,978-6-22676-467-5,Choque de Reyes,George R.R. Martin,Fantasía,21.89,1,70,No binario,2023-07-09,Bolsillo,Física,Librería Central Madrid,PayPal,5
V001014,978-0-62772-845-5,Drácula,Bram Stoker,Terror,14.19,2,32,No binario,2025-10-17,Tapa dura,Online,Tienda Online,Efectivo,
V001015,978-2-63269-597-7,La chica de nieve,Javier Castillo,Thriller,16.06,1,38,Femenino,2025-04-23,Tapa dura,Física,Librería Sevilla Triana,Efectivo,5
V001016,978-9-78522-423-4,Maus,Art Spiegelman,Cómic,13.52,1,73,Prefiere no decir,2025-04-16,Bolsillo,Online,Tienda Online,Bizum,3
V001017,978-3-84364-180-1,21 lecciones para el siglo XXI,Yuval Noah Harari,Ensayo,19.9,1,22,No binario,2024-11-14,Bolsillo,Online,Tienda Online,Transferencia,5
V001018,978-3-17665-693-8,La familia de Pascual Duarte,Camilo José Cela,Clásico,14.19,2,34,Prefiere no decir,2025-12-05,Kindle,Online,Tienda Online,Efectivo,4
V001019,978-2-58520-463-3,Sinsajo,Suzanne Collins,Fantasía Juvenil,12.66,1,10,Femenino,2025-11-09,Tapa dura,Online,Tienda Online,Tarjeta,4
V001020,978-1-40512-987-1,Los juegos del hambre,Suzanne Collins,Fantasía Juvenil,15.65,3,19,Prefiere no decir,2025-01-18,Bolsillo,Online,Tienda Online,Bizum,5
V001021,978-1-13278-859-4,Cien años de soledad,Gabriel García Márquez,Ficción,17.01,1,47,Masculino,2023-07-25,Kindle,Online,Tienda Online,Transferencia,
V001022,978-8-44973-887-5,Ángeles y demonios,Dan Brown,Thriller,16.9,1,66,Masculino,2024-04-15,Tapa dura,Física,Librería Valencia Centro,Efectivo,5
V001023,978-3-14207-924-5,La casa de los espíritus,Isabel Allende,Ficción,16.11,1,21,No binario,2025-09-05,Tapa dura,Online,Tienda Online,Bizum,4
V001024,978-2-17455-620-1,Cosmos,Carl Sagan,Ciencia,20.79,3,51,Femenino,2023-08-23,Kindle,Online,Tienda Online,Transferencia,4
V001025,978-0-40007-169-0,El Principito ilustrado,Antoine de Saint-Exupéry,Infantil,13.52,1,11,Masculino,2023-01-14,Tapa dura,Física,Librería Gran Vía,PayPal,
V001026,978-4-28301-352-8,El prisionero del cielo,Carlos Ruiz Zafón,Ficción,17.9,1,28,Prefiere no decir,2025-02-01,Kindle,Online,Tienda Online,Tarjeta,4
V001027,978-2-63269-597-7,La chica de nieve,Javier Castillo,Thriller,18.9,1,54,No binario,2023-03-01,Tapa dura,Física,Librería Barcelona Gòtic,PayPal,3
V001028,978-5-50306-345-0,Homo Deus,Yuval Noah Harari,Ensayo,21.9,1,52,Masculino,2025-10-05,Bolsillo,Online,Tienda Online,Tarjeta,4
V001029,978-9-65461-316-8,"Padre rico, padre pobre",Robert Kiyosaki,Finanzas,16.9,1,39,Femenino,2025-11-10,Kindle,Online,Tienda Online,PayPal,1
V001030,978-0-40007-169-0,El Principito ilustrado,Antoine de Saint-Exupéry,Infantil,13.52,1,12,Masculino,2024-01-18,Bolsillo,Online,Tienda Online,Bizum,5
V001031,978-1-16630-767-8,Los pilares de la Tierra,Ken Follett,Histórica,23.0,1,65,Prefiere no decir,2025-04-19,Tapa dura,Física,Librería Barcelona Gòtic,Efectivo,4
V001032,978-8-68800-243-6,El extranjero,Albert Camus,Clásico,12.9,2,16,No binario,2025-01-14,Kindle,Online,Tienda Online,Efectivo,4
V001033,978-4-97684-597-3,American Gods,Neil Gaiman,Fantasía,20.89,1,23,Masculino,2025-08-19,Kindle,Online,Tienda Online,Bizum,5
V001034,978-9-72493-614-8,El chef en casa,Jamie Oliver,Cocina,17.91,1,21,Femenino,2025-02-17,Bolsillo,Online,Tienda Online,Efectivo,4
V001035,978-0-22224-871-3,Un mundo sin fin,Ken Follett,Histórica,19.46,1,46,Masculino,2024-02-25,Kindle,Online,Tienda Online,PayPal,3
V001036,978-8-11504-796-1,El código Da Vinci,Dan Brown,Thriller,15.21,1,26,Femenino,2024-09-29,Bolsillo,Online,Tienda Online,Bizum,1
V001037,978-3-99733-432-0,Don Quijote de la Mancha,Miguel de Cervantes,Clásico,21.89,2,16,No binario,2025-11-09,Bolsillo,Online,Tienda Online,Tarjeta,5
V001038,978-2-58520-463-3,Sinsajo,Suzanne Collins,Fantasía Juvenil,14.9,1,17,No binario,2024-12-03,Tapa dura,Física,Librería Sevilla Triana,Transferencia,3
V001039,978-2-58520-463-3,Sinsajo,Suzanne Collins,Fantasía Juvenil,11.92,1,19,Femenino,2024-08-25,Tapa dura,Online,Tienda Online,PayPal,5
V001040,978-3-39256-242-1,El amor en los tiempos del cólera,Gabriel García Márquez,Ficción,14.88,1,25,Prefiere no decir,2025-01-03,Tapa dura,Física,Librería Sevilla Triana,Efectivo,2
V001041,978-9-51245-317-7,La sombra del viento,Carlos Ruiz Zafón,Ficción,20.35,2,61,No binario,2024-03-27,Bolsillo,Online,Tienda Online,PayPal,4
V001042,978-9-38864-107-1,James y el melocotón gigante,Roald Dahl,Infantil,11.45,3,11,Femenino,2023-12-11,Kindle,Online,Tienda Online,PayPal,5
V001043,978-9-38864-107-1,James y el melocotón gigante,Roald Dahl,Infantil,11.45,1,5,Masculino,2023-11-23,Tapa dura,Online,Tienda Online,PayPal,3
V001044,978-9-78522-423-4,Maus,Art Spiegelman,Cómic,16.9,2,19,Prefiere no decir,2025-03-26,Bolsillo,Online,Tienda Online,Bizum,
V001045,978-5-74042-119-1,Sapiens,Yuval Noah Harari,Ensayo,23.0,1,67,Femenino,2023-06-01,Bolsillo,Online,Tienda Online,Bizum,2
V001046,978-3-99733-432-0,Don Quijote de la Mancha,Miguel de Cervantes,Clásico,17.91,1,37,Prefiere no decir,2024-04-13,Kindle,Online,Tienda Online,Tarjeta,3
V001047,978-5-19287-626-3,Coraline,Neil Gaiman,Fantasía Juvenil,11.12,1,14,No binario,2024-02-10,Kindle,Online,Tienda Online,Transferencia,
V001048,978-4-10851-877-2,El nombre del viento,Patrick Rothfuss,Fantasía,24.09,1,67,Femenino,2025-11-30,Tapa dura,Física,Librería Sevilla Triana,Transferencia,5
V001049,978-3-54118-204-1,Juego de Tronos,George R.R. Martin,Fantasía,19.9,1,75,Femenino,2025-01-24,Tapa dura,Física,Librería Barcelona Gòtic,Tarjeta,5
V001050,978-9-78522-423-4,Maus,Art Spiegelman,Cómic,16.9,2,17,Masculino,2025-08-14,Tapa dura,Online,Tienda Online,Transferencia,3
V001051,978-3-62923-222-9,El gen egoísta,Richard Dawkins,Ciencia,17.9,3,48,Femenino,2025-03-22,Bolsillo,Online,Tienda Online,Transferencia,5
V001052,978-8-11504-796-1,El código Da Vinci,Dan Brown,Thriller,18.59,1,56,Masculino,2023-12-10,Bolsillo,Física,Librería Valencia Centro,Transferencia,5
V001053,978-1-13278-859-4,Cien años de soledad,Gabriel García Márquez,Ficción,18.9,1,49,No binario,2023-09-07,Tapa dura,Online,Tienda Online,Tarjeta,5
V001054,978-3-62565-160-2,El día que se perdió la cordura,Javier Castillo,Thriller,18.9,1,27,No binario,2024-03-28,Bolsillo,Online,Tienda Online,Bizum,5
V001055,978-3-62923-222-9,El gen egoísta,Richard Dawkins,Ciencia,18.79,1,17,No binario,2025-10-05,Tapa dura,Física,Librería Valencia Centro,Transferencia,4
V001056,978-6-56438-533-6,Misery,Stephen King,Terror,18.59,1,35,Femenino,2025-05-31,Kindle,Online,Tienda Online,Tarjeta,3
V001057,978-3-99733-432-0,Don Quijote de la Mancha,Miguel de Cervantes,Clásico,19.9,1,64,No binario,2024-04-17,Bolsillo,Online,Tienda Online,Tarjeta,5
V001058,978-7-17100-789-1,Carrie,Stephen King,Terror,14.9,1,29,Femenino,2024-03-18,Bolsillo,Online,Tienda Online,Bizum,4
V001059,978-5-19287-626-3,Coraline,Neil Gaiman,Fantasía Juvenil,13.9,3,20,Masculino,2023-12-25,Tapa dura,Física,Librería Sevilla Triana,PayPal,4
V001060,978-2-17455-620-1,Cosmos,Carl Sagan,Ciencia,19.84,2,40,Masculino,2025-03-20,Bolsillo,Online,Tienda Online,Bizum,5
V001061,978-1-16630-767-8,Los pilares de la Tierra,Ken Follett,Histórica,17.52,1,16,Prefiere no decir,2023-05-15,Tapa dura,Online,Tienda Online,Transferencia,5
V001062,978-6-46434-564-5,En llamas,Suzanne Collins,Fantasía Juvenil,11.92,1,17,No binario,2024-01-21,Tapa dura,Física,Librería Valencia Centro,Tarjeta,5
V001063,978-0-51104-158-0,Manual de cocina fácil,Karlos Arguiñano,Cocina,18.79,3,60,No binario,2025-02-09,Bolsillo,Online,Tienda Online,PayPal,4
V001064,978-6-38893-559-9,Dune,Frank Herbert,Ciencia Ficción,24.04,1,23,No binario,2023-11-28,Bolsillo,Física,Librería Barcelona Gòtic,Tarjeta,5
V001065,978-0-51104-158-0,Manual de cocina fácil,Karlos Arguiñano,Cocina,14.32,2,52,No binario,2025-08-05,Tapa dura,Online,Tienda Online,Tarjeta,3
V001066,978-8-36062-833-8,Crónicas marcianas,Ray Bradbury,Ciencia Ficción,15.96,2,49,Femenino,2024-01-24,Tapa dura,Online,Tienda Online,PayPal,4
V001067,978-8-33416-619-1,La chica del tren,Paula Hawkins,Thriller,14.31,1,30,Masculino,2023-03-29,Kindle,Online,Tienda Online,Bizum,5
V001068,978-1-48469-545-2,Origen,Dan Brown,Thriller,19.9,1,40,Masculino,2023-09-16,Tapa dura,Física,Librería Sevilla Triana,Transferencia,4
V001069,978-3-97782-833-5,V de Vendetta,Alan Moore,Cómic,17.01,1,68,No binario,2023-02-22,Tapa dura,Online,Tienda Online,Transferencia,5
V001070,978-2-18981-709-1,Una breve historia del tiempo,Stephen Hawking,Ciencia,16.9,2,29,Prefiere no decir,2025-02-07,Kindle,Online,Tienda Online,Bizum,3
V001071,978-3-85880-708-0,Persépolis,Marjane Satrapi,Cómic,16.7,1,16,Masculino,2024-12-02,Tapa dura,Física,Librería Barcelona Gòtic,Tarjeta,5
V001072,978-3-54118-204-1,Juego de Tronos,George R.R. Martin,Fantasía,19.9,1,50,Masculino,2024-07-28,Tapa dura,Física,Librería Valencia Centro,Efectivo,3
V001073,978-9-18326-494-6,Romancero gitano,Federico García Lorca,Poesía,11.99,1,48,No binario,2023-11-07,Tapa dura,Online,Tienda Online,Transferencia,4
V001074,978-5-19287-626-3,Coraline,Neil Gaiman,Fantasía Juvenil,13.9,1,11,No binario,2024-04-10,Tapa dura,Física,Librería Sevilla Triana,Tarjeta,5
V001075,978-6-22676-467-5,Choque de Reyes,George R.R. Martin,Fantasía,17.91,4,62,Femenino,2025-07-20,Bolsillo,Online,Tienda Online,Transferencia,2
V001076,978-4-93886-804-8,Guerra y paz,León Tolstói,Clásico,19.92,1,45,Masculino,2023-04-26,Bolsillo,Online,Tienda Online,PayPal,4
V001077,978-1-42591-296-3,Frankenstein,Mary Shelley,Terror,9.52,1,37,Masculino,2024-06-06,Bolsillo,Física,Librería Sevilla Triana,Bizum,5
V001078,978-3-31417-573-6,Ana Karenina,León Tolstói,Clásico,16.9,1,54,Femenino,2024-02-04,Tapa dura,Física,Librería Central Madrid,PayPal,
V001079,978-8-33416-619-1,La chica del tren,Paula Hawkins,Thriller,13.52,1,52,No binario,2025-06-09,Kindle,Online,Tienda Online,Tarjeta,5
V001080,978-1-16630-767-8,Los pilares de la Tierra,Ken Follett,Histórica,23.0,2,62,No binario,2025-11-05,Kindle,Online,Tienda Online,PayPal,4
V001081,978-8-36062-833-8,Crónicas marcianas,Ray Bradbury,Ciencia Ficción,16.72,1,66,Femenino,2023-04-24,Kindle,Online,Tienda Online,Transferencia,2
V001082,978-9-65461-316-8,"Padre rico, padre pobre",Robert Kiyosaki,Finanzas,17.75,1,25,Prefiere no decir,2024-01-16,Bolsillo,Física,Librería Central Madrid,Bizum,4
V001083,978-5-74042-119-1,Sapiens,Yuval Noah Harari,Ensayo,19.71,1,36,No binario,2023-02-19,Kindle,Online,Tienda Online,PayPal,
V001084,978-8-11504-796-1,El código Da Vinci,Dan Brown,Thriller,14.36,1,54,Femenino,2024-04-19,Kindle,Online,Tienda Online,Efectivo,5
V001085,978-9-71348-641-4,Veinte poemas de amor,Pablo Neruda,Poesía,7.92,1,16,Femenino,2025-12-02,Bolsillo,Online,Tienda Online,Transferencia,5
V001086,978-9-38864-107-1,James y el melocotón gigante,Roald Dahl,Infantil,10.9,2,12,Femenino,2024-02-27,Bolsillo,Física,Librería Barcelona Gòtic,Transferencia,5
V001087,978-6-34957-196-1,El resplandor,Stephen King,Terror,18.9,1,32,Femenino,2025-11-17,Kindle,Online,Tienda Online,Efectivo,5
V001088,978-2-46509-573-3,La peste,Albert Camus,Clásico,14.9,1,22,No binario,2023-11-15,Tapa dura,Física,Librería Valencia Centro,PayPal,5
V001089,978-2-46509-573-3,La peste,Albert Camus,Clásico,14.9,2,24,Femenino,2023-05-05,Tapa dura,Online,Tienda Online,Tarjeta,4
V001090,978-8-31643-371-8,Hábitos atómicos,James Clear,Autoayuda,18.9,1,41,Femenino,2025-11-07,Kindle,Online,Tienda Online,Efectivo,5
V001091,978-0-22224-871-3,Un mundo sin fin,Ken Follett,Histórica,20.61,1,37,Prefiere no decir,2024-12-26,Tapa dura,Física,Librería Sevilla Triana,Bizum,5
V001092,978-6-54597-384-2,El temor de un hombre sabio,Patrick Rothfuss,Fantasía,22.41,2,42,No binario,2025-10-20,Kindle,Online,Tienda Online,Transferencia,
V001093,978-8-31643-371-8,Hábitos atómicos,James Clear,Autoayuda,19.84,1,38,Masculino,2025-04-03,Kindle,Online,Tienda Online,PayPal,5
V001094,978-6-10282-499-4,Patria,Fernando Aramburu,Ficción,15.92,1,75,Masculino,2023-05-30,Kindle,Online,Tienda Online,Transferencia,
V001095,978-4-10851-877-2,El nombre del viento,Patrick Rothfuss,Fantasía,21.9,1,28,Femenino,2024-09-20,Kindle,Online,Tienda Online,Transferencia,5
V001096,978-0-87110-667-3,Charlie y la fábrica de chocolate,Roald Dahl,Infantil,11.9,1,9,Prefiere no decir,2024-06-13,Kindle,Online,Tienda Online,Bizum,5
V001097,978-6-86484-508-5,Ficciones,Jorge Luis Borges,Clásico,11.92,1,47,Masculino,2025-06-01,Kindle,Online,Tienda Online,Tarjeta,5
V001098,978-1-16630-767-8,Los pilares de la Tierra,Ken Follett,Histórica,23.0,2,18,Prefiere no decir,2025-07-06,Tapa dura,Online,Tienda Online,PayPal,
V001099,978-8-11504-796-1,El código Da Vinci,Dan Brown,Thriller,17.75,1,42,No binario,2023-04-18,Kindle,Online,Tienda Online,Tarjeta,5
V001100,978-5-50306-345-0,Homo Deus,Yuval Noah Harari,Ensayo,17.52,1,44,No binario,2025-05-21,Bolsillo,Física,Librería Central Madrid,Bizum,4
V001101,978-3-99733-432-0,Don Quijote de la Mancha,Miguel de Cervantes,Clásico,19.9,3,56,Masculino,2025-10-19,Tapa dura,Física,Librería Valencia Centro,PayPal,5
V001102,978-9-51245-317-7,La sombra del viento,Carlos Ruiz Zafón,Ficción,16.65,2,42,Prefiere no decir,2024-12-28,Kindle,Online,Tienda Online,Transferencia,
V001103,978-0-40007-169-0,El Principito ilustrado,Antoine de Saint-Exupéry,Infantil,12.72,1,12,Prefiere no decir,2023-12-09,Tapa dura,Online,Tienda Online,Efectivo,
V001104,978-2-63269-597-7,La chica de nieve,Javier Castillo,Thriller,20.79,1,18,Femenino,2025-08-09,Kindle,Online,Tienda Online,Efectivo,
V001105,978-5-50306-345-0,Homo Deus,Yuval Noah Harari,Ensayo,21.9,1,17,Prefiere no decir,2023-06-14,Kindle,Online,Tienda Online,Tarjeta,5
V001106,978-5-74042-119-1,Sapiens,Yuval Noah Harari,Ensayo,17.52,1,61,Masculino,2025-11-27,Kindle,Online,Tienda Online,Tarjeta,3
V001107,978-6-56438-533-6,Misery,Stephen King,Terror,15.21,2,30,Masculino,2023-11-14,Tapa dura,Física,Librería Central Madrid,Transferencia,5
V001108,978-9-38864-107-1,James y el melocotón gigante,Roald Dahl,Infantil,9.81,2,7,Prefiere no decir,2023-10-12,Tapa dura,Online,Tienda Online,PayPal,3
V001109,978-3-54118-204-1,Juego de Tronos,George R.R. Martin,Fantasía,15.92,1,35,Prefiere no decir,2024-02-18,Bolsillo,Online,Tienda Online,Efectivo,5
V001110,978-6-56438-533-6,Misery,Stephen King,Terror,16.9,1,33,No binario,2023-01-24,Kindle,Online,Tienda Online,Transferencia,5
V001111,978-0-40007-169-0,El Principito ilustrado,Antoine de Saint-Exupéry,Infantil,15.9,3,10,Prefiere no decir,2024-11-03,Bolsillo,Física,Librería Sevilla Triana,Efectivo,5
V001112,978-3-99733-432-0,Don Quijote de la Mancha,Miguel de Cervantes,Clásico,19.9,2,41,Prefiere no decir,2024-10-24,Bolsillo,Online,Tienda Online,Transferencia,5
V001113,978-9-78522-423-4,Maus,Art Spiegelman,Cómic,16.9,1,53,Prefiere no decir,2023-08-26,Bolsillo,Online,Tienda Online,Efectivo,5
V001114,978-1-42591-296-3,Frankenstein,Mary Shelley,Terror,13.09,3,47,No binario,2025-10-15,Tapa dura,Física,Librería Sevilla Triana,Bizum,4
V001115,978-8-11504-796-1,El código Da Vinci,Dan Brown,Thriller,17.75,1,27,Prefiere no decir,2024-05-16,Tapa dura,Física,Librería Valencia Centro,Tarjeta,4
V001116,978-3-50857-508-5,Piense y hágase rico,Napoleon Hill,Finanzas,13.9,2,53,No binario,2024-06-11,Tapa dura,Online,Tienda Online,Efectivo,4
V001117,978-9-18326-494-6,Romancero gitano,Federico García Lorca,Poesía,8.72,1,71,Prefiere no decir,2025-03-10,Kindle,Online,Tienda Online,PayPal,5
V001118,978-1-16175-981-1,Pedro Páramo,Juan Rulfo,Clásico,12.9,1,36,No binario,2023-07-17,Bolsillo,Física,Librería Sevilla Triana,Efectivo,5
V001119,978-8-68800-243-6,El extranjero,Albert Camus,Clásico,11.61,3,20,Prefiere no decir,2023-07-15,Bolsillo,Física,Librería Central Madrid,Tarjeta,4
V001120,978-1-68082-927-8,Náuseas,Jean-Paul Sartre,Clásico,13.9,1,56,Masculino,2023-10-22,Tapa dura,Online,Tienda Online,PayPal,4
V001121,978-6-38893-559-9,Dune,Frank Herbert,Ciencia Ficción,22.9,1,18,Femenino,2023-04-17,Kindle,Online,Tienda Online,PayPal,
V001122,978-7-30289-294-4,Nada,Carmen Laforet,Clásico,13.9,1,27,Masculino,2023-05-27,Bolsillo,Física,Librería Sevilla Triana,Transferencia,5
V001123,978-3-97782-833-5,V de Vendetta,Alan Moore,Cómic,15.12,2,22,Prefiere no decir,2025-08-24,Bolsillo,Física,Librería Barcelona Gòtic,Tarjeta,4
V001124,978-6-54597-384-2,El temor de un hombre sabio,Patrick Rothfuss,Fantasía,24.9,1,16,No binario,2024-04-10,Bolsillo,Online,Tienda Online,PayPal,
V001125,978-9-71953-348-7,It,Stephen King,Terror,22.9,1,36,Prefiere no decir,2024-01-03,Tapa dura,Online,Tienda Online,Tarjeta,3
V001126,978-0-13905-195-3,Rebelión en la granja,George Orwell,Ficción,10.0,1,40,Femenino,2025-05-26,Bolsillo,Online,Tienda Online,PayPal,4
V001127,978-2-58520-463-3,Sinsajo,Suzanne Collins,Fantasía Juvenil,16.39,1,10,Prefiere no decir,2025-05-03,Bolsillo,Online,Tienda Online,Efectivo,4
V001128,978-2-58520-463-3,Sinsajo,Suzanne Collins,Fantasía Juvenil,11.92,1,17,Femenino,2024-05-15,Bolsillo,Física,Librería Valencia Centro,PayPal,3
V001129,978-9-18326-494-6,Romancero gitano,Federico García Lorca,Poesía,11.99,1,18,Femenino,2025-01-22,Kindle,Online,Tienda Online,Bizum,4
V001130,978-9-18326-494-6,Romancero gitano,Federico García Lorca,Poesía,11.45,1,55,Masculino,2025-08-09,Bolsillo,Online,Tienda Online,Transferencia,3
V001131,978-1-48469-545-2,Origen,Dan Brown,Thriller,19.9,3,35,Masculino,2024-03-15,Kindle,Online,Tienda Online,PayPal,5
V001132,978-1-40512-987-1,Los juegos del hambre,Suzanne Collins,Fantasía Juvenil,11.92,1,15,No binario,2025-12-19,Bolsillo,Online,Tienda Online,PayPal,4
V001133,978-4-99593-763-1,Crimen y castigo,Fiódor Dostoyevski,Clásico,14.19,1,39,No binario,2025-06-28,Kindle,Online,Tienda Online,Transferencia,4
V001134,978-7-47388-533-8,Los besos,Manuel Vilas,Ficción,20.79,1,57,Prefiere no decir,2023-10-22,Tapa dura,Online,Tienda Online,PayPal,5
V001135,978-3-17665-693-8,La familia de Pascual Duarte,Camilo José Cela,Clásico,13.55,1,32,Masculino,2023-01-12,Kindle,Online,Tienda Online,Transferencia,5
V001136,978-8-44973-887-5,Ángeles y demonios,Dan Brown,Thriller,17.75,1,41,Femenino,2025-04-21,Tapa dura,Física,Librería Sevilla Triana,Tarjeta,4
V001137,978-6-34957-196-1,El resplandor,Stephen King,Terror,17.01,1,27,Femenino,2024-09-19,Kindle,Online,Tienda Online,PayPal,5
V001138,978-1-16175-981-1,Pedro Páramo,Juan Rulfo,Clásico,10.32,1,23,Prefiere no decir,2025-11-19,Kindle,Online,Tienda Online,Transferencia,2
V001139,978-9-93227-275-8,Los hermanos Karamázov,Fiódor Dostoyevski,Clásico,18.9,1,51,No binario,2023-04-27,Tapa dura,Online,Tienda Online,Transferencia,5
V001140,978-2-63269-597-7,La chica de nieve,Javier Castillo,Thriller,20.79,2,24,Masculino,2023-11-13,Bolsillo,Online,Tienda Online,Tarjeta,5
V001141,978-3-31417-573-6,Ana Karenina,León Tolstói,Clásico,15.21,1,17,Masculino,2023-06-07,Tapa dura,Online,Tienda Online,Efectivo,5
V001142,978-9-71953-348-7,It,Stephen King,Terror,22.9,1,56,Prefiere no decir,2025-02-03,Tapa dura,Online,Tienda Online,Tarjeta,5
V001143,978-9-20745-529-9,Watchmen,Alan Moore,Cómic,23.0,2,65,Masculino,2024-09-09,Tapa dura,Online,Tienda Online,Bizum,5
V001144,978-6-38893-559-9,Dune,Frank Herbert,Ciencia Ficción,22.9,2,19,No binario,2025-02-27,Tapa dura,Física,Librería Central Madrid,Bizum,5
V001145,978-8-27342-840-9,Stardust,Neil Gaiman,Fantasía,13.52,1,65,No binario,2024-11-01,Tapa dura,Online,Tienda Online,PayPal,5
V001146,978-2-26828-775-7,Los cuatro acuerdos,Miguel Ruiz,Autoayuda,13.55,1,61,Masculino,2023-06-05,Bolsillo,Física,Librería Gran Vía,Tarjeta,4
V001147,978-9-65461-316-8,"Padre rico, padre pobre",Robert Kiyosaki,Finanzas,15.21,2,27,Femenino,2025-12-31,Tapa dura,Física,Librería Valencia Centro,Bizum,4
V001148,978-9-65461-316-8,"Padre rico, padre pobre",Robert Kiyosaki,Finanzas,18.59,2,35,Masculino,2025-02-07,Kindle,Online,Tienda Online,Tarjeta,5
V001149,978-7-19071-878-8,El poder del ahora,Eckhart Tolle,Autoayuda,14.9,2,48,Masculino,2023-05-15,Bolsillo,Online,Tienda Online,Efectivo,5
V001150,978-6-45093-167-3,Paula,Isabel Allende,Biografía,16.7,1,18,Femenino,2023-01-29,Bolsillo,Online,Tienda Online,Tarjeta,5
V001151,978-7-77839-562-1,El principito,Antoine de Saint-Exupéry,Infantil,10.4,1,9,Masculino,2025-09-26,Tapa dura,Online,Tienda Online,Bizum,5
V001152,978-0-62772-845-5,Drácula,Bram Stoker,Terror,13.55,2,69,Prefiere no decir,2023-11-22,Kindle,Online,Tienda Online,PayPal,5
V001153,978-7-17100-789-1,Carrie,Stephen King,Terror,14.9,1,45,Masculino,2023-12-27,Tapa dura,Online,Tienda Online,Efectivo,1
V001154,978-6-86484-508-5,Ficciones,Jorge Luis Borges,Clásico,15.65,1,30,Prefiere no decir,2023-03-31,Bolsillo,Online,Tienda Online,Bizum,5
V001155,978-8-31643-371-8,Hábitos atómicos,James Clear,Autoayuda,19.84,1,22,No binario,2024-02-21,Tapa dura,Física,Librería Barcelona Gòtic,Bizum,5
V001156,978-0-87110-667-3,Charlie y la fábrica de chocolate,Roald Dahl,Infantil,12.5,1,9,Femenino,2024-07-03,Bolsillo,Online,Tienda Online,Tarjeta,4
V001157,978-2-18981-709-1,Una breve historia del tiempo,Stephen Hawking,Ciencia,16.9,2,68,Masculino,2023-10-12,Kindle,Online,Tienda Online,Bizum,5
V001158,978-3-30032-482-2,Los hombres que no amaban a las mujeres,Stieg Larsson,Thriller,14.32,2,65,Masculino,2024-06-15,Tapa dura,Física,Librería Sevilla Triana,Transferencia,4
V001159,978-4-97684-597-3,American Gods,Neil Gaiman,Fantasía,19.9,1,52,Masculino,2025-06-23,Kindle,Online,Tienda Online,Efectivo,5
V001160,978-8-79514-100-9,La chica en la telaraña,David Lagercrantz,Thriller,18.79,1,65,No binario,2023-03-02,Bolsillo,Física,Librería Valencia Centro,Bizum,5
V001161,978-3-39451-165-5,Matilda,Roald Dahl,Infantil,11.9,1,12,Masculino,2024-03-18,Bolsillo,Física,Librería Gran Vía,Transferencia,4
V001162,978-3-28131-621-7,El Aleph,Jorge Luis Borges,Clásico,12.51,1,20,No binario,2025-05-30,Bolsillo,Física,Librería Central Madrid,Tarjeta,4
V001163,978-5-50306-345-0,Homo Deus,Yuval Noah Harari,Ensayo,24.09,1,32,Prefiere no decir,2025-08-24,Tapa dura,Física,Librería Barcelona Gòtic,Tarjeta,5
V001164,978-6-86484-508-5,Ficciones,Jorge Luis Borges,Clásico,11.92,2,67,No binario,2023-12-17,Kindle,Online,Tienda Online,Transferencia,5
V001165,978-9-78522-423-4,Maus,Art Spiegelman,Cómic,14.36,1,49,Prefiere no decir,2025-12-18,Kindle,Online,Tienda Online,Transferencia,5
V001166,978-4-97684-597-3,American Gods,Neil Gaiman,Fantasía,19.9,1,18,Masculino,2024-09-12,Kindle,Online,Tienda Online,Bizum,5
V001167,978-2-18981-709-1,Una breve historia del tiempo,Stephen Hawking,Ciencia,14.36,1,66,No binario,2023-04-26,Bolsillo,Online,Tienda Online,Bizum,2
V001168,978-1-13278-859-4,Cien años de soledad,Gabriel García Márquez,Ficción,20.79,2,71,Masculino,2025-08-25,Tapa dura,Física,Librería Sevilla Triana,PayPal,5
V001169,978-4-99593-763-1,Crimen y castigo,Fiódor Dostoyevski,Clásico,10.96,1,37,Prefiere no decir,2023-06-02,Kindle,Online,Tienda Online,Bizum,4
V001170,978-2-26828-775-7,Los cuatro acuerdos,Miguel Ruiz,Autoayuda,12.9,1,57,Masculino,2023-05-21,Bolsillo,Online,Tienda Online,Efectivo,5
V001171,978-4-99593-763-1,Crimen y castigo,Fiódor Dostoyevski,Clásico,12.9,1,21,No binario,2025-04-27,Kindle,Online,Tienda Online,Transferencia,4
V001172,978-4-93748-619-9,Perdida,Gillian Flynn,Thriller,17.32,1,66,Prefiere no decir,2024-10-29,Bolsillo,Física,Librería Gran Vía,Transferencia,5
V001173,978-2-92240-263-6,La casa de Bernarda Alba,Federico García Lorca,Teatro,10.89,2,19,Femenino,2023-12-24,Kindle,Online,Tienda Online,PayPal,4
V001174,978-3-85880-708-0,Persépolis,Marjane Satrapi,Cómic,13.52,1,43,Prefiere no decir,2024-12-15,Bolsillo,Online,Tienda Online,PayPal,5
V001175,978-3-28131-621-7,El Aleph,Jorge Luis Borges,Clásico,13.9,3,55,Masculino,2025-08-14,Bolsillo,Física,Librería Central Madrid,Bizum,5
V001176,978-6-56438-533-6,Misery,Stephen King,Terror,17.75,1,62,Prefiere no decir,2025-05-18,Tapa dura,Online,Tienda Online,Efectivo,
V001177,978-4-97684-597-3,American Gods,Neil Gaiman,Fantasía,21.89,2,23,Masculino,2024-02-21,Tapa dura,Física,Librería Barcelona Gòtic,PayPal,4
V001178,978-9-20745-529-9,Watchmen,Alan Moore,Cómic,18.61,1,42,Prefiere no decir,2023-09-17,Tapa dura,Física,Librería Sevilla Triana,Bizum,
V001179,978-9-72493-614-8,El chef en casa,Jamie Oliver,Cocina,19.9,1,54,Masculino,2025-10-20,Bolsillo,Online,Tienda Online,PayPal,1
V001180,978-4-10851-877-2,El nombre del viento,Patrick Rothfuss,Fantasía,19.71,1,68,No binario,2025-09-02,Kindle,Online,Tienda Online,PayPal,4
V001181,978-5-19287-626-3,Coraline,Neil Gaiman,Fantasía Juvenil,14.6,1,13,Masculino,2024-05-16,Kindle,Online,Tienda Online,Transferencia,5
V001182,978-1-13278-859-4,Cien años de soledad,Gabriel García Márquez,Ficción,17.01,1,69,Prefiere no decir,2024-11-30,Tapa dura,Online,Tienda Online,PayPal,5
V001183,978-6-38893-559-9,Dune,Frank Herbert,Ciencia Ficción,22.9,1,38,No binario,2025-01-01,Kindle,Online,Tienda Online,Transferencia,2
V001184,978-3-31417-573-6,Ana Karenina,León Tolstói,Clásico,13.52,1,71,Prefiere no decir,2025-03-11,Tapa dura,Online,Tienda Online,Transferencia,5
V001185,978-0-87110-667-3,Charlie y la fábrica de chocolate,Roald Dahl,Infantil,11.9,2,7,Femenino,2023-12-04,Tapa dura,Online,Tienda Online,Efectivo,5
V001186,978-3-39451-165-5,Matilda,Roald Dahl,Infantil,12.5,3,6,No binario,2025-01-08,Kindle,Online,Tienda Online,Bizum,5
V001187,978-3-14207-924-5,La casa de los espíritus,Isabel Allende,Ficción,17.9,1,35,Femenino,2025-02-15,Kindle,Online,Tienda Online,Efectivo,4
V001188,978-1-16630-767-8,Los pilares de la Tierra,Ken Follett,Histórica,23.0,1,41,Femenino,2025-07-17,Bolsillo,Online,Tienda Online,Bizum,4
V001189,978-0-87110-667-3,Charlie y la fábrica de chocolate,Roald Dahl,Infantil,9.52,2,7,Femenino,2023-12-03,Kindle,Online,Tienda Online,Bizum,4
V001190,978-8-31643-371-8,Hábitos atómicos,James Clear,Autoayuda,15.12,1,43,No binario,2023-10-14,Tapa dura,Física,Librería Gran Vía,Transferencia,5
V001191,978-4-10851-877-2,El nombre del viento,Patrick Rothfuss,Fantasía,24.09,2,68,Prefiere no decir,2024-06-14,Kindle,Online,Tienda Online,Tarjeta,4
V001192,978-8-68800-243-6,El extranjero,Albert Camus,Clásico,14.19,1,27,Prefiere no decir,2024-08-23,Kindle,Online,Tienda Online,Transferencia,3
V001193,978-1-82357-400-9,Harry Potter y la piedra filosofal,J.K. Rowling,Fantasía Juvenil,16.7,1,20,No binario,2024-12-11,Tapa dura,Online,Tienda Online,Bizum,3
V001194,978-8-79514-100-9,La chica en la telaraña,David Lagercrantz,Thriller,14.32,1,22,Masculino,2025-10-30,Tapa dura,Física,Librería Barcelona Gòtic,PayPal,5
V001195,978-8-36062-833-8,Crónicas marcianas,Ray Bradbury,Ciencia Ficción,15.2,1,63,Femenino,2023-12-27,Tapa dura,Online,Tienda Online,Transferencia,5
V001196,978-8-79514-100-9,La chica en la telaraña,David Lagercrantz,Thriller,18.79,1,36,Femenino,2023-10-09,Bolsillo,Física,Librería Gran Vía,Tarjeta,4
V001197,978-0-62772-845-5,Drácula,Bram Stoker,Terror,12.9,4,54,No binario,2023-03-10,Bolsillo,Física,Librería Valencia Centro,Tarjeta,5
V001198,978-0-40007-169-0,El Principito ilustrado,Antoine de Saint-Exupéry,Infantil,12.72,1,11,Masculino,2024-10-29,Tapa dura,Online,Tienda Online,Efectivo,5
V001199,978-1-16175-981-1,Pedro Páramo,Juan Rulfo,Clásico,12.9,1,40,Prefiere no decir,2023-01-07,Tapa dura,Física,Librería Barcelona Gòtic,Bizum,
V001200,978-4-28301-352-8,El prisionero del cielo,Carlos Ruiz Zafón,Ficción,19.69,1,18,Femenino,2024-03-24,Kindle,Online,Tienda Online,Efectivo,4
V001201,978-3-54118-204-1,Juego de Tronos,George R.R. Martin,Fantasía,19.9,1,20,Masculino,2025-06-27,Kindle,Online,Tienda Online,PayPal,
V001202,978-6-86484-508-5,Ficciones,Jorge Luis Borges,Clásico,13.41,2,49,No binario,2024-01-04,Bolsillo,Online,Tienda Online,Tarjeta,1
V001203,978-4-93748-619-9,Perdida,Gillian Flynn,Thriller,17.32,2,22,Prefiere no decir,2025-10-22,Kindle,Online,Tienda Online,Transferencia,1
V001204,978-3-62923-222-9,El gen egoísta,Richard Dawkins,Ciencia,14.32,2,42,Masculino,2025-04-02,Bolsillo,Física,Librería Barcelona Gòtic,Efectivo,5
V001205,978-3-84364-180-1,21 lecciones para el siglo XXI,Yuval Noah Harari,Ensayo,15.92,2,36,Prefiere no decir,2023-09-30,Kindle,Online,Tienda Online,Efectivo,5
V001206,978-4-28301-352-8,El prisionero del cielo,Carlos Ruiz Zafón,Ficción,18.79,1,41,Prefiere no decir,2023-07-27,Tapa dura,Física,Librería Barcelona Gòtic,Bizum,5
V001207,978-4-99593-763-1,Crimen y castigo,Fiódor Dostoyevski,Clásico,12.9,4,61,Femenino,2025-06-15,Kindle,Online,Tienda Online,Tarjeta,5
V001208,978-9-18326-494-6,Romancero gitano,Federico García Lorca,Poesía,10.9,1,59,Masculino,2023-01-02,Kindle,Online,Tienda Online,Efectivo,4
V001209,978-5-74042-119-1,Sapiens,Yuval Noah Harari,Ensayo,17.52,1,22,Masculino,2024-04-05,Tapa dura,Física,Librería Valencia Centro,Efectivo,3
V001210,978-0-13905-195-3,Rebelión en la granja,George Orwell,Ficción,12.5,1,46,Prefiere no decir,2025-05-23,Kindle,Online,Tienda Online,Bizum,3
V001211,978-4-97684-597-3,American Gods,Neil Gaiman,Fantasía,19.9,1,72,No binario,2023-10-25,Bolsillo,Online,Tienda Online,Bizum,5
V001212,978-8-44438-864-9,Rayuela,Julio Cortázar,Clásico,14.36,2,47,No binario,2023-04-09,Bolsillo,Física,Librería Sevilla Triana,Transferencia,4
V001213,978-3-97782-833-5,V de Vendetta,Alan Moore,Cómic,15.12,2,44,Femenino,2023-10-31,Bolsillo,Física,Librería Central Madrid,PayPal,4
V001214,978-5-85674-296-1,Harry Potter y la cámara secreta,J.K. Rowling,Fantasía Juvenil,15.9,1,18,No binario,2023-09-16,Kindle,Online,Tienda Online,Bizum,
V001215,978-0-96673-333-4,Harry Potter y el prisionero de Azkaban,J.K. Rowling,Fantasía Juvenil,16.9,1,19,Masculino,2024-05-08,Bolsillo,Física,Librería Gran Vía,Bizum,4
V001216,978-2-63269-597-7,La chica de nieve,Javier Castillo,Thriller,18.9,3,23,Femenino,2023-01-11,Bolsillo,Online,Tienda Online,Transferencia,4
V001217,978-7-80284-227-6,El Señor de los Anillos,J.R.R. Tolkien,Fantasía,31.39,1,48,Femenino,2024-11-22,Kindle,Online,Tienda Online,Bizum,3
V001218,978-3-99733-432-0,Don Quijote de la Mancha,Miguel de Cervantes,Clásico,19.9,1,56,Prefiere no decir,2025-03-21,Tapa dura,Física,Librería Gran Vía,Bizum,4
V001219,978-1-16175-981-1,Pedro Páramo,Juan Rulfo,Clásico,10.96,1,21,Prefiere no decir,2024-03-21,Kindle,Online,Tienda Online,Bizum,5
V001220,978-8-36062-833-8,Crónicas marcianas,Ray Bradbury,Ciencia Ficción,15.2,4,63,Femenino,2024-09-07,Tapa dura,Física,Librería Gran Vía,Transferencia,5
V001221,978-3-17665-693-8,La familia de Pascual Duarte,Camilo José Cela,Clásico,13.55,2,19,No binario,2025-05-30,Kindle,Online,Tienda Online,Efectivo,
V001222,978-9-65461-316-8,"Padre rico, padre pobre",Robert Kiyosaki,Finanzas,14.36,1,48,Femenino,2023-07-13,Bolsillo,Online,Tienda Online,Tarjeta,4
V001223,978-3-99733-432-0,Don Quijote de la Mancha,Miguel de Cervantes,Clásico,16.91,1,37,Prefiere no decir,2025-11-30,Bolsillo,Física,Librería Barcelona Gòtic,Efectivo,4
V001224,978-6-34957-196-1,El resplandor,Stephen King,Terror,18.9,2,19,No binario,2023-07-10,Kindle,Online,Tienda Online,PayPal,
V001225,978-9-65461-316-8,"Padre rico, padre pobre",Robert Kiyosaki,Finanzas,15.21,1,25,Femenino,2024-07-30,Tapa dura,Online,Tienda Online,Bizum,4
V001226,978-4-93748-619-9,Perdida,Gillian Flynn,Thriller,14.03,1,32,No binario,2024-01-21,Tapa dura,Física,Librería Central Madrid,Transferencia,4
V001227,978-3-62565-160-2,El día que se perdió la cordura,Javier Castillo,Thriller,15.12,1,70,Femenino,2023-12-20,Tapa dura,Física,Librería Gran Vía,Transferencia,4
V001228,978-3-17665-693-8,La familia de Pascual Duarte,Camilo José Cela,Clásico,14.19,1,36,Femenino,2025-06-30,Tapa dura,Física,Librería Central Madrid,Transferencia,5
V001229,978-7-80284-227-6,El Señor de los Anillos,J.R.R. Tolkien,Fantasía,26.91,1,56,Masculino,2024-06-25,Kindle,Online,Tienda Online,Efectivo,3
V001230,978-3-30032-482-2,Los hombres que no amaban a las mujeres,Stieg Larsson,Thriller,16.11,1,33,Femenino,2023-06-26,Kindle,Online,Tienda Online,PayPal,4
V001231,978-6-22676-467-5,Choque de Reyes,George R.R. Martin,Fantasía,17.91,1,66,Masculino,2025-02-03,Bolsillo,Online,Tienda Online,Efectivo,4
V001232,978-7-30289-294-4,Nada,Carmen Laforet,Clásico,13.9,2,40,No binario,2024-08-26,Tapa dura,Física,Librería Sevilla Triana,Bizum,5
V001233,978-9-71953-348-7,It,Stephen King,Terror,20.61,1,45,Masculino,2025-02-24,Tapa dura,Física,Librería Gran Vía,Tarjeta,5
V001234,978-8-36062-833-8,Crónicas marcianas,Ray Bradbury,Ciencia Ficción,12.92,1,26,Femenino,2024-08-04,Tapa dura,Física,Librería Barcelona Gòtic,Tarjeta,
V001235,978-3-85880-708-0,Persépolis,Marjane Satrapi,Cómic,15.9,2,50,Femenino,2024-07-10,Bolsillo,Física,Librería Barcelona Gòtic,Tarjeta,1
V001236,978-1-68082-927-8,Náuseas,Jean-Paul Sartre,Clásico,13.9,1,54,Femenino,2023-08-10,Kindle,Online,Tienda Online,Tarjeta,4
V001237,978-6-38893-559-9,Dune,Frank Herbert,Ciencia Ficción,20.61,1,27,Femenino,2023-04-02,Tapa dura,Física,Librería Sevilla Triana,Bizum,5
V001238,978-8-36062-833-8,Crónicas marcianas,Ray Bradbury,Ciencia Ficción,12.16,1,46,No binario,2024-04-30,Bolsillo,Física,Librería Barcelona Gòtic,Tarjeta,4
V001239,978-3-31417-573-6,Ana Karenina,León Tolstói,Clásico,16.9,2,26,Masculino,2023-06-09,Kindle,Online,Tienda Online,PayPal,4
V001240,978-8-44973-887-5,Ángeles y demonios,Dan Brown,Thriller,14.36,1,61,Masculino,2024-09-16,Bolsillo,Online,Tienda Online,PayPal,5
V001241,978-2-92240-263-6,La casa de Bernarda Alba,Federico García Lorca,Teatro,9.9,1,35,Femenino,2023-01-01,Bolsillo,Física,Librería Gran Vía,PayPal,5
V001242,978-3-30032-482-2,Los hombres que no amaban a las mujeres,Stieg Larsson,Thriller,18.79,4,44,Femenino,2024-11-09,Tapa dura,Física,Librería Valencia Centro,Bizum,5
V001243,978-4-97684-597-3,American Gods,Neil Gaiman,Fantasía,19.9,4,23,Masculino,2025-06-22,Bolsillo,Física,Librería Valencia Centro,Efectivo,
V001244,978-2-17455-620-1,Cosmos,Carl Sagan,Ciencia,16.06,3,34,Prefiere no decir,2024-05-07,Tapa dura,Física,Librería Sevilla Triana,PayPal,4
V001245,978-3-97782-833-5,V de Vendetta,Alan Moore,Cómic,15.12,1,24,Prefiere no decir,2025-10-12,Bolsillo,Física,Librería Valencia Centro,Tarjeta,4
V001246,978-0-51104-158-0,Manual de cocina fácil,Karlos Arguiñano,Cocina,14.32,1,45,Prefiere no decir,2025-06-24,Kindle,Online,Tienda Online,Efectivo,4
V001247,978-3-97782-833-5,V de Vendetta,Alan Moore,Cómic,18.9,1,24,Femenino,2023-05-27,Bolsillo,Online,Tienda Online,Bizum,
V001248,978-6-38893-559-9,Dune,Frank Herbert,Ciencia Ficción,22.9,1,36,Prefiere no decir,2024-01-06,Bolsillo,Física,Librería Sevilla Triana,Transferencia,5
V001249,978-3-39451-165-5,Matilda,Roald Dahl,Infantil,13.09,1,8,Masculino,2023-06-17,Bolsillo,Online,Tienda Online,PayPal,5
V001250,978-7-80284-227-6,El Señor de los Anillos,J.R.R. Tolkien,Fantasía,29.9,1,71,Femenino,2025-06-02,Tapa dura,Online,Tienda Online,Tarjeta,5
V001251,978-6-94259-569-2,El juego del ángel,Carlos Ruiz Zafón,Ficción,15.72,1,22,Masculino,2023-11-19,Tapa dura,Online,Tienda Online,Transferencia,2
V001252,978-4-97684-597-3,American Gods,Neil Gaiman,Fantasía,20.89,2,22,Femenino,2024-03-16,Bolsillo,Física,Librería Valencia Centro,PayPal,4
V001253,978-8-21395-704-6,1984,George Orwell,Ciencia Ficción,12.66,2,59,Prefiere no decir,2023-01-05,Kindle,Online,Tienda Online,Tarjeta,4
V001254,978-9-78522-423-4,Maus,Art Spiegelman,Cómic,13.52,1,21,Masculino,2024-09-27,Tapa dura,Online,Tienda Online,Tarjeta,
V001255,978-9-71348-641-4,Veinte poemas de amor,Pablo Neruda,Poesía,9.9,2,66,Prefiere no decir,2025-04-03,Kindle,Online,Tienda Online,Bizum,
V001256,978-4-99593-763-1,Crimen y castigo,Fiódor Dostoyevski,Clásico,12.9,2,28,Prefiere no decir,2025-09-22,Tapa dura,Online,Tienda Online,Efectivo,2
V001257,978-7-19071-878-8,El poder del ahora,Eckhart Tolle,Autoayuda,13.41,1,28,Femenino,2023-02-02,Bolsillo,Física,Librería Barcelona Gòtic,Efectivo,2
V001258,978-7-80284-227-6,El Señor de los Anillos,J.R.R. Tolkien,Fantasía,29.9,1,62,Masculino,2023-04-01,Bolsillo,Online,Tienda Online,PayPal,5
V001259,978-2-58520-463-3,Sinsajo,Suzanne Collins,Fantasía Juvenil,14.9,1,18,No binario,2023-12-24,Tapa dura,Física,Librería Gran Vía,Tarjeta,5
V001260,978-6-94259-569-2,El juego del ángel,Carlos Ruiz Zafón,Ficción,18.5,1,35,Femenino,2024-03-19,Kindle,Online,Tienda Online,Efectivo,5
V001261,978-8-27342-840-9,Stardust,Neil Gaiman,Fantasía,16.7,2,37,Prefiere no decir,2024-02-03,Bolsillo,Online,Tienda Online,Tarjeta,3
V001262,978-4-99593-763-1,Crimen y castigo,Fiódor Dostoyevski,Clásico,13.55,4,40,Femenino,2024-04-27,Bolsillo,Física,Librería Sevilla Triana,Efectivo,4
V001263,978-9-38864-107-1,James y el melocotón gigante,Roald Dahl,Infantil,9.81,1,8,No binario,2024-01-23,Bolsillo,Online,Tienda Online,Efectivo,
V001264,978-7-30289-294-4,Nada,Carmen Laforet,Clásico,15.29,1,49,No binario,2023-04-04,Tapa dura,Física,Librería Central Madrid,Tarjeta,
V001265,978-4-93748-619-9,Perdida,Gillian Flynn,Thriller,16.5,1,44,Femenino,2023-05-13,Kindle,Online,Tienda Online,Efectivo,
V001266,978-3-62565-160-2,El día que se perdió la cordura,Javier Castillo,Thriller,19.84,2,20,No binario,2023-07-03,Tapa dura,Física,Librería Barcelona Gòtic,Transferencia,1
V001267,978-5-19287-626-3,Coraline,Neil Gaiman,Fantasía Juvenil,11.81,1,11,Masculino,2023-08-02,Kindle,Online,Tienda Online,Transferencia,3
V001268,978-3-62923-222-9,El gen egoísta,Richard Dawkins,Ciencia,18.79,1,49,No binario,2024-12-12,Bolsillo,Online,Tienda Online,Tarjeta,4
V001269,978-4-97684-597-3,American Gods,Neil Gaiman,Fantasía,16.91,2,33,Prefiere no decir,2024-04-16,Kindle,Online,Tienda Online,PayPal,4
V001270,978-9-71953-348-7,It,Stephen King,Terror,18.32,3,61,Femenino,2023-05-05,Kindle,Online,Tienda Online,Bizum,5
V001271,978-2-63269-597-7,La chica de nieve,Javier Castillo,Thriller,20.79,1,47,No binario,2023-09-04,Bolsillo,Online,Tienda Online,PayPal,5
V001272,978-3-14207-924-5,La casa de los espíritus,Isabel Allende,Ficción,16.11,1,54,Masculino,2024-01-07,Tapa dura,Física,Librería Central Madrid,PayPal,
V001273,978-7-77839-562-1,El principito,Antoine de Saint-Exupéry,Infantil,8.42,1,5,Masculino,2023-10-27,Tapa dura,Física,Librería Sevilla Triana,Bizum,5
V001274,978-1-82357-400-9,Harry Potter y la piedra filosofal,J.K. Rowling,Fantasía Juvenil,15.9,1,13,Femenino,2023-04-01,Kindle,Online,Tienda Online,Tarjeta,4
V001275,978-1-13278-859-4,Cien años de soledad,Gabriel García Márquez,Ficción,18.9,2,27,No binario,2025-11-08,Bolsillo,Online,Tienda Online,PayPal,4
V001276,978-1-16175-981-1,Pedro Páramo,Juan Rulfo,Clásico,10.32,1,51,Femenino,2025-03-31,Bolsillo,Física,Librería Central Madrid,Efectivo,
V001277,978-4-93748-619-9,Perdida,Gillian Flynn,Thriller,13.2,1,28,Femenino,2023-03-16,Bolsillo,Online,Tienda Online,PayPal,5
V001278,978-6-86484-508-5,Ficciones,Jorge Luis Borges,Clásico,14.9,1,41,Femenino,2024-01-08,Kindle,Online,Tienda Online,Bizum,4
V001279,978-1-16630-767-8,Los pilares de la Tierra,Ken Follett,Histórica,21.9,1,66,No binario,2024-04-11,Tapa dura,Online,Tienda Online,Tarjeta,4
V001280,978-3-99733-432-0,Don Quijote de la Mancha,Miguel de Cervantes,Clásico,16.91,1,33,Prefiere no decir,2023-11-01,Tapa dura,Física,Librería Gran Vía,PayPal,5
V001281,978-9-65461-316-8,"Padre rico, padre pobre",Robert Kiyosaki,Finanzas,16.9,1,21,Prefiere no decir,2023-10-05,Kindle,Online,Tienda Online,PayPal,4
V001282,978-3-76237-716-0,Fahrenheit 451,Ray Bradbury,Ciencia Ficción,15.29,1,21,No binario,2024-01-02,Tapa dura,Online,Tienda Online,Bizum,3
V001283,978-8-68800-243-6,El extranjero,Albert Camus,Clásico,12.9,3,23,Masculino,2025-05-23,Kindle,Online,Tienda Online,Tarjeta,5
V001284,978-8-31643-371-8,Hábitos atómicos,James Clear,Autoayuda,20.79,1,29,Masculino,2023-07-25,Kindle,Online,Tienda Online,Bizum,5
V001285,978-8-36062-833-8,Crónicas marcianas,Ray Bradbury,Ciencia Ficción,15.2,1,24,No binario,2025-06-11,Bolsillo,Física,Librería Barcelona Gòtic,PayPal,5
V001286,978-3-62923-222-9,El gen egoísta,Richard Dawkins,Ciencia,17.9,1,37,Prefiere no decir,2023-07-12,Bolsillo,Online,Tienda Online,Transferencia,5
V001287,978-3-30032-482-2,Los hombres que no amaban a las mujeres,Stieg Larsson,Thriller,18.79,1,72,Femenino,2023-11-25,Kindle,Online,Tienda Online,PayPal,5
V001288,978-7-77839-562-1,El principito,Antoine de Saint-Exupéry,Infantil,10.89,2,6,Femenino,2024-05-16,Kindle,Online,Tienda Online,Transferencia,4
V001289,978-3-85880-708-0,Persépolis,Marjane Satrapi,Cómic,12.72,1,64,Masculino,2024-02-01,Tapa dura,Online,Tienda Online,Tarjeta,3
V001290,978-5-74042-119-1,Sapiens,Yuval Noah Harari,Ensayo,21.9,2,33,Masculino,2025-03-26,Kindle,Online,Tienda Online,Efectivo,1
V001291,978-0-51104-158-0,Manual de cocina fácil,Karlos Arguiñano,Cocina,15.21,1,37,Masculino,2024-10-31,Kindle,Online,Tienda Online,PayPal,4
V001292,978-1-16630-767-8,Los pilares de la Tierra,Ken Follett,Histórica,23.0,1,61,No binario,2023-12-25,Tapa dura,Física,Librería Sevilla Triana,Efectivo,3
V001293,978-3-50857-508-5,Piense y hágase rico,Napoleon Hill,Finanzas,11.81,1,36,Femenino,2023-03-07,Kindle,Online,Tienda Online,PayPal,5
V001294,978-0-96673-333-4,Harry Potter y el prisionero de Azkaban,J.K. Rowling,Fantasía Juvenil,13.52,4,19,Femenino,2023-03-01,Tapa dura,Física,Librería Gran Vía,Tarjeta,5
V001295,978-8-36062-833-8,Crónicas marcianas,Ray Bradbury,Ciencia Ficción,15.2,1,33,Masculino,2023-11-18,Tapa dura,Física,Librería Gran Vía,Efectivo,5
V001296,978-1-40512-987-1,Los juegos del hambre,Suzanne Collins,Fantasía Juvenil,14.9,2,20,Masculino,2023-04-14,Tapa dura,Física,Librería Gran Vía,Efectivo,3
V001297,978-9-71348-641-4,Veinte poemas de amor,Pablo Neruda,Poesía,8.42,1,45,No binario,2023-07-18,Tapa dura,Online,Tienda Online,PayPal,5
V001298,978-6-10282-499-4,Patria,Fernando Aramburu,Ficción,19.9,1,49,Femenino,2025-07-13,Bolsillo,Física,Librería Gran Vía,Transferencia,
V001299,978-6-54597-384-2,El temor de un hombre sabio,Patrick Rothfuss,Fantasía,24.9,1,37,Femenino,2025-12-19,Kindle,Online,Tienda Online,PayPal,4
V001300,978-6-38893-559-9,Dune,Frank Herbert,Ciencia Ficción,18.32,1,32,Prefiere no decir,2024-11-22,Kindle,Online,Tienda Online,Tarjeta,3
V001301,978-3-28131-621-7,El Aleph,Jorge Luis Borges,Clásico,14.6,1,66,Masculino,2025-05-08,Bolsillo,Online,Tienda Online,PayPal,
V001302,978-6-54597-384-2,El temor de un hombre sabio,Patrick Rothfuss,Fantasía,22.41,2,45,Masculino,2025-10-07,Tapa dura,Física,Librería Barcelona Gòtic,Transferencia,4
V001303,978-7-30289-294-4,Nada,Carmen Laforet,Clásico,12.51,2,48,Prefiere no decir,2024-07-18,Tapa dura,Física,Librería Valencia Centro,Tarjeta,5
V001304,978-6-34957-196-1,El resplandor,Stephen King,Terror,18.9,1,44,Prefiere no decir,2024-05-07,Tapa dura,Física,Librería Valencia Centro,Efectivo,4
V001305,978-6-34957-196-1,El resplandor,Stephen King,Terror,18.9,1,67,Masculino,2023-05-10,Kindle,Online,Tienda Online,Tarjeta,2
V001306,978-3-30032-482-2,Los hombres que no amaban a las mujeres,Stieg Larsson,Thriller,17.9,1,72,Masculino,2024-03-22,Tapa dura,Online,Tienda Online,Transferencia,4
V001307,978-9-71953-348-7,It,Stephen King,Terror,22.9,1,61,Masculino,2025-11-28,Tapa dura,Online,Tienda Online,Bizum,4
V001308,978-5-50306-345-0,Homo Deus,Yuval Noah Harari,Ensayo,17.52,1,40,Femenino,2025-10-29,Bolsillo,Física,Librería Barcelona Gòtic,Efectivo,5
V001309,978-6-38893-559-9,Dune,Frank Herbert,Ciencia Ficción,22.9,1,75,Prefiere no decir,2025-03-19,Bolsillo,Online,Tienda Online,Bizum,4
V001310,978-8-79514-100-9,La chica en la telaraña,David Lagercrantz,Thriller,17.9,3,62,Femenino,2023-06-01,Kindle,Online,Tienda Online,Bizum,5
V001311,978-9-38864-107-1,James y el melocotón gigante,Roald Dahl,Infantil,10.9,1,7,Femenino,2024-01-31,Tapa dura,Online,Tienda Online,Tarjeta,3
V001312,978-0-96673-333-4,Harry Potter y el prisionero de Azkaban,J.K. Rowling,Fantasía Juvenil,16.9,1,11,No binario,2025-07-13,Kindle,Online,Tienda Online,Tarjeta,
V001313,978-3-62923-222-9,El gen egoísta,Richard Dawkins,Ciencia,17.9,1,29,No binario,2025-06-08,Kindle,Online,Tienda Online,Tarjeta,5
V001314,978-9-18326-494-6,Romancero gitano,Federico García Lorca,Poesía,11.99,1,18,Masculino,2023-08-29,Tapa dura,Física,Librería Valencia Centro,PayPal,3
V001315,978-2-26828-775-7,Los cuatro acuerdos,Miguel Ruiz,Autoayuda,12.9,1,19,Masculino,2024-05-05,Kindle,Online,Tienda Online,Bizum,5
V001316,978-5-50306-345-0,Homo Deus,Yuval Noah Harari,Ensayo,23.0,1,55,No binario,2024-11-17,Tapa dura,Física,Librería Barcelona Gòtic,Transferencia,5
V001317,978-5-74042-119-1,Sapiens,Yuval Noah Harari,Ensayo,23.0,1,32,Prefiere no decir,2025-08-15,Tapa dura,Física,Librería Gran Vía,Bizum,5
V001318,978-1-40512-987-1,Los juegos del hambre,Suzanne Collins,Fantasía Juvenil,14.9,1,20,Prefiere no decir,2024-06-16,Kindle,Online,Tienda Online,PayPal,3
V001319,978-1-48469-545-2,Origen,Dan Brown,Thriller,16.91,1,58,Prefiere no decir,2024-10-30,Bolsillo,Online,Tienda Online,Efectivo,5
V001320,978-6-34957-196-1,El resplandor,Stephen King,Terror,18.9,1,22,Masculino,2024-06-12,Tapa dura,Online,Tienda Online,PayPal,
V001321,978-2-58520-463-3,Sinsajo,Suzanne Collins,Fantasía Juvenil,12.66,1,19,Masculino,2024-11-08,Kindle,Online,Tienda Online,Tarjeta,
V001322,978-1-68082-927-8,Náuseas,Jean-Paul Sartre,Clásico,15.29,1,75,Femenino,2023-08-25,Kindle,Online,Tienda Online,Tarjeta,5
V001323,978-3-54118-204-1,Juego de Tronos,George R.R. Martin,Fantasía,21.89,1,66,Prefiere no decir,2024-02-18,Tapa dura,Online,Tienda Online,Transferencia,4
V001324,978-7-19071-878-8,El poder del ahora,Eckhart Tolle,Autoayuda,12.66,1,43,Masculino,2024-05-19,Tapa dura,Física,Librería Gran Vía,PayPal,1
V001325,978-5-50306-345-0,Homo Deus,Yuval Noah Harari,Ensayo,24.09,1,51,Masculino,2023-02-25,Kindle,Online,Tienda Online,Transferencia,4
V001326,978-6-10282-499-4,Patria,Fernando Aramburu,Ficción,17.91,1,37,Masculino,2025-12-30,Bolsillo,Online,Tienda Online,PayPal,5
V001327,978-5-85674-296-1,Harry Potter y la cámara secreta,J.K. Rowling,Fantasía Juvenil,15.9,4,15,No binario,2023-10-13,Tapa dura,Online,Tienda Online,Transferencia,
V001328,978-8-21395-704-6,1984,George Orwell,Ciencia Ficción,12.66,2,30,Prefiere no decir,2025-05-01,Bolsillo,Física,Librería Valencia Centro,Transferencia,2
V001329,978-3-31417-573-6,Ana Karenina,León Tolstói,Clásico,16.9,2,31,No binario,2023-06-28,Tapa dura,Física,Librería Sevilla Triana,Tarjeta,5
V001330,978-6-94259-569-2,El juego del ángel,Carlos Ruiz Zafón,Ficción,18.5,1,74,No binario,2024-06-15,Bolsillo,Física,Librería Barcelona Gòtic,Tarjeta,2
V001331,978-7-80284-227-6,El Señor de los Anillos,J.R.R. Tolkien,Fantasía,32.89,1,37,Masculino,2024-02-01,Kindle,Online,Tienda Online,Efectivo,4
V001332,978-3-31417-573-6,Ana Karenina,León Tolstói,Clásico,15.21,1,49,Masculino,2023-11-24,Bolsillo,Online,Tienda Online,Bizum,4
V001333,978-7-19071-878-8,El poder del ahora,Eckhart Tolle,Autoayuda,16.39,2,47,No binario,2023-01-06,Kindle,Online,Tienda Online,Tarjeta,4
V001334,978-6-22676-467-5,Choque de Reyes,George R.R. Martin,Fantasía,20.89,2,46,No binario,2025-03-06,Tapa dura,Online,Tienda Online,Transferencia,
V001335,978-2-58520-463-3,Sinsajo,Suzanne Collins,Fantasía Juvenil,14.9,2,15,Femenino,2025-12-27,Kindle,Online,Tienda Online,PayPal,3
V001336,978-8-36062-833-8,Crónicas marcianas,Ray Bradbury,Ciencia Ficción,15.2,1,31,Prefiere no decir,2024-07-23,Kindle,Online,Tienda Online,Bizum,1
V001337,978-2-46509-573-3,La peste,Albert Camus,Clásico,13.41,1,17,Femenino,2024-05-24,Tapa dura,Física,Librería Barcelona Gòtic,Efectivo,5
V001338,978-6-34957-196-1,El resplandor,Stephen King,Terror,20.79,2,65,Femenino,2024-02-10,Bolsillo,Física,Librería Central Madrid,Bizum,5
V001339,978-0-13905-195-3,Rebelión en la granja,George Orwell,Ficción,11.25,1,57,Femenino,2025-07-15,Kindle,Online,Tienda Online,Transferencia,4
V001340,978-3-31417-573-6,Ana Karenina,León Tolstói,Clásico,16.9,2,29,No binario,2025-07-31,Tapa dura,Física,Librería Gran Vía,PayPal,5
V001341,978-7-19071-878-8,El poder del ahora,Eckhart Tolle,Autoayuda,13.41,2,47,Prefiere no decir,2025-03-05,Bolsillo,Física,Librería Valencia Centro,Tarjeta,5
V001342,978-9-72493-614-8,El chef en casa,Jamie Oliver,Cocina,21.89,3,29,Masculino,2023-01-06,Kindle,Online,Tienda Online,Tarjeta,5
V001343,978-8-33416-619-1,La chica del tren,Paula Hawkins,Thriller,16.7,1,65,Masculino,2024-01-13,Kindle,Online,Tienda Online,Transferencia,4
V001344,978-3-54118-204-1,Juego de Tronos,George R.R. Martin,Fantasía,15.92,1,73,Femenino,2025-06-06,Tapa dura,Física,Librería Sevilla Triana,PayPal,5
V001345,978-2-58520-463-3,Sinsajo,Suzanne Collins,Fantasía Juvenil,14.9,2,15,Femenino,2024-02-22,Kindle,Online,Tienda Online,Efectivo,5
V001346,978-9-51245-317-7,La sombra del viento,Carlos Ruiz Zafón,Ficción,14.8,1,36,Prefiere no decir,2023-04-04,Bolsillo,Online,Tienda Online,Efectivo,5
V001347,978-3-14207-924-5,La casa de los espíritus,Isabel Allende,Ficción,17.9,2,72,Masculino,2023-08-10,Tapa dura,Física,Librería Gran Vía,PayPal,5
V001348,978-0-13905-195-3,Rebelión en la granja,George Orwell,Ficción,12.5,4,25,No binario,2025-06-20,Tapa dura,Física,Librería Barcelona Gòtic,Tarjeta,3
V001349,978-8-31643-371-8,Hábitos atómicos,James Clear,Autoayuda,17.01,1,24,Masculino,2024-09-26,Bolsillo,Física,Librería Valencia Centro,Efectivo,
V001350,978-7-77839-562-1,El principito,Antoine de Saint-Exupéry,Infantil,10.89,1,11,No binario,2025-02-07,Tapa dura,Online,Tienda Online,Transferencia,5
V001351,978-2-26828-775-7,Los cuatro acuerdos,Miguel Ruiz,Autoayuda,11.61,1,60,No binario,2025-04-17,Bolsillo,Online,Tienda Online,Transferencia,5
V001352,978-6-38893-559-9,Dune,Frank Herbert,Ciencia Ficción,20.61,1,63,Femenino,2025-04-03,Bolsillo,Online,Tienda Online,Tarjeta,
V001353,978-3-50857-508-5,Piense y hágase rico,Napoleon Hill,Finanzas,15.29,3,61,Prefiere no decir,2025-01-30,Kindle,Online,Tienda Online,Bizum,4
V001354,978-2-92240-263-6,La casa de Bernarda Alba,Federico García Lorca,Teatro,8.91,2,31,Masculino,2025-04-30,Kindle,Online,Tienda Online,PayPal,4
V001355,978-0-96673-333-4,Harry Potter y el prisionero de Azkaban,J.K. Rowling,Fantasía Juvenil,14.36,1,12,Prefiere no decir,2023-12-11,Kindle,Online,Tienda Online,Bizum,5
V001356,978-2-17455-620-1,Cosmos,Carl Sagan,Ciencia,18.9,1,38,Masculino,2025-11-15,Kindle,Online,Tienda Online,Tarjeta,3
V001357,978-5-74042-119-1,Sapiens,Yuval Noah Harari,Ensayo,23.0,1,61,Masculino,2025-09-17,Kindle,Online,Tienda Online,Transferencia,4
V001358,978-2-58520-463-3,Sinsajo,Suzanne Collins,Fantasía Juvenil,13.41,1,22,No binario,2024-08-23,Kindle,Online,Tienda Online,Efectivo,3
V001359,978-0-62772-845-5,Drácula,Bram Stoker,Terror,12.9,1,41,Masculino,2023-10-18,Kindle,Online,Tienda Online,Tarjeta,5
V001360,978-9-51245-317-7,La sombra del viento,Carlos Ruiz Zafón,Ficción,19.43,1,47,Masculino,2025-12-07,Kindle,Online,Tienda Online,Tarjeta,5
V001361,978-3-99733-432-0,Don Quijote de la Mancha,Miguel de Cervantes,Clásico,15.92,3,58,Femenino,2025-01-16,Bolsillo,Online,Tienda Online,PayPal,
V001362,978-9-51245-317-7,La sombra del viento,Carlos Ruiz Zafón,Ficción,16.65,1,68,Masculino,2024-11-03,Kindle,Online,Tienda Online,Transferencia,5
V001363,978-5-85674-296-1,Harry Potter y la cámara secreta,J.K. Rowling,Fantasía Juvenil,15.9,1,22,Femenino,2023-01-20,Kindle,Online,Tienda Online,Efectivo,5
V001364,978-2-46509-573-3,La peste,Albert Camus,Clásico,11.92,1,55,Prefiere no decir,2024-12-15,Kindle,Online,Tienda Online,Bizum,
V001365,978-2-58520-463-3,Sinsajo,Suzanne Collins,Fantasía Juvenil,12.66,3,15,Prefiere no decir,2024-10-05,Bolsillo,Online,Tienda Online,Efectivo,5
V001366,978-4-99593-763-1,Crimen y castigo,Fiódor Dostoyevski,Clásico,12.9,1,34,No binario,2024-10-17,Bolsillo,Física,Librería Valencia Centro,Bizum,5
V001367,978-9-44671-926-0,El Hobbit,J.R.R. Tolkien,Fantasía,16.9,1,22,Prefiere no decir,2024-02-05,Bolsillo,Online,Tienda Online,Efectivo,1
V001368,978-9-71953-348-7,It,Stephen King,Terror,19.46,1,52,No binario,2024-10-30,Bolsillo,Física,Librería Sevilla Triana,Transferencia,5
V001369,978-1-16630-767-8,Los pilares de la Tierra,Ken Follett,Histórica,18.61,2,68,Prefiere no decir,2023-09-10,Bolsillo,Física,Librería Gran Vía,Efectivo,5
V001370,978-1-68082-927-8,Náuseas,Jean-Paul Sartre,Clásico,13.9,1,18,Masculino,2024-09-17,Bolsillo,Online,Tienda Online,Bizum,4
V001371,978-2-26828-775-7,Los cuatro acuerdos,Miguel Ruiz,Autoayuda,10.96,2,60,Masculino,2023-10-10,Bolsillo,Online,Tienda Online,PayPal,5
V001372,978-1-13278-859-4,Cien años de soledad,Gabriel García Márquez,Ficción,19.84,1,60,No binario,2024-05-15,Kindle,Online,Tienda Online,Transferencia,2
V001373,978-2-58520-463-3,Sinsajo,Suzanne Collins,Fantasía Juvenil,14.9,2,13,No binario,2024-07-10,Kindle,Online,Tienda Online,PayPal,5
V001374,978-8-31643-371-8,Hábitos atómicos,James Clear,Autoayuda,18.9,1,53,No binario,2023-03-11,Bolsillo,Física,Librería Sevilla Triana,Bizum,
V001375,978-8-68800-243-6,El extranjero,Albert Camus,Clásico,14.19,1,69,Femenino,2023-06-23,Tapa dura,Física,Librería Central Madrid,PayPal,5
V001376,978-3-14207-924-5,La casa de los espíritus,Isabel Allende,Ficción,15.21,1,30,No binario,2024-01-03,Bolsillo,Física,Librería Gran Vía,PayPal,2
V001377,978-1-13278-859-4,Cien años de soledad,Gabriel García Márquez,Ficción,18.9,1,58,Masculino,2025-07-16,Bolsillo,Online,Tienda Online,Transferencia,4
V001378,978-0-87110-667-3,Charlie y la fábrica de chocolate,Roald Dahl,Infantil,12.5,4,7,Femenino,2023-10-22,Tapa dura,Online,Tienda Online,Transferencia,2
V001379,978-3-39451-165-5,Matilda,Roald Dahl,Infantil,10.71,1,9,Masculino,2023-04-21,Tapa dura,Física,Librería Barcelona Gòtic,PayPal,4
V001380,978-4-97684-597-3,American Gods,Neil Gaiman,Fantasía,21.89,1,45,No binario,2023-07-04,Kindle,Online,Tienda Online,PayPal,3
V001381,978-0-22224-871-3,Un mundo sin fin,Ken Follett,Histórica,25.19,1,61,Masculino,2024-03-28,Kindle,Online,Tienda Online,Tarjeta,1
V001382,978-8-31643-371-8,Hábitos atómicos,James Clear,Autoayuda,19.84,1,62,No binario,2025-07-24,Bolsillo,Online,Tienda Online,Tarjeta,5
V001383,978-2-18981-709-1,Una breve historia del tiempo,Stephen Hawking,Ciencia,14.36,1,75,Femenino,2023-05-25,Kindle,Online,Tienda Online,PayPal,3
V001384,978-8-44438-864-9,Rayuela,Julio Cortázar,Clásico,17.75,1,43,Femenino,2025-11-04,Bolsillo,Online,Tienda Online,Bizum,2
V001385,978-3-76237-716-0,Fahrenheit 451,Ray Bradbury,Ciencia Ficción,11.12,1,35,Femenino,2024-07-14,Kindle,Online,Tienda Online,Bizum,4
V001386,978-4-97684-597-3,American Gods,Neil Gaiman,Fantasía,20.89,2,71,Prefiere no decir,2024-09-12,Bolsillo,Física,Librería Barcelona Gòtic,Bizum,3
V001387,978-1-68082-927-8,Náuseas,Jean-Paul Sartre,Clásico,12.51,1,29,No binario,2025-09-16,Bolsillo,Física,Librería Central Madrid,Bizum,5
V001388,978-7-47388-533-8,Los besos,Manuel Vilas,Ficción,15.12,1,38,No binario,2024-04-08,Bolsillo,Online,Tienda Online,Bizum,4
V001389,978-6-86484-508-5,Ficciones,Jorge Luis Borges,Clásico,12.66,1,29,Masculino,2024-02-20,Kindle,Online,Tienda Online,PayPal,3
V001390,978-1-16175-981-1,Pedro Páramo,Juan Rulfo,Clásico,12.9,1,24,Femenino,2025-04-21,Bolsillo,Física,Librería Central Madrid,Transferencia,
V001391,978-6-86484-508-5,Ficciones,Jorge Luis Borges,Clásico,14.9,1,59,No binario,2025-05-29,Kindle,Online,Tienda Online,Bizum,4
V001392,978-6-46434-564-5,En llamas,Suzanne Collins,Fantasía Juvenil,14.9,1,22,Prefiere no decir,2023-11-20,Tapa dura,Online,Tienda Online,Tarjeta,
V001393,978-3-85880-708-0,Persépolis,Marjane Satrapi,Cómic,12.72,2,47,Prefiere no decir,2024-01-02,Bolsillo,Online,Tienda Online,Bizum,4
V001394,978-1-16630-767-8,Los pilares de la Tierra,Ken Follett,Histórica,21.9,1,57,No binario,2023-08-31,Tapa dura,Online,Tienda Online,Transferencia,
V001395,978-7-30289-294-4,Nada,Carmen Laforet,Clásico,11.12,2,33,Masculino,2023-05-15,Kindle,Online,Tienda Online,Transferencia,4
V001396,978-4-28301-352-8,El prisionero del cielo,Carlos Ruiz Zafón,Ficción,19.69,1,32,No binario,2023-03-21,Kindle,Online,Tienda Online,Transferencia,4
V001397,978-9-65461-316-8,"Padre rico, padre pobre",Robert Kiyosaki,Finanzas,16.9,1,16,No binario,2024-08-01,Tapa dura,Online,Tienda Online,Tarjeta,4
V001398,978-1-42591-296-3,Frankenstein,Mary Shelley,Terror,10.71,1,19,Masculino,2023-01-11,Bolsillo,Física,Librería Central Madrid,Efectivo,4
V001399,978-2-18981-709-1,Una breve historia del tiempo,Stephen Hawking,Ciencia,13.52,2,68,Masculino,2023-01-13,Bolsillo,Física,Librería Sevilla Triana,Tarjeta,5
V001400,978-3-39451-165-5,Matilda,Roald Dahl,Infantil,11.9,2,7,Femenino,2023-08-05,Bolsillo,Online,Tienda Online,PayPal,5
V001401,978-0-40007-169-0,El Principito ilustrado,Antoine de Saint-Exupéry,Infantil,17.49,1,10,Masculino,2023-07-31,Tapa dura,Física,Librería Central Madrid,Efectivo,4
V001402,978-8-31643-371-8,Hábitos atómicos,James Clear,Autoayuda,19.84,1,53,Prefiere no decir,2023-10-23,Bolsillo,Física,Librería Gran Vía,Bizum,5
V001403,978-1-40512-987-1,Los juegos del hambre,Suzanne Collins,Fantasía Juvenil,14.9,3,15,Femenino,2023-07-08,Kindle,Online,Tienda Online,Bizum,
V001404,978-9-18326-494-6,Romancero gitano,Federico García Lorca,Poesía,10.9,3,26,Masculino,2023-04-04,Bolsillo,Online,Tienda Online,Efectivo,4
V001405,978-0-51104-158-0,Manual de cocina fácil,Karlos Arguiñano,Cocina,16.11,1,18,No binario,2024-04-18,Bolsillo,Online,Tienda Online,Efectivo,5
V001406,978-8-44973-887-5,Ángeles y demonios,Dan Brown,Thriller,16.9,1,56,Prefiere no decir,2023-07-30,Kindle,Online,Tienda Online,Bizum,4
V001407,978-3-50857-508-5,Piense y hágase rico,Napoleon Hill,Finanzas,13.9,1,45,Masculino,2024-01-05,Tapa dura,Online,Tienda Online,Efectivo,3
V001408,978-2-26828-775-7,Los cuatro acuerdos,Miguel Ruiz,Autoayuda,12.9,2,23,Masculino,2023-06-27,Bolsillo,Física,Librería Barcelona Gòtic,Transferencia,4
V001409,978-8-68800-243-6,El extranjero,Albert Camus,Clásico,12.9,2,52,Femenino,2024-06-05,Kindle,Online,Tienda Online,Efectivo,5
V001410,978-7-30289-294-4,Nada,Carmen Laforet,Clásico,13.9,1,30,Femenino,2023-09-12,Bolsillo,Física,Librería Gran Vía,Transferencia,3
V001411,978-9-71953-348-7,It,Stephen King,Terror,18.32,2,35,Femenino,2024-05-08,Bolsillo,Online,Tienda Online,Bizum,4
V001412,978-0-13905-195-3,Rebelión en la granja,George Orwell,Ficción,11.25,1,56,Masculino,2023-03-11,Tapa dura,Online,Tienda Online,Bizum,3
V001413,978-5-19287-626-3,Coraline,Neil Gaiman,Fantasía Juvenil,11.12,4,10,Prefiere no decir,2024-02-03,Bolsillo,Física,Librería Central Madrid,Efectivo,4
V001414,978-8-68800-243-6,El extranjero,Albert Camus,Clásico,10.96,1,41,Femenino,2023-08-16,Bolsillo,Física,Librería Barcelona Gòtic,Tarjeta,4
V001415,978-7-10425-839-4,El paciente silencioso,Alex Michaelides,Thriller,14.32,1,47,Prefiere no decir,2023-11-18,Tapa dura,Física,Librería Barcelona Gòtic,PayPal,
V001416,978-3-76237-716-0,Fahrenheit 451,Ray Bradbury,Ciencia Ficción,11.12,4,29,Prefiere no decir,2025-06-29,Kindle,Online,Tienda Online,Tarjeta,4
V001417,978-8-27342-840-9,Stardust,Neil Gaiman,Fantasía,17.49,1,25,Femenino,2025-01-03,Tapa dura,Online,Tienda Online,Bizum,5
V001418,978-3-97782-833-5,V de Vendetta,Alan Moore,Cómic,20.79,1,47,Prefiere no decir,2023-05-20,Tapa dura,Física,Librería Valencia Centro,Efectivo,4
V001419,978-9-18326-494-6,Romancero gitano,Federico García Lorca,Poesía,11.45,1,56,Femenino,2024-02-29,Tapa dura,Online,Tienda Online,Efectivo,4
V001420,978-6-34957-196-1,El resplandor,Stephen King,Terror,19.84,1,16,Femenino,2024-12-02,Tapa dura,Online,Tienda Online,Efectivo,5
V001421,978-2-92240-263-6,La casa de Bernarda Alba,Federico García Lorca,Teatro,9.9,1,51,No binario,2024-04-30,Tapa dura,Física,Librería Barcelona Gòtic,PayPal,4
V001422,978-9-18326-494-6,Romancero gitano,Federico García Lorca,Poesía,10.9,4,58,No binario,2024-01-21,Tapa dura,Online,Tienda Online,Tarjeta,2
V001423,978-2-18981-709-1,Una breve historia del tiempo,Stephen Hawking,Ciencia,15.21,1,43,Femenino,2024-04-05,Bolsillo,Física,Librería Gran Vía,Tarjeta,5
V001424,978-9-72493-614-8,El chef en casa,Jamie Oliver,Cocina,19.9,1,67,No binario,2024-01-25,Kindle,Online,Tienda Online,Transferencia,4
V001425,978-6-46434-564-5,En llamas,Suzanne Collins,Fantasía Juvenil,14.9,2,12,No binario,2025-04-01,Bolsillo,Online,Tienda Online,Efectivo,4
V001426,978-3-39256-242-1,El amor en los tiempos del cólera,Gabriel García Márquez,Ficción,17.5,2,17,Prefiere no decir,2023-10-25,Tapa dura,Online,Tienda Online,PayPal,3
V001427,978-8-68800-243-6,El extranjero,Albert Camus,Clásico,13.55,1,50,Prefiere no decir,2024-04-27,Bolsillo,Online,Tienda Online,Tarjeta,
V001428,978-7-77839-562-1,El principito,Antoine de Saint-Exupéry,Infantil,8.42,2,12,No binario,2025-12-28,Bolsillo,Online,Tienda Online,Bizum,
V001429,978-0-40007-169-0,El Principito ilustrado,Antoine de Saint-Exupéry,Infantil,16.7,1,5,Masculino,2023-12-11,Bolsillo,Online,Tienda Online,Transferencia,4
V001430,978-0-62772-845-5,Drácula,Bram Stoker,Terror,10.96,1,60,Masculino,2024-02-01,Kindle,Online,Tienda Online,Efectivo,4
V001431,978-4-93748-619-9,Perdida,Gillian Flynn,Thriller,16.5,2,47,Masculino,2024-12-27,Kindle,Online,Tienda Online,Transferencia,4
V001432,978-9-51245-317-7,La sombra del viento,Carlos Ruiz Zafón,Ficción,20.35,1,32,No binario,2023-02-17,Bolsillo,Online,Tienda Online,Transferencia,5
V001433,978-9-20745-529-9,Watchmen,Alan Moore,Cómic,21.9,1,49,Prefiere no decir,2023-11-28,Bolsillo,Física,Librería Central Madrid,Tarjeta,5
V001434,978-2-63269-597-7,La chica de nieve,Javier Castillo,Thriller,18.9,1,50,Masculino,2023-03-08,Kindle,Online,Tienda Online,PayPal,3
V001435,978-8-79514-100-9,La chica en la telaraña,David Lagercrantz,Thriller,16.11,1,54,Prefiere no decir,2023-09-09,Tapa dura,Online,Tienda Online,Bizum,5
V001436,978-7-30289-294-4,Nada,Carmen Laforet,Clásico,11.12,1,33,Femenino,2025-12-23,Bolsillo,Online,Tienda Online,Tarjeta,4
V001437,978-6-22676-467-5,Choque de Reyes,George R.R. Martin,Fantasía,19.9,1,25,Prefiere no decir,2025-03-31,Kindle,Online,Tienda Online,Efectivo,
V001438,978-1-48469-545-2,Origen,Dan Brown,Thriller,21.89,2,25,No binario,2023-09-13,Bolsillo,Online,Tienda Online,Tarjeta,5
V001439,978-8-79514-100-9,La chica en la telaraña,David Lagercrantz,Thriller,17.9,2,32,Masculino,2024-06-30,Bolsillo,Online,Tienda Online,Transferencia,4
V001440,978-3-39256-242-1,El amor en los tiempos del cólera,Gabriel García Márquez,Ficción,14.88,1,39,Prefiere no decir,2025-09-03,Bolsillo,Online,Tienda Online,PayPal,5
V001441,978-8-68800-243-6,El extranjero,Albert Camus,Clásico,10.96,1,40,No binario,2023-02-02,Bolsillo,Física,Librería Barcelona Gòtic,PayPal,3
V001442,978-8-36062-833-8,Crónicas marcianas,Ray Bradbury,Ciencia Ficción,15.2,2,57,No binario,2024-08-06,Tapa dura,Online,Tienda Online,Transferencia,5
V001443,978-0-22224-871-3,Un mundo sin fin,Ken Follett,Histórica,18.32,2,59,No binario,2025-02-02,Bolsillo,Física,Librería Barcelona Gòtic,Bizum,3
V001444,978-8-36062-833-8,Crónicas marcianas,Ray Bradbury,Ciencia Ficción,15.2,1,17,Masculino,2025-09-17,Kindle,Online,Tienda Online,Efectivo,3
V001445,978-2-17455-620-1,Cosmos,Carl Sagan,Ciencia,18.9,2,56,Prefiere no decir,2025-10-27,Bolsillo,Online,Tienda Online,PayPal,4
V001446,978-8-44973-887-5,Ángeles y demonios,Dan Brown,Thriller,15.21,1,41,Masculino,2024-07-19,Bolsillo,Online,Tienda Online,Bizum,2
V001447,978-6-56438-533-6,Misery,Stephen King,Terror,16.9,2,24,No binario,2024-11-13,Kindle,Online,Tienda Online,Efectivo,5
V001448,978-2-58520-463-3,Sinsajo,Suzanne Collins,Fantasía Juvenil,15.65,1,11,Masculino,2023-03-04,Tapa dura,Online,Tienda Online,Bizum,4
V001449,978-9-44671-926-0,El Hobbit,J.R.R. Tolkien,Fantasía,14.36,1,19,Masculino,2024-08-15,Kindle,Online,Tienda Online,Tarjeta,5
V001450,978-0-40007-169-0,El Principito ilustrado,Antoine de Saint-Exupéry,Infantil,15.9,1,8,Masculino,2024-12-19,Kindle,Online,Tienda Online,Bizum,3
V001451,978-6-54597-384-2,El temor de un hombre sabio,Patrick Rothfuss,Fantasía,24.9,1,44,No binario,2025-05-04,Tapa dura,Física,Librería Gran Vía,PayPal,
V001452,978-4-99593-763-1,Crimen y castigo,Fiódor Dostoyevski,Clásico,10.32,1,20,Masculino,2024-11-26,Bolsillo,Física,Librería Valencia Centro,Tarjeta,4
V001453,978-3-28131-621-7,El Aleph,Jorge Luis Borges,Clásico,13.9,1,25,Femenino,2023-07-01,Bolsillo,Online,Tienda Online,Efectivo,1
V001454,978-8-44438-864-9,Rayuela,Julio Cortázar,Clásico,18.59,1,27,Masculino,2024-07-09,Bolsillo,Online,Tienda Online,Bizum,5
V001455,978-0-96673-333-4,Harry Potter y el prisionero de Azkaban,J.K. Rowling,Fantasía Juvenil,14.36,2,21,Femenino,2024-02-04,Bolsillo,Online,Tienda Online,Efectivo,4
V001456,978-8-44973-887-5,Ángeles y demonios,Dan Brown,Thriller,16.9,1,60,Masculino,2025-10-07,Bolsillo,Física,Librería Central Madrid,PayPal,3
V001457,978-1-16175-981-1,Pedro Páramo,Juan Rulfo,Clásico,12.9,1,56,Prefiere no decir,2025-05-22,Bolsillo,Física,Librería Valencia Centro,PayPal,3
V001458,978-5-85674-296-1,Harry Potter y la cámara secreta,J.K. Rowling,Fantasía Juvenil,14.31,1,13,Prefiere no decir,2023-08-23,Tapa dura,Física,Librería Sevilla Triana,PayPal,3
V001459,978-9-71953-348-7,It,Stephen King,Terror,22.9,1,38,Prefiere no decir,2025-08-02,Kindle,Online,Tienda Online,PayPal,3
V001460,978-0-87110-667-3,Charlie y la fábrica de chocolate,Roald Dahl,Infantil,10.12,2,7,Prefiere no decir,2023-04-06,Tapa dura,Física,Librería Valencia Centro,Efectivo,5
V001461,978-1-48469-545-2,Origen,Dan Brown,Thriller,20.89,1,42,No binario,2023-05-12,Bolsillo,Física,Librería Barcelona Gòtic,PayPal,4
V001462,978-0-13905-195-3,Rebelión en la granja,George Orwell,Ficción,10.62,2,50,Femenino,2025-05-07,Bolsillo,Online,Tienda Online,Tarjeta,3
V001463,978-7-47388-533-8,Los besos,Manuel Vilas,Ficción,17.01,1,62,Femenino,2025-09-10,Tapa dura,Física,Librería Sevilla Triana,Bizum,5
V001464,978-9-18326-494-6,Romancero gitano,Federico García Lorca,Poesía,10.9,1,20,Femenino,2025-10-30,Kindle,Online,Tienda Online,Bizum,5
V001465,978-7-30289-294-4,Nada,Carmen Laforet,Clásico,11.12,3,74,Prefiere no decir,2023-09-26,Kindle,Online,Tienda Online,Bizum,5
V001466,978-9-65461-316-8,"Padre rico, padre pobre",Robert Kiyosaki,Finanzas,16.9,2,37,Femenino,2023-07-30,Bolsillo,Física,Librería Valencia Centro,Bizum,5
V001467,978-1-16630-767-8,Los pilares de la Tierra,Ken Follett,Histórica,18.61,1,55,Femenino,2024-09-05,Kindle,Online,Tienda Online,Efectivo,5
V001468,978-3-99733-432-0,Don Quijote de la Mancha,Miguel de Cervantes,Clásico,16.91,1,24,No binario,2024-12-13,Bolsillo,Física,Librería Central Madrid,Tarjeta,5
V001469,978-1-16630-767-8,Los pilares de la Tierra,Ken Follett,Histórica,18.61,2,31,No binario,2025-05-15,Kindle,Online,Tienda Online,Tarjeta,4
V001470,978-0-96673-333-4,Harry Potter y el prisionero de Azkaban,J.K. Rowling,Fantasía Juvenil,16.9,1,17,Femenino,2024-10-05,Tapa dura,Online,Tienda Online,Efectivo,5
V001471,978-0-87110-667-3,Charlie y la fábrica de chocolate,Roald Dahl,Infantil,11.9,1,10,Prefiere no decir,2023-12-04,Kindle,Online,Tienda Online,PayPal,5
V001472,978-3-39451-165-5,Matilda,Roald Dahl,Infantil,13.09,1,10,Prefiere no decir,2023-02-14,Tapa dura,Online,Tienda Online,Tarjeta,5
V001473,978-3-31417-573-6,Ana Karenina,León Tolstói,Clásico,14.36,1,74,Prefiere no decir,2024-08-27,Kindle,Online,Tienda Online,Tarjeta,2
V001474,978-9-18326-494-6,Romancero gitano,Federico García Lorca,Poesía,11.45,1,40,Prefiere no decir,2023-05-11,Bolsillo,Física,Librería Gran Vía,Tarjeta,4
V001475,978-3-84364-180-1,21 lecciones para el siglo XXI,Yuval Noah Harari,Ensayo,20.89,1,46,Prefiere no decir,2023-04-06,Tapa dura,Física,Librería Central Madrid,Transferencia,4
V001476,978-3-97782-833-5,V de Vendetta,Alan Moore,Cómic,16.06,2,50,No binario,2025-05-14,Kindle,Online,Tienda Online,PayPal,5
V001477,978-8-21395-704-6,1984,George Orwell,Ciencia Ficción,14.9,1,50,Femenino,2025-10-12,Kindle,Online,Tienda Online,Efectivo,3
V001478,978-6-22676-467-5,Choque de Reyes,George R.R. Martin,Fantasía,19.9,1,62,No binario,2025-08-10,Bolsillo,Online,Tienda Online,Transferencia,4
V001479,978-8-21395-704-6,1984,George Orwell,Ciencia Ficción,11.92,1,37,Femenino,2025-05-03,Bolsillo,Física,Librería Central Madrid,Transferencia,
V001480,978-9-20745-529-9,Watchmen,Alan Moore,Cómic,17.52,1,66,Prefiere no decir,2023-11-28,Bolsillo,Online,Tienda Online,Tarjeta,3
V001481,978-8-11504-796-1,El código Da Vinci,Dan Brown,Thriller,14.36,1,32,Masculino,2024-11-29,Tapa dura,Física,Librería Barcelona Gòtic,Bizum,5
V001482,978-4-99593-763-1,Crimen y castigo,Fiódor Dostoyevski,Clásico,14.19,3,68,Masculino,2025-10-14,Tapa dura,Online,Tienda Online,Tarjeta,5
V001483,978-1-82357-400-9,Harry Potter y la piedra filosofal,J.K. Rowling,Fantasía Juvenil,17.49,2,13,Masculino,2024-06-22,Kindle,Online,Tienda Online,PayPal,4
V001484,978-1-16175-981-1,Pedro Páramo,Juan Rulfo,Clásico,10.32,2,61,Masculino,2023-03-09,Bolsillo,Física,Librería Gran Vía,PayPal,5
V001485,978-0-62772-845-5,Drácula,Bram Stoker,Terror,10.96,3,67,Femenino,2024-06-11,Kindle,Online,Tienda Online,Tarjeta,
V001486,978-9-20745-529-9,Watchmen,Alan Moore,Cómic,18.61,2,40,No binario,2025-11-19,Kindle,Online,Tienda Online,Transferencia,5
V001487,978-3-62565-160-2,El día que se perdió la cordura,Javier Castillo,Thriller,15.12,1,73,Masculino,2023-05-16,Bolsillo,Física,Librería Sevilla Triana,Efectivo,4
V001488,978-1-16630-767-8,Los pilares de la Tierra,Ken Follett,Histórica,21.9,2,75,Femenino,2025-08-24,Tapa dura,Online,Tienda Online,Efectivo,
V001489,978-1-40512-987-1,Los juegos del hambre,Suzanne Collins,Fantasía Juvenil,16.39,1,21,Prefiere no decir,2023-09-22,Kindle,Online,Tienda Online,Transferencia,4
V001490,978-1-82357-400-9,Harry Potter y la piedra filosofal,J.K. Rowling,Fantasía Juvenil,15.9,3,11,Masculino,2023-11-14,Kindle,Online,Tienda Online,Efectivo,5
V001491,978-0-87110-667-3,Charlie y la fábrica de chocolate,Roald Dahl,Infantil,9.52,1,12,Femenino,2025-02-17,Tapa dura,Online,Tienda Online,Tarjeta,5
V001492,978-3-31417-573-6,Ana Karenina,León Tolstói,Clásico,16.9,1,21,Masculino,2023-01-01,Bolsillo,Online,Tienda Online,Bizum,5
V001493,978-3-31417-573-6,Ana Karenina,León Tolstói,Clásico,15.21,1,38,Femenino,2023-03-25,Tapa dura,Online,Tienda Online,PayPal,
V001494,978-7-17100-789-1,Carrie,Stephen King,Terror,16.39,4,42,Prefiere no decir,2024-12-21,Bolsillo,Online,Tienda Online,Transferencia,4
V001495,978-4-93748-619-9,Perdida,Gillian Flynn,Thriller,14.85,1,38,No binario,2023-06-11,Tapa dura,Física,Librería Sevilla Triana,PayPal,4
V001496,978-3-97782-833-5,V de Vendetta,Alan Moore,Cómic,20.79,1,58,Femenino,2024-07-01,Tapa dura,Online,Tienda Online,Tarjeta,5
V001497,978-8-11504-796-1,El código Da Vinci,Dan Brown,Thriller,16.9,1,40,Prefiere no decir,2024-07-26,Kindle,Online,Tienda Online,Transferencia,
V001498,978-3-62565-160-2,El día que se perdió la cordura,Javier Castillo,Thriller,17.01,1,63,Prefiere no decir,2023-12-17,Kindle,Online,Tienda Online,PayPal,5
V001499,978-3-76237-716-0,Fahrenheit 451,Ray Bradbury,Ciencia Ficción,13.9,1,47,Femenino,2024-09-09,Kindle,Online,Tienda Online,Bizum,4
V001500,978-7-47388-533-8,Los besos,Manuel Vilas,Ficción,18.9,1,18,Masculino,2024-01-20,Bolsillo,Online,Tienda Online,Efectivo,4
V001501,978-0-51104-158-0,Manual de cocina fácil,Karlos Arguiñano,Cocina,17.9,2,44,Prefiere no decir,2025-01-20,Kindle,Online,Tienda Online,Transferencia,4
V001502,978-4-28301-352-8,El prisionero del cielo,Carlos Ruiz Zafón,Ficción,17.9,1,58,Masculino,2025-03-27,Bolsillo,Física,Librería Barcelona Gòtic,PayPal,4
V001503,978-9-51245-317-7,La sombra del viento,Carlos Ruiz Zafón,Ficción,14.8,3,50,No binario,2025-04-18,Kindle,Online,Tienda Online,PayPal,2
V001504,978-6-56438-533-6,Misery,Stephen King,Terror,16.9,1,52,Prefiere no decir,2025-08-20,Bolsillo,Física,Librería Sevilla Triana,Tarjeta,4
V001505,978-9-71348-641-4,Veinte poemas de amor,Pablo Neruda,Poesía,7.92,1,62,Masculino,2025-08-11,Bolsillo,Física,Librería Barcelona Gòtic,Tarjeta,5
V001506,978-0-87110-667-3,Charlie y la fábrica de chocolate,Roald Dahl,Infantil,10.12,1,6,Femenino,2023-01-27,Kindle,Online,Tienda Online,PayPal,3
V001507,978-9-38864-107-1,James y el melocotón gigante,Roald Dahl,Infantil,9.81,2,8,No binario,2023-08-25,Tapa dura,Online,Tienda Online,PayPal,
V001508,978-9-72493-614-8,El chef en casa,Jamie Oliver,Cocina,15.92,1,22,No binario,2024-08-06,Tapa dura,Online,Tienda Online,Bizum,5
V001509,978-9-93227-275-8,Los hermanos Karamázov,Fiódor Dostoyevski,Clásico,17.01,1,53,Femenino,2025-11-16,Bolsillo,Física,Librería Sevilla Triana,PayPal,4
V001510,978-6-10282-499-4,Patria,Fernando Aramburu,Ficción,19.9,1,64,No binario,2023-03-24,Kindle,Online,Tienda Online,Transferencia,
V001511,978-3-39256-242-1,El amor en los tiempos del cólera,Gabriel García Márquez,Ficción,18.38,1,59,Masculino,2025-09-09,Bolsillo,Física,Librería Sevilla Triana,Tarjeta,5
V001512,978-5-74042-119-1,Sapiens,Yuval Noah Harari,Ensayo,18.61,1,61,No binario,2023-01-07,Tapa dura,Online,Tienda Online,Transferencia,4
V001513,978-3-76237-716-0,Fahrenheit 451,Ray Bradbury,Ciencia Ficción,11.12,2,21,Masculino,2023-11-12,Kindle,Online,Tienda Online,Bizum,4
V001514,978-6-86484-508-5,Ficciones,Jorge Luis Borges,Clásico,12.66,1,41,Masculino,2024-09-06,Bolsillo,Física,Librería Central Madrid,Tarjeta,
V001515,978-9-44671-926-0,El Hobbit,J.R.R. Tolkien,Fantasía,15.21,1,73,Prefiere no decir,2024-12-01,Bolsillo,Física,Librería Sevilla Triana,Efectivo,4
V001516,978-7-47388-533-8,Los besos,Manuel Vilas,Ficción,18.9,1,16,Masculino,2025-12-26,Tapa dura,Física,Librería Valencia Centro,PayPal,5
V001517,978-6-45093-167-3,Paula,Isabel Allende,Biografía,16.7,1,73,Masculino,2023-05-31,Bolsillo,Online,Tienda Online,Bizum,
V001518,978-7-77839-562-1,El principito,Antoine de Saint-Exupéry,Infantil,9.9,1,7,Prefiere no decir,2024-11-30,Tapa dura,Física,Librería Gran Vía,Bizum,4
V001519,978-0-87110-667-3,Charlie y la fábrica de chocolate,Roald Dahl,Infantil,9.52,1,9,Masculino,2023-06-01,Tapa dura,Online,Tienda Online,Bizum,2
V001520,978-2-92240-263-6,La casa de Bernarda Alba,Federico García Lorca,Teatro,10.89,1,26,Masculino,2023-03-01,Tapa dura,Física,Librería Gran Vía,Tarjeta,4
V001521,978-9-78522-423-4,Maus,Art Spiegelman,Cómic,15.21,1,74,Masculino,2023-10-31,Tapa dura,Física,Librería Valencia Centro,Efectivo,3
V001522,978-4-97684-597-3,American Gods,Neil Gaiman,Fantasía,19.9,2,45,Prefiere no decir,2025-03-06,Bolsillo,Online,Tienda Online,Bizum,5
V001523,978-6-86484-508-5,Ficciones,Jorge Luis Borges,Clásico,15.65,1,51,No binario,2023-12-29,Bolsillo,Online,Tienda Online,Bizum,5
V001524,978-3-62565-160-2,El día que se perdió la cordura,Javier Castillo,Thriller,19.84,1,70,No binario,2025-02-20,Kindle,Online,Tienda Online,Transferencia,2
V001525,978-1-42591-296-3,Frankenstein,Mary Shelley,Terror,10.12,1,53,Femenino,2025-07-02,Kindle,Online,Tienda Online,PayPal,4
V001526,978-3-85880-708-0,Persépolis,Marjane Satrapi,Cómic,12.72,1,19,Prefiere no decir,2024-07-19,Tapa dura,Online,Tienda Online,Bizum,4
V001527,978-7-10425-839-4,El paciente silencioso,Alex Michaelides,Thriller,16.11,1,51,Masculino,2023-03-08,Tapa dura,Online,Tienda Online,Transferencia,5
V001528,978-6-86484-508-5,Ficciones,Jorge Luis Borges,Clásico,15.65,2,70,Prefiere no decir,2024-02-06,Tapa dura,Física,Librería Gran Vía,Bizum,3
V001529,978-4-28301-352-8,El prisionero del cielo,Carlos Ruiz Zafón,Ficción,18.79,1,38,No binario,2025-09-24,Kindle,Online,Tienda Online,Tarjeta,3
V001530,978-8-36062-833-8,Crónicas marcianas,Ray Bradbury,Ciencia Ficción,12.92,1,42,Femenino,2023-09-12,Bolsillo,Física,Librería Sevilla Triana,Bizum,1
V001531,978-8-44438-864-9,Rayuela,Julio Cortázar,Clásico,16.9,1,75,Femenino,2023-02-23,Kindle,Online,Tienda Online,Transferencia,4
V001532,978-2-26828-775-7,Los cuatro acuerdos,Miguel Ruiz,Autoayuda,10.32,3,53,Femenino,2025-05-21,Tapa dura,Online,Tienda Online,Efectivo,3
V001533,978-8-36062-833-8,Crónicas marcianas,Ray Bradbury,Ciencia Ficción,12.92,3,51,No binario,2023-07-07,Kindle,Online,Tienda Online,Tarjeta,3
V001534,978-3-62923-222-9,El gen egoísta,Richard Dawkins,Ciencia,17.9,1,65,Masculino,2025-06-05,Bolsillo,Física,Librería Central Madrid,Transferencia,3
V001535,978-9-44671-926-0,El Hobbit,J.R.R. Tolkien,Fantasía,16.9,1,19,Femenino,2025-08-23,Tapa dura,Online,Tienda Online,PayPal,
V001536,978-1-82357-400-9,Harry Potter y la piedra filosofal,J.K. Rowling,Fantasía Juvenil,15.9,1,13,Masculino,2024-10-28,Kindle,Online,Tienda Online,Transferencia,
V001537,978-8-27342-840-9,Stardust,Neil Gaiman,Fantasía,15.9,1,61,Masculino,2025-08-16,Tapa dura,Online,Tienda Online,Bizum,5
V001538,978-2-58520-463-3,Sinsajo,Suzanne Collins,Fantasía Juvenil,14.9,1,15,No binario,2025-04-21,Bolsillo,Online,Tienda Online,PayPal,4
V001539,978-0-51104-158-0,Manual de cocina fácil,Karlos Arguiñano,Cocina,18.79,2,68,Prefiere no decir,2023-03-23,Bolsillo,Física,Librería Valencia Centro,Transferencia,2
V001540,978-8-11504-796-1,El código Da Vinci,Dan Brown,Thriller,14.36,2,55,No binario,2025-11-24,Bolsillo,Física,Librería Barcelona Gòtic,Bizum,3
V001541,978-0-22224-871-3,Un mundo sin fin,Ken Follett,Histórica,22.9,4,25,Masculino,2025-11-10,Tapa dura,Física,Librería Valencia Centro,Transferencia,2
V001542,978-1-82357-400-9,Harry Potter y la piedra filosofal,J.K. Rowling,Fantasía Juvenil,12.72,1,15,No binario,2023-11-21,Kindle,Online,Tienda Online,Tarjeta,5
V001543,978-9-44671-926-0,El Hobbit,J.R.R. Tolkien,Fantasía,17.75,1,22,No binario,2023-09-24,Bolsillo,Física,Librería Sevilla Triana,Transferencia,3
V001544,978-8-33416-619-1,La chica del tren,Paula Hawkins,Thriller,15.9,3,16,No binario,2024-02-20,Bolsillo,Física,Librería Valencia Centro,Efectivo,5
V001545,978-8-33416-619-1,La chica del tren,Paula Hawkins,Thriller,16.7,1,71,Masculino,2025-03-29,Bolsillo,Online,Tienda Online,Efectivo,
V001546,978-3-28131-621-7,El Aleph,Jorge Luis Borges,Clásico,13.9,1,39,Prefiere no decir,2024-03-16,Kindle,Online,Tienda Online,Efectivo,5
V001547,978-8-31643-371-8,Hábitos atómicos,James Clear,Autoayuda,17.01,1,44,No binario,2024-11-06,Bolsillo,Física,Librería Central Madrid,PayPal,5
V001548,978-0-87110-667-3,Charlie y la fábrica de chocolate,Roald Dahl,Infantil,9.52,1,6,Femenino,2024-04-17,Tapa dura,Online,Tienda Online,PayPal,5
V001549,978-5-19287-626-3,Coraline,Neil Gaiman,Fantasía Juvenil,13.9,1,18,Prefiere no decir,2024-01-22,Bolsillo,Online,Tienda Online,Efectivo,3
V001550,978-3-97782-833-5,V de Vendetta,Alan Moore,Cómic,18.9,1,49,No binario,2023-05-19,Kindle,Online,Tienda Online,Transferencia,4
V001551,978-0-40007-169-0,El Principito ilustrado,Antoine de Saint-Exupéry,Infantil,17.49,1,6,Masculino,2025-01-14,Bolsillo,Online,Tienda Online,Efectivo,4
V001552,978-3-28131-621-7,El Aleph,Jorge Luis Borges,Clásico,11.12,2,60,Masculino,2023-07-03,Bolsillo,Física,Librería Valencia Centro,PayPal,4
V001553,978-6-10282-499-4,Patria,Fernando Aramburu,Ficción,16.91,2,41,No binario,2023-06-04,Kindle,Online,Tienda Online,Transferencia,5
V001554,978-6-34957-196-1,El resplandor,Stephen King,Terror,20.79,3,27,Prefiere no decir,2025-01-04,Bolsillo,Física,Librería Gran Vía,Bizum,3
V001555,978-6-45093-167-3,Paula,Isabel Allende,Biografía,15.9,1,51,Prefiere no decir,2024-02-16,Tapa dura,Física,Librería Valencia Centro,Bizum,4
V001556,978-3-17665-693-8,La familia de Pascual Duarte,Camilo José Cela,Clásico,12.9,1,66,Masculino,2025-11-12,Tapa dura,Física,Librería Barcelona Gòtic,Bizum,2
V001557,978-3-62923-222-9,El gen egoísta,Richard Dawkins,Ciencia,15.21,2,31,Masculino,2024-04-29,Kindle,Online,Tienda Online,PayPal,4
V001558,978-3-84364-180-1,21 lecciones para el siglo XXI,Yuval Noah Harari,Ensayo,20.89,1,44,Masculino,2025-03-30,Tapa dura,Online,Tienda Online,Efectivo,
V001559,978-3-17665-693-8,La familia de Pascual Duarte,Camilo José Cela,Clásico,14.19,2,23,No binario,2025-11-29,Kindle,Online,Tienda Online,Bizum,5
V001560,978-4-93886-804-8,Guerra y paz,León Tolstói,Clásico,27.39,1,45,Prefiere no decir,2024-10-23,Kindle,Online,Tienda Online,Efectivo,4
V001561,978-6-56438-533-6,Misery,Stephen King,Terror,16.9,4,40,No binario,2025-04-08,Kindle,Online,Tienda Online,Efectivo,5
V001562,978-7-47388-533-8,Los besos,Manuel Vilas,Ficción,19.84,1,34,Masculino,2024-02-06,Bolsillo,Online,Tienda Online,Efectivo,5
V001563,978-9-65461-316-8,"Padre rico, padre pobre",Robert Kiyosaki,Finanzas,13.52,4,40,Prefiere no decir,2024-09-22,Bolsillo,Física,Librería Valencia Centro,Tarjeta,3
V001564,978-0-96673-333-4,Harry Potter y el prisionero de Azkaban,J.K. Rowling,Fantasía Juvenil,16.9,2,17,Masculino,2025-12-18,Kindle,Online,Tienda Online,Transferencia,4
V001565,978-1-48469-545-2,Origen,Dan Brown,Thriller,19.9,3,50,Prefiere no decir,2023-11-11,Tapa dura,Física,Librería Barcelona Gòtic,PayPal,2
V001566,978-1-16175-981-1,Pedro Páramo,Juan Rulfo,Clásico,13.55,1,56,Prefiere no decir,2024-06-20,Kindle,Online,Tienda Online,Transferencia,5
V001567,978-3-85880-708-0,Persépolis,Marjane Satrapi,Cómic,12.72,1,41,Femenino,2023-08-23,Tapa dura,Online,Tienda Online,Efectivo,2
V001568,978-3-31417-573-6,Ana Karenina,León Tolstói,Clásico,15.21,2,20,No binario,2024-03-09,Tapa dura,Online,Tienda Online,Transferencia,3
V001569,978-0-87110-667-3,Charlie y la fábrica de chocolate,Roald Dahl,Infantil,12.5,1,10,Masculino,2024-12-10,Kindle,Online,Tienda Online,Bizum,3
V001570,978-3-97782-833-5,V de Vendetta,Alan Moore,Cómic,20.79,1,61,Prefiere no decir,2023-09-07,Tapa dura,Online,Tienda Online,PayPal,4
V001571,978-9-78522-423-4,Maus,Art Spiegelman,Cómic,17.75,1,28,Prefiere no decir,2023-11-12,Bolsillo,Online,Tienda Online,PayPal,5
V001572,978-6-94259-569-2,El juego del ángel,Carlos Ruiz Zafón,Ficción,19.43,1,49,Femenino,2025-10-09,Kindle,Online,Tienda Online,Efectivo,4
V001573,978-7-10425-839-4,El paciente silencioso,Alex Michaelides,Thriller,17.9,1,20,Femenino,2024-09-02,Kindle,Online,Tienda Online,Transferencia,4
V001574,978-9-18326-494-6,Romancero gitano,Federico García Lorca,Poesía,10.9,2,48,Femenino,2025-03-17,Tapa dura,Online,Tienda Online,Efectivo,4
V001575,978-8-79514-100-9,La chica en la telaraña,David Lagercrantz,Thriller,17.9,1,52,Prefiere no decir,2024-12-04,Kindle,Online,Tienda Online,Tarjeta,5
V001576,978-9-93227-275-8,Los hermanos Karamázov,Fiódor Dostoyevski,Clásico,16.06,1,23,Femenino,2025-11-18,Tapa dura,Online,Tienda Online,Transferencia,3
V001577,978-9-78522-423-4,Maus,Art Spiegelman,Cómic,18.59,1,38,No binario,2023-08-31,Kindle,Online,Tienda Online,Bizum,4
V001578,978-1-16175-981-1,Pedro Páramo,Juan Rulfo,Clásico,12.9,1,20,No binario,2023-01-22,Kindle,Online,Tienda Online,Transferencia,
V001579,978-0-40007-169-0,El Principito ilustrado,Antoine de Saint-Exupéry,Infantil,15.9,2,9,Prefiere no decir,2023-10-04,Kindle,Online,Tienda Online,PayPal,5
V001580,978-0-96673-333-4,Harry Potter y el prisionero de Azkaban,J.K. Rowling,Fantasía Juvenil,18.59,2,11,Masculino,2025-10-12,Kindle,Online,Tienda Online,Transferencia,3
V001581,978-1-68082-927-8,Náuseas,Jean-Paul Sartre,Clásico,12.51,1,39,Prefiere no decir,2023-05-24,Kindle,Online,Tienda Online,Transferencia,5
V001582,978-4-97684-597-3,American Gods,Neil Gaiman,Fantasía,21.89,2,65,Masculino,2025-04-10,Tapa dura,Física,Librería Valencia Centro,Tarjeta,2
V001583,978-0-96673-333-4,Harry Potter y el prisionero de Azkaban,J.K. Rowling,Fantasía Juvenil,14.36,2,11,No binario,2024-04-07,Tapa dura,Online,Tienda Online,PayPal,5
V001584,978-4-10851-877-2,El nombre del viento,Patrick Rothfuss,Fantasía,19.71,1,26,Femenino,2023-05-09,Bolsillo,Online,Tienda Online,PayPal,4
V001585,978-9-51245-317-7,La sombra del viento,Carlos Ruiz Zafón,Ficción,18.5,1,39,Femenino,2024-08-14,Bolsillo,Online,Tienda Online,Transferencia,2
V001586,978-5-19287-626-3,Coraline,Neil Gaiman,Fantasía Juvenil,15.29,1,15,Masculino,2024-08-16,Bolsillo,Física,Librería Gran Vía,Efectivo,3
V001587,978-6-38893-559-9,Dune,Frank Herbert,Ciencia Ficción,25.19,1,46,No binario,2024-05-23,Tapa dura,Online,Tienda Online,PayPal,4
V001588,978-5-74042-119-1,Sapiens,Yuval Noah Harari,Ensayo,21.9,1,61,No binario,2023-07-27,Bolsillo,Física,Librería Barcelona Gòtic,Bizum,3
V001589,978-1-48469-545-2,Origen,Dan Brown,Thriller,16.91,4,33,Prefiere no decir,2023-07-21,Kindle,Online,Tienda Online,PayPal,4
V001590,978-9-44671-926-0,El Hobbit,J.R.R. Tolkien,Fantasía,13.52,3,61,No binario,2025-08-14,Kindle,Online,Tienda Online,Transferencia,
V001591,978-8-33416-619-1,La chica del tren,Paula Hawkins,Thriller,16.7,2,25,No binario,2023-08-28,Bolsillo,Física,Librería Valencia Centro,PayPal,
V001592,978-7-30289-294-4,Nada,Carmen Laforet,Clásico,11.81,2,28,Prefiere no decir,2025-06-09,Tapa dura,Online,Tienda Online,Tarjeta,4
V001593,978-9-71348-641-4,Veinte poemas de amor,Pablo Neruda,Poesía,10.4,1,49,Masculino,2024-09-17,Bolsillo,Online,Tienda Online,PayPal,4
V001594,978-3-39451-165-5,Matilda,Roald Dahl,Infantil,11.9,4,11,No binario,2023-10-21,Tapa dura,Física,Librería Barcelona Gòtic,PayPal,5
V001595,978-1-48469-545-2,Origen,Dan Brown,Thriller,19.9,1,57,Femenino,2023-07-11,Bolsillo,Online,Tienda Online,Bizum,1
V001596,978-8-44438-864-9,Rayuela,Julio Cortázar,Clásico,16.9,2,46,No binario,2024-04-20,Kindle,Online,Tienda Online,Bizum,4
V001597,978-6-56438-533-6,Misery,Stephen King,Terror,16.9,1,48,Femenino,2025-07-11,Bolsillo,Online,Tienda Online,Efectivo,3
V001598,978-2-46509-573-3,La peste,Albert Camus,Clásico,14.9,1,52,Femenino,2025-12-27,Bolsillo,Online,Tienda Online,Transferencia,3
V001599,978-3-50857-508-5,Piense y hágase rico,Napoleon Hill,Finanzas,13.9,1,62,Masculino,2023-01-25,Bolsillo,Online,Tienda Online,Tarjeta,1
V001600,978-0-40007-169-0,El Principito ilustrado,Antoine de Saint-Exupéry,Infantil,16.7,1,5,Femenino,2023-06-04,Kindle,Online,Tienda Online,Efectivo,5
V001601,978-6-86484-508-5,Ficciones,Jorge Luis Borges,Clásico,11.92,2,50,No binario,2023-06-07,Kindle,Online,Tienda Online,Efectivo,5
V001602,978-4-97684-597-3,American Gods,Neil Gaiman,Fantasía,19.9,2,32,No binario,2023-12-02,Kindle,Online,Tienda Online,Tarjeta,5
V001603,978-8-21395-704-6,1984,George Orwell,Ciencia Ficción,12.66,1,51,Femenino,2024-05-19,Kindle,Online,Tienda Online,Efectivo,4
V001604,978-9-44671-926-0,El Hobbit,J.R.R. Tolkien,Fantasía,15.21,1,61,No binario,2024-10-20,Kindle,Online,Tienda Online,Tarjeta,5
V001605,978-9-65461-316-8,"Padre rico, padre pobre",Robert Kiyosaki,Finanzas,16.9,2,39,Masculino,2025-11-05,Tapa dura,Física,Librería Barcelona Gòtic,PayPal,5
V001606,978-3-99733-432-0,Don Quijote de la Mancha,Miguel de Cervantes,Clásico,19.9,2,63,No binario,2024-08-27,Bolsillo,Física,Librería Gran Vía,Transferencia,5
V001607,978-8-27342-840-9,Stardust,Neil Gaiman,Fantasía,15.9,1,39,Prefiere no decir,2024-06-23,Kindle,Online,Tienda Online,Efectivo,5
V001608,978-1-48469-545-2,Origen,Dan Brown,Thriller,17.91,2,45,No binario,2025-10-07,Kindle,Online,Tienda Online,Transferencia,4
V001609,978-6-54597-384-2,El temor de un hombre sabio,Patrick Rothfuss,Fantasía,19.92,1,58,No binario,2023-06-28,Bolsillo,Física,Librería Sevilla Triana,Transferencia,2
V001610,978-9-72493-614-8,El chef en casa,Jamie Oliver,Cocina,19.9,1,58,Masculino,2025-11-06,Kindle,Online,Tienda Online,Efectivo,5
V001611,978-0-51104-158-0,Manual de cocina fácil,Karlos Arguiñano,Cocina,16.11,1,16,Masculino,2025-03-22,Tapa dura,Online,Tienda Online,Transferencia,5
V001612,978-5-50306-345-0,Homo Deus,Yuval Noah Harari,Ensayo,18.61,2,27,Masculino,2023-09-30,Kindle,Online,Tienda Online,PayPal,5
V001613,978-4-97684-597-3,American Gods,Neil Gaiman,Fantasía,20.89,1,45,Masculino,2023-04-20,Tapa dura,Física,Librería Central Madrid,Tarjeta,4
V001614,978-1-16630-767-8,Los pilares de la Tierra,Ken Follett,Histórica,21.9,1,22,Prefiere no decir,2024-02-02,Kindle,Online,Tienda Online,PayPal,5
V001615,978-7-47388-533-8,Los besos,Manuel Vilas,Ficción,18.9,1,67,No binario,2024-08-08,Bolsillo,Física,Librería Valencia Centro,PayPal,3
V001616,978-5-74042-119-1,Sapiens,Yuval Noah Harari,Ensayo,24.09,1,58,Femenino,2024-03-30,Kindle,Online,Tienda Online,Efectivo,4
V001617,978-6-86484-508-5,Ficciones,Jorge Luis Borges,Clásico,16.39,4,40,Femenino,2024-05-08,Bolsillo,Física,Librería Sevilla Triana,Tarjeta,
V001618,978-8-79514-100-9,La chica en la telaraña,David Lagercrantz,Thriller,16.11,1,29,Femenino,2024-05-23,Kindle,Online,Tienda Online,Efectivo,4
V001619,978-3-30032-482-2,Los hombres que no amaban a las mujeres,Stieg Larsson,Thriller,18.79,1,58,No binario,2024-12-31,Tapa dura,Online,Tienda Online,Bizum,4
V001620,978-3-30032-482-2,Los hombres que no amaban a las mujeres,Stieg Larsson,Thriller,14.32,2,73,Masculino,2025-01-20,Bolsillo,Física,Librería Valencia Centro,Bizum,5
V001621,978-1-82357-400-9,Harry Potter y la piedra filosofal,J.K. Rowling,Fantasía Juvenil,16.7,1,21,Femenino,2024-10-29,Bolsillo,Online,Tienda Online,PayPal,4
V001622,978-3-50857-508-5,Piense y hágase rico,Napoleon Hill,Finanzas,14.6,1,58,Femenino,2024-03-18,Bolsillo,Online,Tienda Online,PayPal,
V001623,978-8-31643-371-8,Hábitos atómicos,James Clear,Autoayuda,15.12,1,40,Masculino,2023-06-10,Bolsillo,Física,Librería Central Madrid,Tarjeta,5
V001624,978-3-97782-833-5,V de Vendetta,Alan Moore,Cómic,18.9,1,39,Femenino,2023-11-29,Tapa dura,Online,Tienda Online,Bizum,
V001625,978-2-17455-620-1,Cosmos,Carl Sagan,Ciencia,17.01,1,35,Femenino,2024-02-21,Kindle,Online,Tienda Online,Tarjeta,3
V001626,978-1-16175-981-1,Pedro Páramo,Juan Rulfo,Clásico,13.55,1,60,Masculino,2024-02-22,Tapa dura,Física,Librería Gran Vía,PayPal,5
V001627,978-8-21395-704-6,1984,George Orwell,Ciencia Ficción,14.9,1,54,Femenino,2025-05-01,Kindle,Online,Tienda Online,Tarjeta,4
V001628,978-2-58520-463-3,Sinsajo,Suzanne Collins,Fantasía Juvenil,16.39,2,15,No binario,2025-12-02,Tapa dura,Online,Tienda Online,Bizum,5
V001629,978-6-22676-467-5,Choque de Reyes,George R.R. Martin,Fantasía,19.9,1,62,No binario,2025-07-11,Bolsillo,Online,Tienda Online,PayPal,2
V001630,978-3-30032-482-2,Los hombres que no amaban a las mujeres,Stieg Larsson,Thriller,14.32,2,72,Prefiere no decir,2025-05-03,Kindle,Online,Tienda Online,Efectivo,5
V001631,978-9-78522-423-4,Maus,Art Spiegelman,Cómic,18.59,3,45,No binario,2023-01-12,Bolsillo,Online,Tienda Online,Transferencia,4
V001632,978-9-65461-316-8,"Padre rico, padre pobre",Robert Kiyosaki,Finanzas,16.9,1,24,No binario,2023-06-19,Bolsillo,Física,Librería Sevilla Triana,Bizum,4
V001633,978-3-54118-204-1,Juego de Tronos,George R.R. Martin,Fantasía,15.92,1,63,No binario,2025-11-13,Kindle,Online,Tienda Online,PayPal,5
V001634,978-9-20745-529-9,Watchmen,Alan Moore,Cómic,19.71,1,49,No binario,2024-10-15,Kindle,Online,Tienda Online,Tarjeta,4
V001635,978-9-65461-316-8,"Padre rico, padre pobre",Robert Kiyosaki,Finanzas,16.9,1,54,Femenino,2024-09-26,Bolsillo,Física,Librería Barcelona Gòtic,Efectivo,5
V001636,978-0-22224-871-3,Un mundo sin fin,Ken Follett,Histórica,18.32,1,70,No binario,2025-11-30,Bolsillo,Física,Librería Sevilla Triana,Transferencia,4
V001637,978-1-68082-927-8,Náuseas,Jean-Paul Sartre,Clásico,11.81,1,65,Prefiere no decir,2025-09-06,Tapa dura,Online,Tienda Online,PayPal,4
V001638,978-8-68800-243-6,El extranjero,Albert Camus,Clásico,12.9,1,30,Femenino,2023-04-17,Bolsillo,Física,Librería Gran Vía,PayPal,
V001639,978-7-30289-294-4,Nada,Carmen Laforet,Clásico,14.6,1,58,No binario,2023-08-01,Kindle,Online,Tienda Online,Bizum,5
V001640,978-4-28301-352-8,El prisionero del cielo,Carlos Ruiz Zafón,Ficción,17.9,1,17,Masculino,2023-07-02,Kindle,Online,Tienda Online,Efectivo,5
V001641,978-6-22676-467-5,Choque de Reyes,George R.R. Martin,Fantasía,19.9,1,25,Masculino,2025-02-23,Kindle,Online,Tienda Online,Tarjeta,4
V001642,978-5-19287-626-3,Coraline,Neil Gaiman,Fantasía Juvenil,13.9,2,18,No binario,2023-09-06,Kindle,Online,Tienda Online,Bizum,
V001643,978-9-65461-316-8,"Padre rico, padre pobre",Robert Kiyosaki,Finanzas,16.9,2,59,No binario,2024-06-16,Kindle,Online,Tienda Online,Bizum,5
V001644,978-8-79514-100-9,La chica en la telaraña,David Lagercrantz,Thriller,15.21,1,69,No binario,2024-09-23,Kindle,Online,Tienda Online,Bizum,5
V001645,978-8-44438-864-9,Rayuela,Julio Cortázar,Clásico,15.21,2,68,Masculino,2025-09-27,Bolsillo,Física,Librería Barcelona Gòtic,Transferencia,4
V001646,978-9-93227-275-8,Los hermanos Karamázov,Fiódor Dostoyevski,Clásico,18.9,1,65,No binario,2023-02-16,Bolsillo,Online,Tienda Online,Transferencia,
V001647,978-6-46434-564-5,En llamas,Suzanne Collins,Fantasía Juvenil,15.65,1,19,Prefiere no decir,2024-08-12,Tapa dura,Física,Librería Central Madrid,Bizum,5
V001648,978-3-30032-482-2,Los hombres que no amaban a las mujeres,Stieg Larsson,Thriller,17.9,1,30,No binario,2024-04-02,Kindle,Online,Tienda Online,PayPal,5
V001649,978-8-33416-619-1,La chica del tren,Paula Hawkins,Thriller,15.9,1,16,No binario,2024-08-28,Bolsillo,Online,Tienda Online,Transferencia,5
V001650,978-3-54118-204-1,Juego de Tronos,George R.R. Martin,Fantasía,16.91,1,48,No binario,2025-07-29,Kindle,Online,Tienda Online,Efectivo,4
V001651,978-7-19071-878-8,El poder del ahora,Eckhart Tolle,Autoayuda,14.9,1,36,Prefiere no decir,2023-02-22,Bolsillo,Física,Librería Valencia Centro,Efectivo,5
V001652,978-0-96673-333-4,Harry Potter y el prisionero de Azkaban,J.K. Rowling,Fantasía Juvenil,18.59,1,15,Masculino,2025-06-20,Kindle,Online,Tienda Online,Tarjeta,2
V001653,978-2-18981-709-1,Una breve historia del tiempo,Stephen Hawking,Ciencia,15.21,1,37,Prefiere no decir,2023-02-21,Kindle,Online,Tienda Online,Efectivo,4
V001654,978-4-99593-763-1,Crimen y castigo,Fiódor Dostoyevski,Clásico,13.55,1,23,Prefiere no decir,2023-01-15,Tapa dura,Física,Librería Gran Vía,Bizum,4
V001655,978-8-11504-796-1,El código Da Vinci,Dan Brown,Thriller,17.75,3,44,No binario,2024-05-21,Kindle,Online,Tienda Online,Bizum,5
V001656,978-6-10282-499-4,Patria,Fernando Aramburu,Ficción,20.89,2,44,Masculino,2025-07-17,Bolsillo,Online,Tienda Online,Tarjeta,5
V001657,978-8-33416-619-1,La chica del tren,Paula Hawkins,Thriller,15.9,1,28,Prefiere no decir,2023-08-27,Bolsillo,Online,Tienda Online,Tarjeta,4
V001658,978-6-22676-467-5,Choque de Reyes,George R.R. Martin,Fantasía,15.92,1,56,Femenino,2025-04-04,Tapa dura,Online,Tienda Online,Efectivo,4
V001659,978-6-34957-196-1,El resplandor,Stephen King,Terror,15.12,1,61,Femenino,2025-04-11,Kindle,Online,Tienda Online,Bizum,2
V001660,978-2-58520-463-3,Sinsajo,Suzanne Collins,Fantasía Juvenil,16.39,1,15,Femenino,2025-04-12,Tapa dura,Física,Librería Valencia Centro,Efectivo,5
V001661,978-3-28131-621-7,El Aleph,Jorge Luis Borges,Clásico,13.9,1,18,Femenino,2025-12-14,Tapa dura,Online,Tienda Online,Bizum,4
V001662,978-3-99733-432-0,Don Quijote de la Mancha,Miguel de Cervantes,Clásico,19.9,2,17,No binario,2024-10-09,Kindle,Online,Tienda Online,PayPal,5
V001663,978-4-93886-804-8,Guerra y paz,León Tolstói,Clásico,24.9,1,69,Prefiere no decir,2023-01-17,Tapa dura,Física,Librería Gran Vía,Efectivo,3
V001664,978-3-17665-693-8,La familia de Pascual Duarte,Camilo José Cela,Clásico,11.61,1,41,Masculino,2023-08-21,Tapa dura,Online,Tienda Online,PayPal,5
V001665,978-2-63269-597-7,La chica de nieve,Javier Castillo,Thriller,19.84,1,17,No binario,2024-04-28,Bolsillo,Física,Librería Valencia Centro,Tarjeta,2
V001666,978-1-16175-981-1,Pedro Páramo,Juan Rulfo,Clásico,12.9,1,69,Prefiere no decir,2023-08-27,Kindle,Online,Tienda Online,PayPal,5
V001667,978-6-94259-569-2,El juego del ángel,Carlos Ruiz Zafón,Ficción,16.65,1,44,Masculino,2024-01-17,Kindle,Online,Tienda Online,PayPal,3
V001668,978-3-76237-716-0,Fahrenheit 451,Ray Bradbury,Ciencia Ficción,15.29,1,48,Masculino,2023-05-20,Bolsillo,Online,Tienda Online,Transferencia,1
V001669,978-7-77839-562-1,El principito,Antoine de Saint-Exupéry,Infantil,9.9,2,6,No binario,2024-11-27,Kindle,Online,Tienda Online,PayPal,5
V001670,978-1-16630-767-8,Los pilares de la Tierra,Ken Follett,Histórica,17.52,1,28,Prefiere no decir,2024-01-22,Kindle,Online,Tienda Online,Tarjeta,3
V001671,978-1-40512-987-1,Los juegos del hambre,Suzanne Collins,Fantasía Juvenil,14.9,1,13,Masculino,2024-10-21,Kindle,Online,Tienda Online,Bizum,5
V001672,978-7-30289-294-4,Nada,Carmen Laforet,Clásico,14.6,1,21,Femenino,2025-04-18,Bolsillo,Online,Tienda Online,Efectivo,5
V001673,978-2-63269-597-7,La chica de nieve,Javier Castillo,Thriller,19.84,1,41,Masculino,2023-12-01,Kindle,Online,Tienda Online,Bizum,2
V001674,978-6-10282-499-4,Patria,Fernando Aramburu,Ficción,19.9,2,24,No binario,2023-06-01,Bolsillo,Física,Librería Barcelona Gòtic,Efectivo,5
V001675,978-3-39451-165-5,Matilda,Roald Dahl,Infantil,13.09,1,10,No binario,2023-07-25,Tapa dura,Online,Tienda Online,Efectivo,3
V001676,978-9-71348-641-4,Veinte poemas de amor,Pablo Neruda,Poesía,10.4,1,17,No binario,2023-04-15,Bolsillo,Física,Librería Sevilla Triana,Transferencia,3
V001677,978-9-78522-423-4,Maus,Art Spiegelman,Cómic,15.21,1,33,Femenino,2024-02-01,Tapa dura,Online,Tienda Online,Bizum,3
V001678,978-8-27342-840-9,Stardust,Neil Gaiman,Fantasía,13.52,1,59,Masculino,2023-06-01,Bolsillo,Online,Tienda Online,Transferencia,
V001679,978-3-39256-242-1,El amor en los tiempos del cólera,Gabriel García Márquez,Ficción,15.75,2,57,Prefiere no decir,2023-06-13,Bolsillo,Física,Librería Barcelona Gòtic,Transferencia,5
V001680,978-4-10851-877-2,El nombre del viento,Patrick Rothfuss,Fantasía,23.0,1,21,Prefiere no decir,2023-01-25,Kindle,Online,Tienda Online,PayPal,
V001681,978-2-17455-620-1,Cosmos,Carl Sagan,Ciencia,19.84,1,26,Prefiere no decir,2024-07-29,Kindle,Online,Tienda Online,Tarjeta,3
V001682,978-9-93227-275-8,Los hermanos Karamázov,Fiódor Dostoyevski,Clásico,17.01,1,21,No binario,2023-12-11,Tapa dura,Física,Librería Central Madrid,Tarjeta,5
V001683,978-9-93227-275-8,Los hermanos Karamázov,Fiódor Dostoyevski,Clásico,18.9,1,29,Masculino,2025-10-27,Tapa dura,Online,Tienda Online,Transferencia,5
V001684,978-2-58520-463-3,Sinsajo,Suzanne Collins,Fantasía Juvenil,14.9,1,15,Femenino,2025-02-09,Bolsillo,Online,Tienda Online,Efectivo,5
V001685,978-0-40007-169-0,El Principito ilustrado,Antoine de Saint-Exupéry,Infantil,15.9,3,7,Femenino,2024-04-28,Kindle,Online,Tienda Online,Bizum,2
V001686,978-6-46434-564-5,En llamas,Suzanne Collins,Fantasía Juvenil,14.9,1,22,Masculino,2025-09-22,Bolsillo,Física,Librería Sevilla Triana,Transferencia,3
V001687,978-7-80284-227-6,El Señor de los Anillos,J.R.R. Tolkien,Fantasía,32.89,2,54,Masculino,2024-08-04,Tapa dura,Física,Librería Gran Vía,Bizum,4
V001688,978-7-10425-839-4,El paciente silencioso,Alex Michaelides,Thriller,16.11,2,75,Femenino,2023-05-02,Kindle,Online,Tienda Online,Bizum,5
V001689,978-2-26828-775-7,Los cuatro acuerdos,Miguel Ruiz,Autoayuda,12.9,2,61,Femenino,2024-11-26,Kindle,Online,Tienda Online,Transferencia,2
V001690,978-8-33416-619-1,La chica del tren,Paula Hawkins,Thriller,17.49,1,20,No binario,2023-02-06,Bolsillo,Física,Librería Valencia Centro,Transferencia,4
V001691,978-0-62772-845-5,Drácula,Bram Stoker,Terror,12.9,1,30,Femenino,2023-01-21,Bolsillo,Online,Tienda Online,Bizum,5
V001692,978-6-46434-564-5,En llamas,Suzanne Collins,Fantasía Juvenil,13.41,1,15,Femenino,2024-06-28,Tapa dura,Online,Tienda Online,PayPal,5
V001693,978-0-96673-333-4,Harry Potter y el prisionero de Azkaban,J.K. Rowling,Fantasía Juvenil,16.9,1,21,Masculino,2024-02-13,Kindle,Online,Tienda Online,Efectivo,
V001694,978-0-40007-169-0,El Principito ilustrado,Antoine de Saint-Exupéry,Infantil,15.9,1,5,Masculino,2025-02-19,Bolsillo,Online,Tienda Online,Tarjeta,
V001695,978-0-62772-845-5,Drácula,Bram Stoker,Terror,10.32,2,20,Prefiere no decir,2023-03-28,Bolsillo,Online,Tienda Online,Tarjeta,5
V001696,978-0-40007-169-0,El Principito ilustrado,Antoine de Saint-Exupéry,Infantil,12.72,1,6,Prefiere no decir,2023-03-24,Tapa dura,Física,Librería Barcelona Gòtic,Tarjeta,5
V001697,978-3-85880-708-0,Persépolis,Marjane Satrapi,Cómic,15.9,2,17,Prefiere no decir,2024-09-16,Tapa dura,Online,Tienda Online,Transferencia,1
V001698,978-4-10851-877-2,El nombre del viento,Patrick Rothfuss,Fantasía,21.9,1,58,Prefiere no decir,2025-01-14,Bolsillo,Física,Librería Gran Vía,Tarjeta,5
V001699,978-1-82357-400-9,Harry Potter y la piedra filosofal,J.K. Rowling,Fantasía Juvenil,16.7,2,10,Prefiere no decir,2024-03-31,Tapa dura,Física,Librería Barcelona Gòtic,PayPal,5
V001700,978-3-39256-242-1,El amor en los tiempos del cólera,Gabriel García Márquez,Ficción,19.25,1,57,Prefiere no decir,2024-02-28,Tapa dura,Física,Librería Gran Vía,PayPal,5
V001701,978-0-96673-333-4,Harry Potter y el prisionero de Azkaban,J.K. Rowling,Fantasía Juvenil,18.59,1,12,Prefiere no decir,2025-12-23,Kindle,Online,Tienda Online,Bizum,5
V001702,978-6-22676-467-5,Choque de Reyes,George R.R. Martin,Fantasía,15.92,2,41,Prefiere no decir,2023-12-10,Bolsillo,Online,Tienda Online,Transferencia,5
V001703,978-8-21395-704-6,1984,George Orwell,Ciencia Ficción,14.9,1,16,No binario,2024-03-17,Tapa dura,Online,Tienda Online,Bizum,5
V001704,978-3-85880-708-0,Persépolis,Marjane Satrapi,Cómic,15.9,1,47,Masculino,2023-03-04,Tapa dura,Física,Librería Sevilla Triana,Bizum,5
V001705,978-7-17100-789-1,Carrie,Stephen King,Terror,14.9,2,70,Prefiere no decir,2024-07-12,Tapa dura,Online,Tienda Online,Efectivo,5
V001706,978-2-92240-263-6,La casa de Bernarda Alba,Federico García Lorca,Teatro,8.42,3,60,Femenino,2023-10-15,Kindle,Online,Tienda Online,PayPal,4
V001707,978-3-50857-508-5,Piense y hágase rico,Napoleon Hill,Finanzas,11.81,1,62,Masculino,2025-12-04,Bolsillo,Física,Librería Barcelona Gòtic,Bizum,1
V001708,978-7-10425-839-4,El paciente silencioso,Alex Michaelides,Thriller,19.69,2,51,Femenino,2023-12-26,Bolsillo,Online,Tienda Online,PayPal,3
V001709,978-5-85674-296-1,Harry Potter y la cámara secreta,J.K. Rowling,Fantasía Juvenil,13.52,1,12,No binario,2024-07-26,Tapa dura,Física,Librería Valencia Centro,Transferencia,4
V001710,978-3-62565-160-2,El día que se perdió la cordura,Javier Castillo,Thriller,19.84,1,50,Femenino,2025-12-16,Kindle,Online,Tienda Online,Transferencia,4
V001711,978-4-93748-619-9,Perdida,Gillian Flynn,Thriller,14.03,1,39,No binario,2023-04-07,Tapa dura,Física,Librería Barcelona Gòtic,PayPal,4
V001712,978-0-87110-667-3,Charlie y la fábrica de chocolate,Roald Dahl,Infantil,9.52,1,9,Prefiere no decir,2024-02-22,Bolsillo,Física,Librería Valencia Centro,Efectivo,5
V001713,978-0-22224-871-3,Un mundo sin fin,Ken Follett,Histórica,18.32,2,45,Femenino,2023-04-17,Bolsillo,Online,Tienda Online,Bizum,3
V001714,978-0-96673-333-4,Harry Potter y el prisionero de Azkaban,J.K. Rowling,Fantasía Juvenil,18.59,1,13,Masculino,2025-03-23,Kindle,Online,Tienda Online,PayPal,5
V001715,978-1-48469-545-2,Origen,Dan Brown,Thriller,19.9,4,29,Femenino,2024-05-23,Bolsillo,Física,Librería Sevilla Triana,Efectivo,5
V001716,978-6-10282-499-4,Patria,Fernando Aramburu,Ficción,17.91,2,36,No binario,2024-06-30,Bolsillo,Online,Tienda Online,Bizum,5
V001717,978-9-78522-423-4,Maus,Art Spiegelman,Cómic,14.36,3,39,Prefiere no decir,2023-11-19,Bolsillo,Online,Tienda Online,Transferencia,5
V001718,978-8-44973-887-5,Ángeles y demonios,Dan Brown,Thriller,15.21,4,16,Femenino,2023-02-19,Bolsillo,Física,Librería Gran Vía,Transferencia,4
V001719,978-8-68800-243-6,El extranjero,Albert Camus,Clásico,11.61,2,56,Prefiere no decir,2024-01-09,Kindle,Online,Tienda Online,PayPal,5
V001720,978-9-20745-529-9,Watchmen,Alan Moore,Cómic,21.9,1,23,No binario,2024-10-19,Kindle,Online,Tienda Online,Bizum,4
V001721,978-6-46434-564-5,En llamas,Suzanne Collins,Fantasía Juvenil,12.66,1,14,No binario,2023-09-03,Tapa dura,Física,Librería Gran Vía,Efectivo,5
V001722,978-9-20745-529-9,Watchmen,Alan Moore,Cómic,21.9,2,22,Prefiere no decir,2025-04-24,Tapa dura,Online,Tienda Online,Tarjeta,
V001723,978-8-44438-864-9,Rayuela,Julio Cortázar,Clásico,16.9,2,61,No binario,2024-06-11,Tapa dura,Física,Librería Barcelona Gòtic,Transferencia,5
V001724,978-3-76237-716-0,Fahrenheit 451,Ray Bradbury,Ciencia Ficción,11.81,1,42,Femenino,2025-10-14,Kindle,Online,Tienda Online,PayPal,4
V001725,978-9-78522-423-4,Maus,Art Spiegelman,Cómic,16.9,1,26,Masculino,2024-01-02,Kindle,Online,Tienda Online,PayPal,5
V001726,978-9-20745-529-9,Watchmen,Alan Moore,Cómic,18.61,1,26,No binario,2023-07-11,Kindle,Online,Tienda Online,PayPal,5
V001727,978-6-46434-564-5,En llamas,Suzanne Collins,Fantasía Juvenil,13.41,2,12,Prefiere no decir,2024-08-15,Bolsillo,Online,Tienda Online,PayPal,4
V001728,978-5-50306-345-0,Homo Deus,Yuval Noah Harari,Ensayo,18.61,1,64,Prefiere no decir,2025-05-08,Bolsillo,Física,Librería Sevilla Triana,Efectivo,4
V001729,978-3-85880-708-0,Persépolis,Marjane Satrapi,Cómic,15.9,1,75,Prefiere no decir,2025-09-26,Tapa dura,Online,Tienda Online,Bizum,4
V001730,978-2-58520-463-3,Sinsajo,Suzanne Collins,Fantasía Juvenil,15.65,1,20,No binario,2023-07-11,Kindle,Online,Tienda Online,Bizum,5
V001731,978-3-54118-204-1,Juego de Tronos,George R.R. Martin,Fantasía,17.91,1,28,Masculino,2024-11-05,Bolsillo,Física,Librería Central Madrid,Tarjeta,5
V001732,978-5-74042-119-1,Sapiens,Yuval Noah Harari,Ensayo,19.71,1,42,Masculino,2023-11-26,Tapa dura,Física,Librería Barcelona Gòtic,Efectivo,5
V001733,978-2-58520-463-3,Sinsajo,Suzanne Collins,Fantasía Juvenil,13.41,1,20,Femenino,2023-07-14,Kindle,Online,Tienda Online,Transferencia,4
V001734,978-8-31643-371-8,Hábitos atómicos,James Clear,Autoayuda,18.9,1,47,Masculino,2023-08-14,Tapa dura,Física,Librería Barcelona Gòtic,PayPal,4
V001735,978-3-31417-573-6,Ana Karenina,León Tolstói,Clásico,16.9,2,65,Femenino,2023-07-24,Bolsillo,Física,Librería Valencia Centro,Bizum,
V001736,978-0-22224-871-3,Un mundo sin fin,Ken Follett,Histórica,18.32,1,62,Masculino,2023-11-09,Bolsillo,Online,Tienda Online,Tarjeta,3
V001737,978-2-18981-709-1,Una breve historia del tiempo,Stephen Hawking,Ciencia,13.52,2,38,Femenino,2024-08-10,Kindle,Online,Tienda Online,Tarjeta,2
V001738,978-3-62565-160-2,El día que se perdió la cordura,Javier Castillo,Thriller,18.9,1,38,Femenino,2025-05-02,Bolsillo,Física,Librería Central Madrid,Transferencia,3
V001739,978-9-93227-275-8,Los hermanos Karamázov,Fiódor Dostoyevski,Clásico,18.9,3,65,Masculino,2024-11-10,Tapa dura,Online,Tienda Online,Bizum,5
V001740,978-3-97782-833-5,V de Vendetta,Alan Moore,Cómic,18.9,2,53,No binario,2024-09-16,Kindle,Online,Tienda Online,Bizum,4
V001741,978-2-58520-463-3,Sinsajo,Suzanne Collins,Fantasía Juvenil,14.9,1,20,Femenino,2023-08-16,Bolsillo,Física,Librería Central Madrid,Efectivo,5
V001742,978-9-44671-926-0,El Hobbit,J.R.R. Tolkien,Fantasía,16.9,1,26,Masculino,2024-12-01,Tapa dura,Física,Librería Sevilla Triana,Efectivo,
V001743,978-1-82357-400-9,Harry Potter y la piedra filosofal,J.K. Rowling,Fantasía Juvenil,15.9,3,22,Prefiere no decir,2024-11-07,Bolsillo,Física,Librería Sevilla Triana,PayPal,5
V001744,978-1-16175-981-1,Pedro Páramo,Juan Rulfo,Clásico,11.61,2,18,Prefiere no decir,2024-07-21,Bolsillo,Física,Librería Central Madrid,Bizum,4
V001745,978-9-72493-614-8,El chef en casa,Jamie Oliver,Cocina,20.89,1,75,Femenino,2025-12-05,Tapa dura,Online,Tienda Online,Efectivo,5
V001746,978-1-16630-767-8,Los pilares de la Tierra,Ken Follett,Histórica,18.61,1,51,Prefiere no decir,2023-10-04,Kindle,Online,Tienda Online,Efectivo,4
V001747,978-4-97684-597-3,American Gods,Neil Gaiman,Fantasía,21.89,1,70,Prefiere no decir,2023-01-12,Bolsillo,Online,Tienda Online,Efectivo,4
V001748,978-3-76237-716-0,Fahrenheit 451,Ray Bradbury,Ciencia Ficción,11.12,2,60,Prefiere no decir,2023-01-12,Tapa dura,Online,Tienda Online,Transferencia,5
V001749,978-4-93886-804-8,Guerra y paz,León Tolstói,Clásico,26.14,2,67,Masculino,2024-05-27,Kindle,Online,Tienda Online,Transferencia,5
V001750,978-8-33416-619-1,La chica del tren,Paula Hawkins,Thriller,16.7,1,17,No binario,2024-04-13,Bolsillo,Online,Tienda Online,Tarjeta,5
V001751,978-1-68082-927-8,Náuseas,Jean-Paul Sartre,Clásico,15.29,1,57,Masculino,2024-12-27,Kindle,Online,Tienda Online,Transferencia,5
V001752,978-5-85674-296-1,Harry Potter y la cámara secreta,J.K. Rowling,Fantasía Juvenil,15.9,1,17,Prefiere no decir,2024-11-28,Tapa dura,Física,Librería Barcelona Gòtic,Efectivo,5
V001753,978-0-62772-845-5,Drácula,Bram Stoker,Terror,10.32,2,49,No binario,2025-02-13,Kindle,Online,Tienda Online,Efectivo,4
V001754,978-3-62565-160-2,El día que se perdió la cordura,Javier Castillo,Thriller,18.9,1,27,Masculino,2024-02-16,Kindle,Online,Tienda Online,Bizum,4
V001755,978-2-63269-597-7,La chica de nieve,Javier Castillo,Thriller,19.84,4,56,Masculino,2024-11-21,Kindle,Online,Tienda Online,PayPal,3
V001756,978-6-22676-467-5,Choque de Reyes,George R.R. Martin,Fantasía,17.91,1,20,No binario,2025-01-08,Bolsillo,Online,Tienda Online,PayPal,4
V001757,978-8-79514-100-9,La chica en la telaraña,David Lagercrantz,Thriller,19.69,1,29,Prefiere no decir,2025-04-03,Tapa dura,Online,Tienda Online,Efectivo,5
V001758,978-6-22676-467-5,Choque de Reyes,George R.R. Martin,Fantasía,19.9,1,44,Masculino,2024-05-16,Tapa dura,Física,Librería Gran Vía,Efectivo,4
V001759,978-5-74042-119-1,Sapiens,Yuval Noah Harari,Ensayo,21.9,1,61,Masculino,2024-01-01,Kindle,Online,Tienda Online,Tarjeta,5
V001760,978-3-97782-833-5,V de Vendetta,Alan Moore,Cómic,20.79,1,60,Prefiere no decir,2024-11-09,Kindle,Online,Tienda Online,PayPal,4
V001761,978-0-22224-871-3,Un mundo sin fin,Ken Follett,Histórica,19.46,1,18,Prefiere no decir,2025-03-29,Bolsillo,Física,Librería Sevilla Triana,Bizum,2
V001762,978-4-28301-352-8,El prisionero del cielo,Carlos Ruiz Zafón,Ficción,18.79,1,33,No binario,2023-10-03,Kindle,Online,Tienda Online,Bizum,4
V001763,978-1-48469-545-2,Origen,Dan Brown,Thriller,15.92,4,61,Masculino,2024-02-16,Tapa dura,Física,Librería Barcelona Gòtic,Efectivo,5
V001764,978-6-38893-559-9,Dune,Frank Herbert,Ciencia Ficción,18.32,1,37,Femenino,2025-07-01,Kindle,Online,Tienda Online,Tarjeta,4
V001765,978-9-93227-275-8,Los hermanos Karamázov,Fiódor Dostoyevski,Clásico,17.01,2,45,Femenino,2023-01-15,Kindle,Online,Tienda Online,Bizum,
V001766,978-1-13278-859-4,Cien años de soledad,Gabriel García Márquez,Ficción,19.84,1,74,Femenino,2024-04-16,Tapa dura,Online,Tienda Online,Efectivo,3
V001767,978-1-68082-927-8,Náuseas,Jean-Paul Sartre,Clásico,15.29,2,50,Masculino,2025-02-26,Tapa dura,Física,Librería Sevilla Triana,Transferencia,5
V001768,978-0-13905-195-3,Rebelión en la granja,George Orwell,Ficción,12.5,1,18,No binario,2024-03-07,Kindle,Online,Tienda Online,Tarjeta,5
V001769,978-3-62565-160-2,El día que se perdió la cordura,Javier Castillo,Thriller,18.9,1,32,Femenino,2024-10-26,Kindle,Online,Tienda Online,Efectivo,5
V001770,978-8-31643-371-8,Hábitos atómicos,James Clear,Autoayuda,19.84,1,36,No binario,2023-09-16,Bolsillo,Física,Librería Gran Vía,Tarjeta,5
V001771,978-2-26828-775-7,Los cuatro acuerdos,Miguel Ruiz,Autoayuda,12.9,1,27,Prefiere no decir,2024-04-23,Tapa dura,Online,Tienda Online,Tarjeta,5
V001772,978-4-10851-877-2,El nombre del viento,Patrick Rothfuss,Fantasía,21.9,1,30,No binario,2023-04-07,Tapa dura,Física,Librería Sevilla Triana,PayPal,4
V001773,978-3-31417-573-6,Ana Karenina,León Tolstói,Clásico,13.52,1,24,No binario,2023-08-30,Kindle,Online,Tienda Online,Bizum,2
V001774,978-0-51104-158-0,Manual de cocina fácil,Karlos Arguiñano,Cocina,14.32,3,31,Prefiere no decir,2025-06-04,Bolsillo,Física,Librería Barcelona Gòtic,PayPal,5
V001775,978-4-93748-619-9,Perdida,Gillian Flynn,Thriller,13.2,2,52,Prefiere no decir,2023-03-11,Bolsillo,Online,Tienda Online,PayPal,1
V001776,978-6-86484-508-5,Ficciones,Jorge Luis Borges,Clásico,16.39,1,48,No binario,2023-09-14,Kindle,Online,Tienda Online,Efectivo,4
V001777,978-3-17665-693-8,La familia de Pascual Duarte,Camilo José Cela,Clásico,13.55,1,52,Masculino,2024-03-04,Bolsillo,Física,Librería Central Madrid,Tarjeta,5
V001778,978-9-38864-107-1,James y el melocotón gigante,Roald Dahl,Infantil,10.9,1,7,Femenino,2025-07-29,Kindle,Online,Tienda Online,Tarjeta,5
V001779,978-2-63269-597-7,La chica de nieve,Javier Castillo,Thriller,18.9,1,39,Masculino,2023-09-20,Bolsillo,Física,Librería Valencia Centro,PayPal,4
V001780,978-9-72493-614-8,El chef en casa,Jamie Oliver,Cocina,19.9,1,19,Femenino,2023-10-20,Tapa dura,Online,Tienda Online,Efectivo,4
V001781,978-3-99733-432-0,Don Quijote de la Mancha,Miguel de Cervantes,Clásico,17.91,2,71,Femenino,2023-08-31,Kindle,Online,Tienda Online,Transferencia,5
V001782,978-1-48469-545-2,Origen,Dan Brown,Thriller,19.9,1,34,Prefiere no decir,2025-02-20,Bolsillo,Física,Librería Valencia Centro,Efectivo,3
V001783,978-3-17665-693-8,La familia de Pascual Duarte,Camilo José Cela,Clásico,12.9,1,37,Prefiere no decir,2023-04-05,Tapa dura,Física,Librería Barcelona Gòtic,Tarjeta,4
V001784,978-4-97684-597-3,American Gods,Neil Gaiman,Fantasía,15.92,1,21,Prefiere no decir,2023-08-05,Tapa dura,Física,Librería Sevilla Triana,Tarjeta,4
V001785,978-2-46509-573-3,La peste,Albert Camus,Clásico,14.9,1,56,Prefiere no decir,2025-12-18,Tapa dura,Física,Librería Barcelona Gòtic,Transferencia,4
V001786,978-0-96673-333-4,Harry Potter y el prisionero de Azkaban,J.K. Rowling,Fantasía Juvenil,16.9,2,12,No binario,2023-03-24,Tapa dura,Física,Librería Gran Vía,Tarjeta,
V001787,978-8-27342-840-9,Stardust,Neil Gaiman,Fantasía,15.9,1,65,No binario,2024-02-04,Tapa dura,Online,Tienda Online,Tarjeta,4
V001788,978-9-71953-348-7,It,Stephen King,Terror,19.46,2,51,No binario,2024-11-09,Kindle,Online,Tienda Online,PayPal,5
V001789,978-8-27342-840-9,Stardust,Neil Gaiman,Fantasía,12.72,3,63,Masculino,2024-02-08,Kindle,Online,Tienda Online,Efectivo,3
V001790,978-4-10851-877-2,El nombre del viento,Patrick Rothfuss,Fantasía,21.9,2,33,No binario,2024-03-07,Tapa dura,Física,Librería Gran Vía,Efectivo,5
V001791,978-4-10851-877-2,El nombre del viento,Patrick Rothfuss,Fantasía,21.9,1,28,Femenino,2024-07-23,Kindle,Online,Tienda Online,Bizum,5
V001792,978-9-38864-107-1,James y el melocotón gigante,Roald Dahl,Infantil,10.9,1,8,Masculino,2025-02-05,Tapa dura,Online,Tienda Online,Tarjeta,5
V001793,978-7-17100-789-1,Carrie,Stephen King,Terror,14.9,1,40,No binario,2025-07-24,Bolsillo,Online,Tienda Online,Bizum,4
V001794,978-2-17455-620-1,Cosmos,Carl Sagan,Ciencia,17.01,1,24,Femenino,2025-04-17,Kindle,Online,Tienda Online,Efectivo,5
V001795,978-7-30289-294-4,Nada,Carmen Laforet,Clásico,11.12,2,69,No binario,2024-05-21,Tapa dura,Online,Tienda Online,PayPal,5
V001796,978-6-10282-499-4,Patria,Fernando Aramburu,Ficción,19.9,1,47,Prefiere no decir,2025-11-12,Bolsillo,Online,Tienda Online,Transferencia,3
V001797,978-8-27342-840-9,Stardust,Neil Gaiman,Fantasía,14.31,4,37,Masculino,2024-10-02,Kindle,Online,Tienda Online,PayPal,3
V001798,978-3-31417-573-6,Ana Karenina,León Tolstói,Clásico,13.52,1,42,No binario,2023-10-18,Kindle,Online,Tienda Online,Efectivo,4
V001799,978-1-13278-859-4,Cien años de soledad,Gabriel García Márquez,Ficción,16.06,2,65,Prefiere no decir,2025-10-05,Tapa dura,Online,Tienda Online,Bizum,3
V001800,978-2-92240-263-6,La casa de Bernarda Alba,Federico García Lorca,Teatro,8.42,1,63,Masculino,2024-09-21,Kindle,Online,Tienda Online,PayPal,4
V001801,978-5-85674-296-1,Harry Potter y la cámara secreta,J.K. Rowling,Fantasía Juvenil,14.31,1,17,Prefiere no decir,2025-01-11,Tapa dura,Física,Librería Central Madrid,PayPal,5
V001802,978-6-10282-499-4,Patria,Fernando Aramburu,Ficción,19.9,1,57,Masculino,2025-11-18,Kindle,Online,Tienda Online,Transferencia,4
V001803,978-8-79514-100-9,La chica en la telaraña,David Lagercrantz,Thriller,15.21,1,31,Prefiere no decir,2025-12-18,Tapa dura,Online,Tienda Online,Efectivo,5
V001804,978-4-93748-619-9,Perdida,Gillian Flynn,Thriller,13.2,1,75,Masculino,2024-03-03,Tapa dura,Online,Tienda Online,PayPal,
V001805,978-9-44671-926-0,El Hobbit,J.R.R. Tolkien,Fantasía,18.59,1,22,Prefiere no decir,2024-10-04,Tapa dura,Online,Tienda Online,Tarjeta,4
V001806,978-3-54118-204-1,Juego de Tronos,George R.R. Martin,Fantasía,17.91,1,24,Femenino,2024-10-29,Kindle,Online,Tienda Online,Tarjeta,4
V001807,978-6-34957-196-1,El resplandor,Stephen King,Terror,18.9,1,64,Prefiere no decir,2025-05-25,Kindle,Online,Tienda Online,PayPal,3
V001808,978-3-62923-222-9,El gen egoísta,Richard Dawkins,Ciencia,16.11,1,74,Femenino,2024-01-23,Kindle,Online,Tienda Online,Efectivo,2
V001809,978-7-80284-227-6,El Señor de los Anillos,J.R.R. Tolkien,Fantasía,29.9,1,18,Masculino,2023-07-06,Tapa dura,Física,Librería Barcelona Gòtic,Efectivo,4
V001810,978-4-28301-352-8,El prisionero del cielo,Carlos Ruiz Zafón,Ficción,15.21,2,16,Femenino,2025-02-11,Kindle,Online,Tienda Online,Tarjeta,3
V001811,978-6-10282-499-4,Patria,Fernando Aramburu,Ficción,19.9,2,22,Femenino,2025-07-31,Bolsillo,Online,Tienda Online,PayPal,4
V001812,978-3-50857-508-5,Piense y hágase rico,Napoleon Hill,Finanzas,13.9,2,70,Masculino,2024-07-19,Kindle,Online,Tienda Online,Transferencia,5
V001813,978-4-93886-804-8,Guerra y paz,León Tolstói,Clásico,27.39,1,73,Femenino,2025-12-24,Bolsillo,Online,Tienda Online,Bizum,
V001814,978-7-77839-562-1,El principito,Antoine de Saint-Exupéry,Infantil,8.42,1,11,Prefiere no decir,2025-08-26,Tapa dura,Online,Tienda Online,Efectivo,5
V001815,978-3-97782-833-5,V de Vendetta,Alan Moore,Cómic,19.84,1,40,Femenino,2024-12-30,Kindle,Online,Tienda Online,Tarjeta,5
V001816,978-0-40007-169-0,El Principito ilustrado,Antoine de Saint-Exupéry,Infantil,17.49,1,12,No binario,2025-03-25,Kindle,Online,Tienda Online,Transferencia,5
V001817,978-1-16630-767-8,Los pilares de la Tierra,Ken Follett,Histórica,23.0,1,72,Prefiere no decir,2025-11-30,Bolsillo,Física,Librería Valencia Centro,PayPal,4
V001818,978-5-19287-626-3,Coraline,Neil Gaiman,Fantasía Juvenil,13.9,1,17,Masculino,2023-01-02,Kindle,Online,Tienda Online,PayPal,4
V001819,978-5-50306-345-0,Homo Deus,Yuval Noah Harari,Ensayo,19.71,1,21,No binario,2024-03-28,Tapa dura,Online,Tienda Online,PayPal,4
V001820,978-0-87110-667-3,Charlie y la fábrica de chocolate,Roald Dahl,Infantil,11.9,1,6,Prefiere no decir,2024-07-08,Kindle,Online,Tienda Online,Tarjeta,
V001821,978-2-18981-709-1,Una breve historia del tiempo,Stephen Hawking,Ciencia,17.75,1,37,No binario,2024-01-21,Tapa dura,Online,Tienda Online,Transferencia,3
V001822,978-5-74042-119-1,Sapiens,Yuval Noah Harari,Ensayo,18.61,1,23,Femenino,2025-10-18,Kindle,Online,Tienda Online,Efectivo,4
V001823,978-3-97782-833-5,V de Vendetta,Alan Moore,Cómic,16.06,1,55,No binario,2024-12-14,Kindle,Online,Tienda Online,Bizum,
V001824,978-4-93748-619-9,Perdida,Gillian Flynn,Thriller,18.15,2,51,Prefiere no decir,2025-01-02,Kindle,Online,Tienda Online,Tarjeta,1
V001825,978-9-44671-926-0,El Hobbit,J.R.R. Tolkien,Fantasía,17.75,1,33,Prefiere no decir,2024-03-27,Tapa dura,Online,Tienda Online,Efectivo,5
V001826,978-8-36062-833-8,Crónicas marcianas,Ray Bradbury,Ciencia Ficción,12.16,1,30,Prefiere no decir,2023-04-20,Kindle,Online,Tienda Online,Tarjeta,2
V001827,978-9-78522-423-4,Maus,Art Spiegelman,Cómic,14.36,1,42,Prefiere no decir,2024-09-15,Kindle,Online,Tienda Online,PayPal,4
V001828,978-9-18326-494-6,Romancero gitano,Federico García Lorca,Poesía,11.45,1,40,Prefiere no decir,2023-06-04,Bolsillo,Física,Librería Central Madrid,Bizum,4
V001829,978-0-51104-158-0,Manual de cocina fácil,Karlos Arguiñano,Cocina,18.79,2,26,Femenino,2023-07-27,Bolsillo,Física,Librería Valencia Centro,Transferencia,5
V001830,978-1-16630-767-8,Los pilares de la Tierra,Ken Follett,Histórica,21.9,1,44,Masculino,2023-02-20,Bolsillo,Online,Tienda Online,PayPal,3
V001831,978-6-86484-508-5,Ficciones,Jorge Luis Borges,Clásico,14.9,1,73,Masculino,2025-02-25,Kindle,Online,Tienda Online,Tarjeta,4
V001832,978-3-84364-180-1,21 lecciones para el siglo XXI,Yuval Noah Harari,Ensayo,21.89,1,32,Masculino,2024-11-21,Kindle,Online,Tienda Online,Transferencia,5
V001833,978-3-28131-621-7,El Aleph,Jorge Luis Borges,Clásico,12.51,2,51,Femenino,2024-12-28,Bolsillo,Online,Tienda Online,Bizum,5
V001834,978-3-39256-242-1,El amor en los tiempos del cólera,Gabriel García Márquez,Ficción,14.88,1,75,Prefiere no decir,2025-02-21,Kindle,Online,Tienda Online,Tarjeta,5
V001835,978-8-33416-619-1,La chica del tren,Paula Hawkins,Thriller,15.9,2,24,Masculino,2023-09-09,Bolsillo,Física,Librería Central Madrid,Tarjeta,4
V001836,978-3-50857-508-5,Piense y hágase rico,Napoleon Hill,Finanzas,11.81,1,64,Femenino,2025-09-28,Tapa dura,Online,Tienda Online,Transferencia,3
V001837,978-3-30032-482-2,Los hombres que no amaban a las mujeres,Stieg Larsson,Thriller,17.9,1,33,No binario,2023-03-23,Bolsillo,Física,Librería Barcelona Gòtic,Tarjeta,5
V001838,978-4-10851-877-2,El nombre del viento,Patrick Rothfuss,Fantasía,21.9,1,23,No binario,2023-01-03,Bolsillo,Física,Librería Central Madrid,Tarjeta,4
V001839,978-3-76237-716-0,Fahrenheit 451,Ray Bradbury,Ciencia Ficción,14.6,2,64,Femenino,2024-07-06,Kindle,Online,Tienda Online,Efectivo,2
V001840,978-3-17665-693-8,La familia de Pascual Duarte,Camilo José Cela,Clásico,12.9,1,66,Femenino,2024-12-12,Bolsillo,Física,Librería Central Madrid,Transferencia,1
V001841,978-0-13905-195-3,Rebelión en la granja,George Orwell,Ficción,13.75,1,27,Femenino,2023-08-19,Tapa dura,Online,Tienda Online,Transferencia,4
V001842,978-1-48469-545-2,Origen,Dan Brown,Thriller,20.89,1,73,Femenino,2025-01-05,Bolsillo,Física,Librería Valencia Centro,Efectivo,3
V001843,978-9-38864-107-1,James y el melocotón gigante,Roald Dahl,Infantil,11.45,1,5,Prefiere no decir,2023-02-17,Kindle,Online,Tienda Online,Bizum,4
V001844,978-8-79514-100-9,La chica en la telaraña,David Lagercrantz,Thriller,16.11,1,45,No binario,2023-02-02,Kindle,Online,Tienda Online,Tarjeta,1
V001845,978-1-42591-296-3,Frankenstein,Mary Shelley,Terror,11.9,2,74,Masculino,2023-06-03,Tapa dura,Online,Tienda Online,Tarjeta,5
V001846,978-4-10851-877-2,El nombre del viento,Patrick Rothfuss,Fantasía,23.0,2,57,Femenino,2024-09-15,Tapa dura,Online,Tienda Online,PayPal,4
V001847,978-8-68800-243-6,El extranjero,Albert Camus,Clásico,11.61,1,24,Masculino,2023-02-27,Kindle,Online,Tienda Online,Tarjeta,4
V001848,978-7-30289-294-4,Nada,Carmen Laforet,Clásico,11.12,1,59,Prefiere no decir,2025-02-15,Bolsillo,Online,Tienda Online,Transferencia,5
V001849,978-8-27342-840-9,Stardust,Neil Gaiman,Fantasía,15.9,2,23,No binario,2024-05-20,Tapa dura,Física,Librería Barcelona Gòtic,Efectivo,5
V001850,978-3-76237-716-0,Fahrenheit 451,Ray Bradbury,Ciencia Ficción,13.9,1,28,Femenino,2025-06-22,Bolsillo,Online,Tienda Online,Efectivo,5
V001851,978-9-44671-926-0,El Hobbit,J.R.R. Tolkien,Fantasía,16.9,1,32,Femenino,2025-04-11,Kindle,Online,Tienda Online,Tarjeta,5
V001852,978-1-16175-981-1,Pedro Páramo,Juan Rulfo,Clásico,12.9,1,42,Masculino,2024-09-08,Bolsillo,Online,Tienda Online,Bizum,4
V001853,978-4-99593-763-1,Crimen y castigo,Fiódor Dostoyevski,Clásico,11.61,2,37,Prefiere no decir,2025-12-08,Bolsillo,Online,Tienda Online,Tarjeta,
V001854,978-8-68800-243-6,El extranjero,Albert Camus,Clásico,10.96,1,58,Prefiere no decir,2023-10-14,Bolsillo,Física,Librería Sevilla Triana,PayPal,5
V001855,978-3-28131-621-7,El Aleph,Jorge Luis Borges,Clásico,12.51,1,40,Masculino,2025-12-18,Bolsillo,Online,Tienda Online,Efectivo,2
V001856,978-1-16175-981-1,Pedro Páramo,Juan Rulfo,Clásico,10.96,3,75,No binario,2024-08-14,Bolsillo,Online,Tienda Online,PayPal,5
V001857,978-3-28131-621-7,El Aleph,Jorge Luis Borges,Clásico,13.9,1,18,Prefiere no decir,2023-11-14,Bolsillo,Online,Tienda Online,Efectivo,5
V001858,978-6-94259-569-2,El juego del ángel,Carlos Ruiz Zafón,Ficción,18.5,2,47,No binario,2024-09-20,Kindle,Online,Tienda Online,Efectivo,4
V001859,978-8-33416-619-1,La chica del tren,Paula Hawkins,Thriller,16.7,1,65,Masculino,2025-06-07,Tapa dura,Física,Librería Gran Vía,Transferencia,5
V001860,978-7-30289-294-4,Nada,Carmen Laforet,Clásico,11.12,2,17,Masculino,2024-06-27,Tapa dura,Física,Librería Sevilla Triana,Tarjeta,4
V001861,978-0-62772-845-5,Drácula,Bram Stoker,Terror,11.61,1,48,Femenino,2023-07-22,Kindle,Online,Tienda Online,Transferencia,3
V001862,978-0-62772-845-5,Drácula,Bram Stoker,Terror,12.9,1,45,No binario,2025-03-05,Kindle,Online,Tienda Online,Tarjeta,3
V001863,978-3-99733-432-0,Don Quijote de la Mancha,Miguel de Cervantes,Clásico,17.91,1,43,Masculino,2023-07-22,Bolsillo,Física,Librería Gran Vía,Tarjeta,
V001864,978-3-39451-165-5,Matilda,Roald Dahl,Infantil,11.9,1,10,Prefiere no decir,2024-03-14,Tapa dura,Física,Librería Barcelona Gòtic,Tarjeta,2
V001865,978-6-54597-384-2,El temor de un hombre sabio,Patrick Rothfuss,Fantasía,24.9,1,60,No binario,2023-03-27,Bolsillo,Física,Librería Central Madrid,Bizum,5
V001866,978-8-44438-864-9,Rayuela,Julio Cortázar,Clásico,17.75,1,60,No binario,2025-07-27,Kindle,Online,Tienda Online,Tarjeta,5
V001867,978-8-79514-100-9,La chica en la telaraña,David Lagercrantz,Thriller,17.9,2,55,No binario,2025-01-14,Kindle,Online,Tienda Online,Tarjeta,5
V001868,978-7-30289-294-4,Nada,Carmen Laforet,Clásico,12.51,1,73,Masculino,2025-11-08,Tapa dura,Online,Tienda Online,Transferencia,4
V001869,978-6-34957-196-1,El resplandor,Stephen King,Terror,18.9,1,48,Prefiere no decir,2025-02-04,Tapa dura,Online,Tienda Online,Bizum,3
V001870,978-3-54118-204-1,Juego de Tronos,George R.R. Martin,Fantasía,19.9,1,26,No binario,2023-08-18,Kindle,Online,Tienda Online,Efectivo,5
V001871,978-1-48469-545-2,Origen,Dan Brown,Thriller,20.89,1,25,Femenino,2023-11-22,Bolsillo,Online,Tienda Online,PayPal,3
V001872,978-1-13278-859-4,Cien años de soledad,Gabriel García Márquez,Ficción,19.84,1,17,Masculino,2024-12-10,Bolsillo,Física,Librería Central Madrid,PayPal,5
V001873,978-7-80284-227-6,El Señor de los Anillos,J.R.R. Tolkien,Fantasía,29.9,1,50,Masculino,2025-11-02,Tapa dura,Física,Librería Central Madrid,Efectivo,3
V001874,978-3-85880-708-0,Persépolis,Marjane Satrapi,Cómic,15.9,2,24,Masculino,2023-06-21,Tapa dura,Física,Librería Sevilla Triana,Tarjeta,1
V001875,978-3-84364-180-1,21 lecciones para el siglo XXI,Yuval Noah Harari,Ensayo,19.9,1,18,Prefiere no decir,2023-08-11,Kindle,Online,Tienda Online,Transferencia,4
V001876,978-9-20745-529-9,Watchmen,Alan Moore,Cómic,24.09,1,35,Prefiere no decir,2023-04-15,Tapa dura,Online,Tienda Online,Efectivo,
V001877,978-6-86484-508-5,Ficciones,Jorge Luis Borges,Clásico,14.9,2,43,No binario,2024-02-05,Kindle,Online,Tienda Online,Efectivo,4
V001878,978-9-71953-348-7,It,Stephen King,Terror,25.19,1,42,Prefiere no decir,2023-10-03,Kindle,Online,Tienda Online,Tarjeta,4
V001879,978-4-97684-597-3,American Gods,Neil Gaiman,Fantasía,15.92,2,75,Femenino,2023-07-10,Kindle,Online,Tienda Online,Bizum,5
V001880,978-3-85880-708-0,Persépolis,Marjane Satrapi,Cómic,17.49,1,71,No binario,2023-07-30,Kindle,Online,Tienda Online,Tarjeta,5
V001881,978-3-31417-573-6,Ana Karenina,León Tolstói,Clásico,16.9,1,74,Masculino,2024-07-26,Tapa dura,Online,Tienda Online,PayPal,5
V001882,978-3-62565-160-2,El día que se perdió la cordura,Javier Castillo,Thriller,20.79,1,38,Masculino,2025-02-01,Kindle,Online,Tienda Online,Efectivo,4
V001883,978-1-40512-987-1,Los juegos del hambre,Suzanne Collins,Fantasía Juvenil,13.41,1,10,No binario,2023-06-03,Kindle,Online,Tienda Online,Tarjeta,4
V001884,978-3-62565-160-2,El día que se perdió la cordura,Javier Castillo,Thriller,18.9,1,28,Prefiere no decir,2024-06-06,Kindle,Online,Tienda Online,PayPal,4
V001885,978-3-84364-180-1,21 lecciones para el siglo XXI,Yuval Noah Harari,Ensayo,19.9,1,73,Femenino,2023-11-06,Tapa dura,Online,Tienda Online,Transferencia,4
V001886,978-4-93886-804-8,Guerra y paz,León Tolstói,Clásico,24.9,1,41,Femenino,2025-08-10,Kindle,Online,Tienda Online,Tarjeta,4
V001887,978-6-46434-564-5,En llamas,Suzanne Collins,Fantasía Juvenil,14.9,1,12,Prefiere no decir,2025-07-22,Kindle,Online,Tienda Online,Bizum,4
V001888,978-4-93748-619-9,Perdida,Gillian Flynn,Thriller,17.32,1,28,Masculino,2025-08-16,Tapa dura,Online,Tienda Online,Tarjeta,2
V001889,978-7-80284-227-6,El Señor de los Anillos,J.R.R. Tolkien,Fantasía,32.89,1,37,Femenino,2023-05-06,Bolsillo,Física,Librería Central Madrid,PayPal,5
V001890,978-8-36062-833-8,Crónicas marcianas,Ray Bradbury,Ciencia Ficción,12.16,2,40,Femenino,2025-03-01,Tapa dura,Física,Librería Central Madrid,Transferencia,4
V001891,978-9-72493-614-8,El chef en casa,Jamie Oliver,Cocina,19.9,1,45,Prefiere no decir,2024-02-03,Kindle,Online,Tienda Online,Bizum,5
V001892,978-3-99733-432-0,Don Quijote de la Mancha,Miguel de Cervantes,Clásico,19.9,2,19,No binario,2023-03-17,Tapa dura,Online,Tienda Online,Transferencia,4
V001893,978-5-85674-296-1,Harry Potter y la cámara secreta,J.K. Rowling,Fantasía Juvenil,13.52,1,10,No binario,2025-08-09,Bolsillo,Online,Tienda Online,Tarjeta,4
V001894,978-8-27342-840-9,Stardust,Neil Gaiman,Fantasía,17.49,1,36,Prefiere no decir,2025-02-18,Tapa dura,Física,Librería Valencia Centro,Efectivo,3
V001895,978-8-79514-100-9,La chica en la telaraña,David Lagercrantz,Thriller,17.9,1,19,No binario,2023-11-12,Kindle,Online,Tienda Online,Efectivo,4
V001896,978-6-10282-499-4,Patria,Fernando Aramburu,Ficción,17.91,1,70,Masculino,2024-04-06,Kindle,Online,Tienda Online,Bizum,5
V001897,978-8-21395-704-6,1984,George Orwell,Ciencia Ficción,15.65,1,31,No binario,2024-10-06,Kindle,Online,Tienda Online,Tarjeta,4
V001898,978-3-85880-708-0,Persépolis,Marjane Satrapi,Cómic,16.7,1,39,Prefiere no decir,2025-07-07,Kindle,Online,Tienda Online,Bizum,
V001899,978-3-54118-204-1,Juego de Tronos,George R.R. Martin,Fantasía,21.89,1,73,Prefiere no decir,2024-05-16,Kindle,Online,Tienda Online,Bizum,4
V001900,978-3-39256-242-1,El amor en los tiempos del cólera,Gabriel García Márquez,Ficción,15.75,1,21,Masculino,2025-04-12,Bolsillo,Física,Librería Valencia Centro,Bizum,1
V001901,978-3-85880-708-0,Persépolis,Marjane Satrapi,Cómic,15.9,1,45,No binario,2023-02-09,Kindle,Online,Tienda Online,PayPal,4
V001902,978-3-39256-242-1,El amor en los tiempos del cólera,Gabriel García Márquez,Ficción,14.0,1,70,Masculino,2023-04-06,Tapa dura,Online,Tienda Online,Tarjeta,5
V001903,978-0-40007-169-0,El Principito ilustrado,Antoine de Saint-Exupéry,Infantil,15.9,2,7,Masculino,2023-02-28,Tapa dura,Online,Tienda Online,PayPal,4
V001904,978-9-20745-529-9,Watchmen,Alan Moore,Cómic,17.52,1,42,Prefiere no decir,2023-04-29,Kindle,Online,Tienda Online,Bizum,4
V001905,978-4-99593-763-1,Crimen y castigo,Fiódor Dostoyevski,Clásico,10.32,1,65,Prefiere no decir,2024-03-30,Kindle,Online,Tienda Online,PayPal,5
V001906,978-3-54118-204-1,Juego de Tronos,George R.R. Martin,Fantasía,19.9,2,39,Femenino,2023-11-12,Bolsillo,Online,Tienda Online,Tarjeta,1
V001907,978-9-20745-529-9,Watchmen,Alan Moore,Cómic,23.0,1,41,Masculino,2025-06-27,Tapa dura,Online,Tienda Online,Tarjeta,5
V001908,978-5-19287-626-3,Coraline,Neil Gaiman,Fantasía Juvenil,11.12,1,11,No binario,2023-04-23,Bolsillo,Online,Tienda Online,Transferencia,
V001909,978-3-62923-222-9,El gen egoísta,Richard Dawkins,Ciencia,19.69,2,57,No binario,2023-12-23,Kindle,Online,Tienda Online,Transferencia,4
V001910,978-8-27342-840-9,Stardust,Neil Gaiman,Fantasía,13.52,2,43,No binario,2023-04-28,Kindle,Online,Tienda Online,Transferencia,4
V001911,978-4-93886-804-8,Guerra y paz,León Tolstói,Clásico,24.9,1,71,Prefiere no decir,2023-03-30,Bolsillo,Online,Tienda Online,Transferencia,4
V001912,978-3-84364-180-1,21 lecciones para el siglo XXI,Yuval Noah Harari,Ensayo,19.9,1,52,No binario,2024-10-15,Bolsillo,Física,Librería Valencia Centro,PayPal,5
V001913,978-5-85674-296-1,Harry Potter y la cámara secreta,J.K. Rowling,Fantasía Juvenil,17.49,1,12,Masculino,2024-02-20,Kindle,Online,Tienda Online,Transferencia,4
V001914,978-1-40512-987-1,Los juegos del hambre,Suzanne Collins,Fantasía Juvenil,12.66,1,12,No binario,2024-04-09,Bolsillo,Física,Librería Central Madrid,Efectivo,4
V001915,978-1-48469-545-2,Origen,Dan Brown,Thriller,17.91,1,44,Masculino,2024-07-18,Kindle,Online,Tienda Online,PayPal,4
V001916,978-0-87110-667-3,Charlie y la fábrica de chocolate,Roald Dahl,Infantil,12.5,2,10,Masculino,2024-06-13,Bolsillo,Física,Librería Barcelona Gòtic,Efectivo,
V001917,978-1-68082-927-8,Náuseas,Jean-Paul Sartre,Clásico,15.29,1,63,Femenino,2025-03-06,Tapa dura,Física,Librería Barcelona Gòtic,PayPal,5
V001918,978-8-11504-796-1,El código Da Vinci,Dan Brown,Thriller,14.36,2,25,Femenino,2024-08-27,Tapa dura,Online,Tienda Online,PayPal,3
V001919,978-6-56438-533-6,Misery,Stephen King,Terror,13.52,2,46,No binario,2024-07-14,Tapa dura,Física,Librería Sevilla Triana,Bizum,4
V001920,978-8-33416-619-1,La chica del tren,Paula Hawkins,Thriller,16.7,2,54,Femenino,2025-02-27,Kindle,Online,Tienda Online,Tarjeta,1
V001921,978-7-10425-839-4,El paciente silencioso,Alex Michaelides,Thriller,16.11,1,61,Masculino,2025-05-03,Bolsillo,Online,Tienda Online,Transferencia,4
V001922,978-8-21395-704-6,1984,George Orwell,Ciencia Ficción,14.9,3,74,Prefiere no decir,2024-08-05,Tapa dura,Física,Librería Central Madrid,Transferencia,2
V001923,978-4-93748-619-9,Perdida,Gillian Flynn,Thriller,14.03,2,30,Masculino,2025-12-04,Bolsillo,Física,Librería Sevilla Triana,Efectivo,4
V001924,978-8-11504-796-1,El código Da Vinci,Dan Brown,Thriller,17.75,2,24,Femenino,2024-02-01,Kindle,Online,Tienda Online,PayPal,5
V001925,978-7-77839-562-1,El principito,Antoine de Saint-Exupéry,Infantil,9.9,2,5,Femenino,2023-05-10,Kindle,Online,Tienda Online,PayPal,4
V001926,978-2-17455-620-1,Cosmos,Carl Sagan,Ciencia,19.84,2,71,Prefiere no decir,2023-04-27,Kindle,Online,Tienda Online,PayPal,
V001927,978-9-78522-423-4,Maus,Art Spiegelman,Cómic,18.59,1,19,Masculino,2023-11-01,Tapa dura,Online,Tienda Online,Bizum,5
V001928,978-6-34957-196-1,El resplandor,Stephen King,Terror,20.79,1,67,Femenino,2023-10-06,Bolsillo,Física,Librería Sevilla Triana,PayPal,5
V001929,978-1-16175-981-1,Pedro Páramo,Juan Rulfo,Clásico,13.55,1,34,No binario,2024-08-06,Kindle,Online,Tienda Online,Tarjeta,5
V001930,978-9-71953-348-7,It,Stephen King,Terror,20.61,1,75,Masculino,2025-08-06,Bolsillo,Online,Tienda Online,PayPal,5
V001931,978-0-87110-667-3,Charlie y la fábrica de chocolate,Roald Dahl,Infantil,10.71,2,8,No binario,2023-07-03,Bolsillo,Física,Librería Sevilla Triana,Transferencia,5
V001932,978-9-71348-641-4,Veinte poemas de amor,Pablo Neruda,Poesía,8.42,1,73,Femenino,2025-10-02,Bolsillo,Física,Librería Gran Vía,Bizum,4
V001933,978-9-71348-641-4,Veinte poemas de amor,Pablo Neruda,Poesía,9.9,1,70,Prefiere no decir,2024-03-04,Kindle,Online,Tienda Online,Transferencia,5
V001934,978-3-31417-573-6,Ana Karenina,León Tolstói,Clásico,16.9,2,55,Masculino,2024-10-28,Kindle,Online,Tienda Online,Transferencia,5
V001935,978-7-77839-562-1,El principito,Antoine de Saint-Exupéry,Infantil,9.9,1,6,No binario,2024-01-13,Kindle,Online,Tienda Online,Tarjeta,5
V001936,978-3-50857-508-5,Piense y hágase rico,Napoleon Hill,Finanzas,15.29,1,42,Masculino,2025-01-03,Bolsillo,Online,Tienda Online,Transferencia,5
V001937,978-3-99733-432-0,Don Quijote de la Mancha,Miguel de Cervantes,Clásico,19.9,1,34,Femenino,2025-07-21,Bolsillo,Online,Tienda Online,Transferencia,4
V001938,978-3-62565-160-2,El día que se perdió la cordura,Javier Castillo,Thriller,16.06,1,19,Prefiere no decir,2023-12-13,Bolsillo,Física,Librería Barcelona Gòtic,Transferencia,4
V001939,978-2-17455-620-1,Cosmos,Carl Sagan,Ciencia,18.9,2,31,Masculino,2023-01-30,Tapa dura,Online,Tienda Online,PayPal,3
V001940,978-1-42591-296-3,Frankenstein,Mary Shelley,Terror,12.5,2,70,Masculino,2024-08-25,Tapa dura,Física,Librería Central Madrid,Tarjeta,5
V001941,978-7-17100-789-1,Carrie,Stephen King,Terror,14.9,1,64,Prefiere no decir,2024-01-27,Kindle,Online,Tienda Online,Transferencia,4
V001942,978-7-77839-562-1,El principito,Antoine de Saint-Exupéry,Infantil,9.9,2,10,No binario,2024-06-29,Kindle,Online,Tienda Online,Transferencia,5
V001943,978-6-54597-384-2,El temor de un hombre sabio,Patrick Rothfuss,Fantasía,27.39,2,41,Femenino,2025-12-10,Bolsillo,Física,Librería Gran Vía,Transferencia,5
V001944,978-8-44438-864-9,Rayuela,Julio Cortázar,Clásico,17.75,1,67,No binario,2023-08-21,Bolsillo,Online,Tienda Online,Efectivo,5
V001945,978-4-93886-804-8,Guerra y paz,León Tolstói,Clásico,24.9,1,23,No binario,2025-06-07,Kindle,Online,Tienda Online,Bizum,3
V001946,978-3-99733-432-0,Don Quijote de la Mancha,Miguel de Cervantes,Clásico,19.9,3,44,Prefiere no decir,2023-02-27,Bolsillo,Online,Tienda Online,Transferencia,5
V001947,978-3-62923-222-9,El gen egoísta,Richard Dawkins,Ciencia,17.9,3,65,Prefiere no decir,2025-07-25,Kindle,Online,Tienda Online,Efectivo,1
V001948,978-9-71953-348-7,It,Stephen King,Terror,22.9,1,42,Femenino,2024-06-23,Bolsillo,Física,Librería Valencia Centro,Transferencia,3
V001949,978-4-93886-804-8,Guerra y paz,León Tolstói,Clásico,24.9,1,43,Prefiere no decir,2024-02-25,Tapa dura,Física,Librería Central Madrid,Transferencia,4
V001950,978-7-80284-227-6,El Señor de los Anillos,J.R.R. Tolkien,Fantasía,32.89,2,28,Masculino,2024-11-21,Kindle,Online,Tienda Online,Transferencia,5
V001951,978-2-46509-573-3,La peste,Albert Camus,Clásico,14.9,2,58,No binario,2023-09-26,Bolsillo,Online,Tienda Online,Efectivo,5
V001952,978-3-28131-621-7,El Aleph,Jorge Luis Borges,Clásico,13.9,2,16,Prefiere no decir,2023-11-03,Kindle,Online,Tienda Online,Efectivo,5
V001953,978-3-97782-833-5,V de Vendetta,Alan Moore,Cómic,15.12,1,70,Femenino,2025-12-30,Bolsillo,Física,Librería Gran Vía,Bizum,5
V001954,978-3-84364-180-1,21 lecciones para el siglo XXI,Yuval Noah Harari,Ensayo,19.9,1,26,No binario,2023-02-02,Tapa dura,Física,Librería Sevilla Triana,Transferencia,5
V001955,978-5-85674-296-1,Harry Potter y la cámara secreta,J.K. Rowling,Fantasía Juvenil,15.9,1,18,Femenino,2025-07-08,Kindle,Online,Tienda Online,Tarjeta,5
V001956,978-3-39451-165-5,Matilda,Roald Dahl,Infantil,13.09,1,6,Prefiere no decir,2025-01-11,Bolsillo,Física,Librería Gran Vía,Bizum,5
V001957,978-9-93227-275-8,Los hermanos Karamázov,Fiódor Dostoyevski,Clásico,15.12,1,53,Masculino,2025-04-12,Tapa dura,Online,Tienda Online,Tarjeta,5
V001958,978-9-65461-316-8,"Padre rico, padre pobre",Robert Kiyosaki,Finanzas,16.9,1,53,Femenino,2025-06-09,Kindle,Online,Tienda Online,PayPal,4
V001959,978-6-45093-167-3,Paula,Isabel Allende,Biografía,15.9,2,72,Prefiere no decir,2023-02-01,Tapa dura,Online,Tienda Online,Transferencia,4
V001960,978-5-50306-345-0,Homo Deus,Yuval Noah Harari,Ensayo,17.52,1,43,Masculino,2024-05-15,Bolsillo,Física,Librería Gran Vía,Efectivo,5
V001961,978-9-71348-641-4,Veinte poemas de amor,Pablo Neruda,Poesía,9.9,1,52,Femenino,2025-08-22,Kindle,Online,Tienda Online,Bizum,5
V001962,978-7-19071-878-8,El poder del ahora,Eckhart Tolle,Autoayuda,14.9,3,54,Femenino,2023-12-02,Kindle,Online,Tienda Online,Tarjeta,5
V001963,978-7-10425-839-4,El paciente silencioso,Alex Michaelides,Thriller,17.9,2,29,Masculino,2025-05-09,Bolsillo,Online,Tienda Online,Efectivo,3
V001964,978-9-38864-107-1,James y el melocotón gigante,Roald Dahl,Infantil,11.99,1,11,Masculino,2023-07-15,Bolsillo,Física,Librería Gran Vía,Efectivo,5
V001965,978-0-13905-195-3,Rebelión en la granja,George Orwell,Ficción,12.5,1,32,Prefiere no decir,2023-10-29,Tapa dura,Física,Librería Gran Vía,Tarjeta,3
V001966,978-9-38864-107-1,James y el melocotón gigante,Roald Dahl,Infantil,9.27,1,6,Femenino,2023-08-01,Tapa dura,Online,Tienda Online,Bizum,5
V001967,978-6-34957-196-1,El resplandor,Stephen King,Terror,18.9,1,74,No binario,2025-03-07,Tapa dura,Física,Librería Valencia Centro,Transferencia,5
V001968,978-3-54118-204-1,Juego de Tronos,George R.R. Martin,Fantasía,21.89,1,36,Masculino,2024-11-08,Kindle,Online,Tienda Online,Efectivo,4
V001969,978-7-19071-878-8,El poder del ahora,Eckhart Tolle,Autoayuda,15.65,1,45,Masculino,2024-12-07,Kindle,Online,Tienda Online,PayPal,
V001970,978-5-74042-119-1,Sapiens,Yuval Noah Harari,Ensayo,21.9,1,33,No binario,2024-06-04,Kindle,Online,Tienda Online,PayPal,2
V001971,978-3-30032-482-2,Los hombres que no amaban a las mujeres,Stieg Larsson,Thriller,15.21,3,35,No binario,2024-01-26,Kindle,Online,Tienda Online,Transferencia,1
V001972,978-2-18981-709-1,Una breve historia del tiempo,Stephen Hawking,Ciencia,15.21,4,24,Masculino,2023-05-02,Tapa dura,Online,Tienda Online,Bizum,5
V001973,978-9-72493-614-8,El chef en casa,Jamie Oliver,Cocina,19.9,3,30,No binario,2023-12-23,Kindle,Online,Tienda Online,Efectivo,5
V001974,978-5-19287-626-3,Coraline,Neil Gaiman,Fantasía Juvenil,12.51,1,12,No binario,2025-08-17,Tapa dura,Online,Tienda Online,Efectivo,5
V001975,978-3-28131-621-7,El Aleph,Jorge Luis Borges,Clásico,12.51,1,68,Femenino,2025-06-07,Bolsillo,Online,Tienda Online,Transferencia,
V001976,978-6-94259-569-2,El juego del ángel,Carlos Ruiz Zafón,Ficción,16.65,1,33,Femenino,2023-07-28,Kindle,Online,Tienda Online,PayPal,4
V001977,978-7-77839-562-1,El principito,Antoine de Saint-Exupéry,Infantil,9.9,2,8,Prefiere no decir,2023-11-15,Kindle,Online,Tienda Online,Efectivo,5
V001978,978-3-62923-222-9,El gen egoísta,Richard Dawkins,Ciencia,19.69,1,16,No binario,2025-04-13,Bolsillo,Online,Tienda Online,Efectivo,4
V001979,978-4-28301-352-8,El prisionero del cielo,Carlos Ruiz Zafón,Ficción,16.11,2,32,Prefiere no decir,2025-08-17,Bolsillo,Física,Librería Central Madrid,Bizum,4
V001980,978-3-85880-708-0,Persépolis,Marjane Satrapi,Cómic,16.7,1,35,Masculino,2023-07-23,Bolsillo,Física,Librería Sevilla Triana,Efectivo,5
V001981,978-6-38893-559-9,Dune,Frank Herbert,Ciencia Ficción,22.9,1,56,Prefiere no decir,2024-07-20,Tapa dura,Online,Tienda Online,Efectivo,4
V001982,978-3-97782-833-5,V de Vendetta,Alan Moore,Cómic,20.79,1,47,Prefiere no decir,2025-01-01,Bolsillo,Online,Tienda Online,Efectivo,5
V001983,978-8-79514-100-9,La chica en la telaraña,David Lagercrantz,Thriller,18.79,2,59,Prefiere no decir,2024-12-14,Kindle,Online,Tienda Online,Transferencia,4
V001984,978-5-50306-345-0,Homo Deus,Yuval Noah Harari,Ensayo,21.9,1,19,No binario,2025-10-10,Bolsillo,Física,Librería Valencia Centro,PayPal,5
V001985,978-6-56438-533-6,Misery,Stephen King,Terror,16.9,1,73,Prefiere no decir,2023-04-24,Bolsillo,Online,Tienda Online,Bizum,5
V001986,978-2-92240-263-6,La casa de Bernarda Alba,Federico García Lorca,Teatro,9.9,1,44,Femenino,2025-10-04,Kindle,Online,Tienda Online,Bizum,4
V001987,978-1-13278-859-4,Cien años de soledad,Gabriel García Márquez,Ficción,18.9,1,61,No binario,2023-09-03,Kindle,Online,Tienda Online,Tarjeta,5
V001988,978-9-71953-348-7,It,Stephen King,Terror,22.9,1,33,Prefiere no decir,2023-03-20,Bolsillo,Física,Librería Gran Vía,Efectivo,2
V001989,978-4-97684-597-3,American Gods,Neil Gaiman,Fantasía,15.92,4,30,Masculino,2024-08-10,Bolsillo,Online,Tienda Online,Bizum,5
V001990,978-1-40512-987-1,Los juegos del hambre,Suzanne Collins,Fantasía Juvenil,13.41,1,11,Femenino,2023-08-25,Tapa dura,Física,Librería Central Madrid,Efectivo,3
V001991,978-1-68082-927-8,Náuseas,Jean-Paul Sartre,Clásico,13.9,2,56,Femenino,2024-03-07,Kindle,Online,Tienda Online,Bizum,4
V001992,978-8-79514-100-9,La chica en la telaraña,David Lagercrantz,Thriller,19.69,1,59,Prefiere no decir,2024-09-06,Tapa dura,Física,Librería Gran Vía,Transferencia,4
V001993,978-3-62565-160-2,El día que se perdió la cordura,Javier Castillo,Thriller,20.79,1,44,Prefiere no decir,2024-05-15,Kindle,Online,Tienda Online,Bizum,4
V001994,978-9-72493-614-8,El chef en casa,Jamie Oliver,Cocina,19.9,1,43,Prefiere no decir,2023-07-10,Tapa dura,Online,Tienda Online,Bizum,5
V001995,978-8-31643-371-8,Hábitos atómicos,James Clear,Autoayuda,16.06,1,44,Femenino,2023-12-05,Bolsillo,Online,Tienda Online,Transferencia,4
V001996,978-6-10282-499-4,Patria,Fernando Aramburu,Ficción,16.91,1,27,Masculino,2025-04-01,Bolsillo,Online,Tienda Online,Efectivo,5
V001997,978-4-93886-804-8,Guerra y paz,León Tolstói,Clásico,22.41,1,32,Masculino,2024-01-23,Kindle,Online,Tienda Online,Tarjeta,5
V001998,978-6-46434-564-5,En llamas,Suzanne Collins,Fantasía Juvenil,16.39,2,21,Prefiere no decir,2024-07-21,Tapa dura,Online,Tienda Online,Transferencia,5
V001999,978-8-21395-704-6,1984,George Orwell,Ciencia Ficción,16.39,1,19,Prefiere no decir,2025-02-11,Kindle,Online,Tienda Online,Bizum,3
V002000,978-2-92240-263-6,La casa de Bernarda Alba,Federico García Lorca,Teatro,8.42,1,35,Masculino,2023-07-16,Tapa dura,Física,Librería Valencia Centro,Efectivo,1
V002001,978-0-22224-871-3,Un mundo sin fin,Ken Follett,Histórica,19.46,1,74,No binario,2024-04-10,Bolsillo,Online,Tienda Online,Tarjeta,
V002002,978-8-44973-887-5,Ángeles y demonios,Dan Brown,Thriller,15.21,1,41,Masculino,2024-09-19,Kindle,Online,Tienda Online,Transferencia,4
V002003,978-4-93886-804-8,Guerra y paz,León Tolstói,Clásico,24.9,1,34,Masculino,2025-07-14,Bolsillo,Física,Librería Valencia Centro,PayPal,5
V002004,978-8-44438-864-9,Rayuela,Julio Cortázar,Clásico,16.9,1,41,No binario,2025-04-24,Bolsillo,Online,Tienda Online,Bizum,4
V002005,978-4-99593-763-1,Crimen y castigo,Fiódor Dostoyevski,Clásico,14.19,3,50,Prefiere no decir,2024-12-07,Bolsillo,Física,Librería Valencia Centro,Bizum,5
V002006,978-9-93227-275-8,Los hermanos Karamázov,Fiódor Dostoyevski,Clásico,15.12,2,42,Masculino,2024-07-02,Tapa dura,Física,Librería Valencia Centro,PayPal,3
V002007,978-7-77839-562-1,El principito,Antoine de Saint-Exupéry,Infantil,7.92,1,6,Femenino,2025-10-28,Bolsillo,Física,Librería Barcelona Gòtic,Tarjeta,4
V002008,978-0-40007-169-0,El Principito ilustrado,Antoine de Saint-Exupéry,Infantil,12.72,1,11,Femenino,2024-07-15,Kindle,Online,Tienda Online,Bizum,4
V002009,978-7-19071-878-8,El poder del ahora,Eckhart Tolle,Autoayuda,16.39,3,34,Femenino,2023-11-25,Bolsillo,Online,Tienda Online,Efectivo,1
V002010,978-7-77839-562-1,El principito,Antoine de Saint-Exupéry,Infantil,9.9,1,8,Masculino,2025-08-31,Kindle,Online,Tienda Online,PayPal,4
V002011,978-0-51104-158-0,Manual de cocina fácil,Karlos Arguiñano,Cocina,17.9,1,74,No binario,2025-03-25,Tapa dura,Física,Librería Barcelona Gòtic,Bizum,4
V002012,978-3-39451-165-5,Matilda,Roald Dahl,Infantil,12.5,1,9,Femenino,2025-04-21,Kindle,Online,Tienda Online,Efectivo,4
V002013,978-8-33416-619-1,La chica del tren,Paula Hawkins,Thriller,15.9,4,44,No binario,2025-01-27,Tapa dura,Física,Librería Central Madrid,PayPal,3
V002014,978-3-17665-693-8,La familia de Pascual Duarte,Camilo José Cela,Clásico,12.9,2,31,Prefiere no decir,2024-11-14,Bolsillo,Física,Librería Barcelona Gòtic,PayPal,5
V002015,978-2-58520-463-3,Sinsajo,Suzanne Collins,Fantasía Juvenil,16.39,1,15,Femenino,2025-07-09,Tapa dura,Física,Librería Barcelona Gòtic,PayPal,3
V002016,978-5-50306-345-0,Homo Deus,Yuval Noah Harari,Ensayo,19.71,3,63,Masculino,2024-03-12,Bolsillo,Online,Tienda Online,Transferencia,5
V002017,978-6-22676-467-5,Choque de Reyes,George R.R. Martin,Fantasía,19.9,2,67,No binario,2023-03-08,Kindle,Online,Tienda Online,Bizum,4
V002018,978-9-18326-494-6,Romancero gitano,Federico García Lorca,Poesía,8.72,2,55,No binario,2023-12-06,Tapa dura,Online,Tienda Online,Efectivo,
V002019,978-3-97782-833-5,V de Vendetta,Alan Moore,Cómic,18.9,3,75,Prefiere no decir,2023-07-05,Kindle,Online,Tienda Online,Efectivo,5
V002020,978-3-54118-204-1,Juego de Tronos,George R.R. Martin,Fantasía,15.92,1,28,Prefiere no decir,2025-10-14,Tapa dura,Física,Librería Gran Vía,Bizum,5
V002021,978-7-19071-878-8,El poder del ahora,Eckhart Tolle,Autoayuda,14.9,2,52,Prefiere no decir,2023-03-07,Kindle,Online,Tienda Online,PayPal,4
V002022,978-8-68800-243-6,El extranjero,Albert Camus,Clásico,10.96,1,55,Masculino,2025-05-07,Kindle,Online,Tienda Online,Transferencia,3
V002023,978-3-14207-924-5,La casa de los espíritus,Isabel Allende,Ficción,15.21,1,74,Masculino,2024-11-04,Tapa dura,Física,Librería Barcelona Gòtic,Efectivo,5
V002024,978-6-10282-499-4,Patria,Fernando Aramburu,Ficción,19.9,2,23,Prefiere no decir,2023-12-21,Kindle,Online,Tienda Online,Efectivo,3
V002025,978-3-28131-621-7,El Aleph,Jorge Luis Borges,Clásico,14.6,1,27,Masculino,2024-09-12,Tapa dura,Online,Tienda Online,Efectivo,5
V002026,978-9-78522-423-4,Maus,Art Spiegelman,Cómic,16.9,2,34,Femenino,2025-08-22,Tapa dura,Online,Tienda Online,Transferencia,3
V002027,978-4-28301-352-8,El prisionero del cielo,Carlos Ruiz Zafón,Ficción,17.9,1,31,No binario,2023-01-06,Tapa dura,Física,Librería Barcelona Gòtic,Transferencia,3
V002028,978-0-51104-158-0,Manual de cocina fácil,Karlos Arguiñano,Cocina,17.9,1,50,No binario,2024-10-19,Tapa dura,Online,Tienda Online,PayPal,5
V002029,978-1-68082-927-8,Náuseas,Jean-Paul Sartre,Clásico,12.51,1,68,No binario,2023-05-16,Bolsillo,Física,Librería Valencia Centro,Transferencia,5
V002030,978-3-97782-833-5,V de Vendetta,Alan Moore,Cómic,19.84,2,56,Femenino,2025-06-29,Kindle,Online,Tienda Online,Transferencia,1
V002031,978-9-44671-926-0,El Hobbit,J.R.R. Tolkien,Fantasía,15.21,2,34,Femenino,2025-07-04,Bolsillo,Online,Tienda Online,Transferencia,
V002032,978-1-16630-767-8,Los pilares de la Tierra,Ken Follett,Histórica,18.61,1,20,Prefiere no decir,2025-03-13,Tapa dura,Física,Librería Gran Vía,Tarjeta,1
V002033,978-3-97782-833-5,V de Vendetta,Alan Moore,Cómic,16.06,1,72,Prefiere no decir,2024-09-26,Tapa dura,Física,Librería Barcelona Gòtic,Bizum,4
V002034,978-0-51104-158-0,Manual de cocina fácil,Karlos Arguiñano,Cocina,16.11,1,34,Masculino,2025-03-25,Bolsillo,Online,Tienda Online,Tarjeta,
V002035,978-3-39256-242-1,El amor en los tiempos del cólera,Gabriel García Márquez,Ficción,17.5,1,42,Masculino,2023-06-03,Bolsillo,Física,Librería Barcelona Gòtic,Transferencia,5
V002036,978-9-72493-614-8,El chef en casa,Jamie Oliver,Cocina,20.89,2,56,Masculino,2024-12-15,Bolsillo,Física,Librería Gran Vía,PayPal,5
V002037,978-0-22224-871-3,Un mundo sin fin,Ken Follett,Histórica,20.61,1,45,No binario,2023-04-19,Bolsillo,Online,Tienda Online,Transferencia,
V002038,978-8-68800-243-6,El extranjero,Albert Camus,Clásico,10.96,1,22,Femenino,2025-10-18,Tapa dura,Física,Librería Barcelona Gòtic,Tarjeta,
V002039,978-9-20745-529-9,Watchmen,Alan Moore,Cómic,21.9,1,47,Femenino,2023-09-16,Bolsillo,Física,Librería Central Madrid,Bizum,
V002040,978-5-50306-345-0,Homo Deus,Yuval Noah Harari,Ensayo,23.0,1,41,Masculino,2025-11-26,Tapa dura,Física,Librería Central Madrid,Transferencia,5
V002041,978-5-85674-296-1,Harry Potter y la cámara secreta,J.K. Rowling,Fantasía Juvenil,14.31,1,15,No binario,2024-11-03,Kindle,Online,Tienda Online,Tarjeta,4
V002042,978-4-93748-619-9,Perdida,Gillian Flynn,Thriller,16.5,1,18,Prefiere no decir,2024-09-25,Kindle,Online,Tienda Online,Transferencia,4
V002043,978-2-18981-709-1,Una breve historia del tiempo,Stephen Hawking,Ciencia,16.9,4,68,No binario,2024-03-25,Kindle,Online,Tienda Online,PayPal,5
V002044,978-3-84364-180-1,21 lecciones para el siglo XXI,Yuval Noah Harari,Ensayo,19.9,1,44,Masculino,2023-03-30,Kindle,Online,Tienda Online,Transferencia,5
V002045,978-9-71348-641-4,Veinte poemas de amor,Pablo Neruda,Poesía,8.91,1,17,Femenino,2025-07-01,Kindle,Online,Tienda Online,Transferencia,4
V002046,978-1-68082-927-8,Náuseas,Jean-Paul Sartre,Clásico,11.81,4,37,Masculino,2025-11-06,Kindle,Online,Tienda Online,Transferencia,5
V002047,978-9-72493-614-8,El chef en casa,Jamie Oliver,Cocina,19.9,2,62,No binario,2023-07-21,Bolsillo,Online,Tienda Online,Bizum,4
V002048,978-7-47388-533-8,Los besos,Manuel Vilas,Ficción,16.06,1,64,Prefiere no decir,2024-12-30,Bolsillo,Física,Librería Valencia Centro,Bizum,3
V002049,978-8-21395-704-6,1984,George Orwell,Ciencia Ficción,12.66,1,41,Prefiere no decir,2023-09-14,Kindle,Online,Tienda Online,PayPal,4
V002050,978-3-50857-508-5,Piense y hágase rico,Napoleon Hill,Finanzas,11.81,1,65,Femenino,2025-06-10,Kindle,Online,Tienda Online,Efectivo,3
V002051,978-3-99733-432-0,Don Quijote de la Mancha,Miguel de Cervantes,Clásico,20.89,1,48,No binario,2023-11-20,Bolsillo,Física,Librería Barcelona Gòtic,PayPal,
V002052,978-8-44438-864-9,Rayuela,Julio Cortázar,Clásico,13.52,1,52,No binario,2024-04-30,Bolsillo,Online,Tienda Online,Transferencia,4
V002053,978-0-51104-158-0,Manual de cocina fácil,Karlos Arguiñano,Cocina,17.9,1,71,Masculino,2025-12-23,Tapa dura,Física,Librería Central Madrid,PayPal,
V002054,978-7-17100-789-1,Carrie,Stephen King,Terror,12.66,4,28,Masculino,2025-02-08,Tapa dura,Online,Tienda Online,Transferencia,4
V002055,978-7-47388-533-8,Los besos,Manuel Vilas,Ficción,18.9,1,43,Masculino,2023-03-27,Bolsillo,Física,Librería Central Madrid,PayPal,4
V002056,978-5-19287-626-3,Coraline,Neil Gaiman,Fantasía Juvenil,13.9,2,22,No binario,2025-11-08,Kindle,Online,Tienda Online,Efectivo,3
V002057,978-9-65461-316-8,"Padre rico, padre pobre",Robert Kiyosaki,Finanzas,14.36,3,56,Masculino,2024-09-02,Kindle,Online,Tienda Online,PayPal,1
V002058,978-6-86484-508-5,Ficciones,Jorge Luis Borges,Clásico,13.41,1,23,Femenino,2025-01-11,Kindle,Online,Tienda Online,Transferencia,5
V002059,978-0-13905-195-3,Rebelión en la granja,George Orwell,Ficción,13.75,2,41,Femenino,2023-09-07,Tapa dura,Online,Tienda Online,Efectivo,5
V002060,978-7-80284-227-6,El Señor de los Anillos,J.R.R. Tolkien,Fantasía,32.89,1,66,No binario,2023-04-28,Kindle,Online,Tienda Online,Transferencia,3
V002061,978-5-50306-345-0,Homo Deus,Yuval Noah Harari,Ensayo,21.9,1,60,No binario,2024-05-23,Tapa dura,Online,Tienda Online,PayPal,
V002062,978-4-99593-763-1,Crimen y castigo,Fiódor Dostoyevski,Clásico,13.55,3,61,Masculino,2025-03-08,Bolsillo,Online,Tienda Online,Tarjeta,4
V002063,978-8-79514-100-9,La chica en la telaraña,David Lagercrantz,Thriller,18.79,1,39,Masculino,2024-09-14,Bolsillo,Física,Librería Valencia Centro,Transferencia,5
V002064,978-8-68800-243-6,El extranjero,Albert Camus,Clásico,12.9,1,22,Masculino,2025-12-24,Bolsillo,Online,Tienda Online,Efectivo,
V002065,978-1-68082-927-8,Náuseas,Jean-Paul Sartre,Clásico,13.9,1,26,Prefiere no decir,2025-11-09,Bolsillo,Física,Librería Valencia Centro,Transferencia,3
V002066,978-6-10282-499-4,Patria,Fernando Aramburu,Ficción,19.9,1,50,Masculino,2023-08-14,Kindle,Online,Tienda Online,PayPal,5
V002067,978-5-19287-626-3,Coraline,Neil Gaiman,Fantasía Juvenil,12.51,1,19,Masculino,2023-03-06,Tapa dura,Física,Librería Gran Vía,PayPal,5
V002068,978-8-36062-833-8,Crónicas marcianas,Ray Bradbury,Ciencia Ficción,12.16,3,56,Femenino,2024-11-22,Tapa dura,Física,Librería Valencia Centro,Bizum,5
V002069,978-9-71348-641-4,Veinte poemas de amor,Pablo Neruda,Poesía,10.89,1,56,Masculino,2024-07-16,Bolsillo,Física,Librería Gran Vía,PayPal,5
V002070,978-5-50306-345-0,Homo Deus,Yuval Noah Harari,Ensayo,17.52,1,23,Prefiere no decir,2023-03-17,Tapa dura,Online,Tienda Online,Tarjeta,
V002071,978-2-18981-709-1,Una breve historia del tiempo,Stephen Hawking,Ciencia,15.21,1,54,Masculino,2024-12-22,Tapa dura,Física,Librería Sevilla Triana,PayPal,3
V002072,978-8-11504-796-1,El código Da Vinci,Dan Brown,Thriller,13.52,2,49,No binario,2025-10-04,Bolsillo,Física,Librería Gran Vía,Tarjeta,1
V002073,978-2-63269-597-7,La chica de nieve,Javier Castillo,Thriller,15.12,1,67,Prefiere no decir,2024-01-31,Tapa dura,Online,Tienda Online,Efectivo,2
V002074,978-0-13905-195-3,Rebelión en la granja,George Orwell,Ficción,12.5,1,73,No binario,2023-08-07,Tapa dura,Online,Tienda Online,Bizum,4
V002075,978-0-87110-667-3,Charlie y la fábrica de chocolate,Roald Dahl,Infantil,11.9,1,11,Masculino,2023-10-30,Kindle,Online,Tienda Online,Tarjeta,5
V002076,978-1-68082-927-8,Náuseas,Jean-Paul Sartre,Clásico,11.81,1,44,No binario,2023-05-15,Tapa dura,Física,Librería Central Madrid,Tarjeta,3
V002077,978-3-17665-693-8,La familia de Pascual Duarte,Camilo José Cela,Clásico,14.19,1,53,Prefiere no decir,2025-12-30,Bolsillo,Física,Librería Valencia Centro,Transferencia,
V002078,978-6-10282-499-4,Patria,Fernando Aramburu,Ficción,19.9,1,25,Prefiere no decir,2023-08-08,Kindle,Online,Tienda Online,Bizum,1
V002079,978-8-27342-840-9,Stardust,Neil Gaiman,Fantasía,12.72,1,62,Prefiere no decir,2024-03-13,Bolsillo,Física,Librería Gran Vía,Bizum,
V002080,978-9-44671-926-0,El Hobbit,J.R.R. Tolkien,Fantasía,16.9,1,27,Prefiere no decir,2024-06-12,Kindle,Online,Tienda Online,Bizum,3
V002081,978-6-45093-167-3,Paula,Isabel Allende,Biografía,15.9,1,69,Prefiere no decir,2024-04-14,Tapa dura,Online,Tienda Online,PayPal,4
V002082,978-2-58520-463-3,Sinsajo,Suzanne Collins,Fantasía Juvenil,11.92,2,17,No binario,2024-09-23,Tapa dura,Física,Librería Sevilla Triana,Tarjeta,5
V002083,978-0-96673-333-4,Harry Potter y el prisionero de Azkaban,J.K. Rowling,Fantasía Juvenil,13.52,1,15,Masculino,2024-12-03,Bolsillo,Online,Tienda Online,Efectivo,1
V002084,978-3-31417-573-6,Ana Karenina,León Tolstói,Clásico,15.21,1,55,Prefiere no decir,2023-05-18,Kindle,Online,Tienda Online,Bizum,4
V002085,978-7-77839-562-1,El principito,Antoine de Saint-Exupéry,Infantil,9.9,1,7,No binario,2025-04-23,Kindle,Online,Tienda Online,Efectivo,5
V002086,978-7-80284-227-6,El Señor de los Anillos,J.R.R. Tolkien,Fantasía,29.9,3,69,Masculino,2025-02-15,Kindle,Online,Tienda Online,PayPal,4
V002087,978-0-62772-845-5,Drácula,Bram Stoker,Terror,11.61,1,51,No binario,2023-12-29,Bolsillo,Online,Tienda Online,PayPal,3
V002088,978-8-21395-704-6,1984,George Orwell,Ciencia Ficción,16.39,1,20,Masculino,2024-03-17,Tapa dura,Física,Librería Central Madrid,Tarjeta,5
V002089,978-1-42591-296-3,Frankenstein,Mary Shelley,Terror,10.71,1,67,Masculino,2024-10-31,Bolsillo,Física,Librería Central Madrid,PayPal,5
V002090,978-8-36062-833-8,Crónicas marcianas,Ray Bradbury,Ciencia Ficción,15.96,2,46,No binario,2025-07-15,Kindle,Online,Tienda Online,Bizum,5
V002091,978-9-78522-423-4,Maus,Art Spiegelman,Cómic,14.36,2,72,Masculino,2025-02-12,Bolsillo,Online,Tienda Online,PayPal,4
V002092,978-3-14207-924-5,La casa de los espíritus,Isabel Allende,Ficción,14.32,2,54,Prefiere no decir,2025-10-23,Tapa dura,Online,Tienda Online,Tarjeta,5
V002093,978-8-36062-833-8,Crónicas marcianas,Ray Bradbury,Ciencia Ficción,15.96,1,30,Prefiere no decir,2023-11-10,Tapa dura,Online,Tienda Online,Bizum,2
V002094,978-0-22224-871-3,Un mundo sin fin,Ken Follett,Histórica,22.9,3,21,Femenino,2024-10-29,Tapa dura,Online,Tienda Online,PayPal,4
V002095,978-3-39451-165-5,Matilda,Roald Dahl,Infantil,11.9,1,11,No binario,2024-03-07,Tapa dura,Online,Tienda Online,Tarjeta,4
V002096,978-8-21395-704-6,1984,George Orwell,Ciencia Ficción,16.39,1,67,Prefiere no decir,2025-06-09,Kindle,Online,Tienda Online,Efectivo,4
V002097,978-6-54597-384-2,El temor de un hombre sabio,Patrick Rothfuss,Fantasía,24.9,1,69,Masculino,2024-01-01,Kindle,Online,Tienda Online,Bizum,2
V002098,978-9-72493-614-8,El chef en casa,Jamie Oliver,Cocina,17.91,1,57,Femenino,2025-08-08,Kindle,Online,Tienda Online,Bizum,2
V002099,978-5-50306-345-0,Homo Deus,Yuval Noah Harari,Ensayo,21.9,2,24,Prefiere no decir,2023-09-10,Kindle,Online,Tienda Online,Bizum,5
V002100,978-6-22676-467-5,Choque de Reyes,George R.R. Martin,Fantasía,15.92,4,20,Masculino,2023-10-04,Bolsillo,Física,Librería Gran Vía,Tarjeta,5
V002101,978-3-17665-693-8,La familia de Pascual Duarte,Camilo José Cela,Clásico,10.32,1,37,Masculino,2025-05-30,Tapa dura,Física,Librería Gran Vía,Transferencia,5
V002102,978-8-44973-887-5,Ángeles y demonios,Dan Brown,Thriller,13.52,1,60,Femenino,2023-04-04,Kindle,Online,Tienda Online,Bizum,5
V002103,978-3-39451-165-5,Matilda,Roald Dahl,Infantil,13.09,1,12,Masculino,2025-06-13,Bolsillo,Física,Librería Valencia Centro,Tarjeta,5
V002104,978-8-36062-833-8,Crónicas marcianas,Ray Bradbury,Ciencia Ficción,12.16,2,59,Prefiere no decir,2024-04-23,Bolsillo,Online,Tienda Online,Transferencia,4
V002105,978-2-58520-463-3,Sinsajo,Suzanne Collins,Fantasía Juvenil,14.9,1,10,No binario,2025-08-25,Kindle,Online,Tienda Online,Bizum,1
V002106,978-2-26828-775-7,Los cuatro acuerdos,Miguel Ruiz,Autoayuda,10.32,1,65,No binario,2024-10-18,Tapa dura,Física,Librería Gran Vía,PayPal,5
V002107,978-8-31643-371-8,Hábitos atómicos,James Clear,Autoayuda,18.9,1,66,Prefiere no decir,2024-06-16,Kindle,Online,Tienda Online,Transferencia,5
V002108,978-3-97782-833-5,V de Vendetta,Alan Moore,Cómic,20.79,1,27,Masculino,2024-12-17,Bolsillo,Online,Tienda Online,PayPal,4
V002109,978-6-46434-564-5,En llamas,Suzanne Collins,Fantasía Juvenil,14.9,1,13,Femenino,2023-02-02,Kindle,Online,Tienda Online,Tarjeta,5
V002110,978-2-26828-775-7,Los cuatro acuerdos,Miguel Ruiz,Autoayuda,11.61,1,70,Femenino,2025-06-21,Tapa dura,Online,Tienda Online,Bizum,4
V002111,978-3-31417-573-6,Ana Karenina,León Tolstói,Clásico,15.21,1,69,Masculino,2025-05-18,Kindle,Online,Tienda Online,Bizum,
V002112,978-0-62772-845-5,Drácula,Bram Stoker,Terror,13.55,1,52,No binario,2023-07-04,Bolsillo,Física,Librería Barcelona Gòtic,Tarjeta,5
V002113,978-8-27342-840-9,Stardust,Neil Gaiman,Fantasía,16.7,1,19,Masculino,2025-05-10,Bolsillo,Física,Librería Central Madrid,Transferencia,1
V002114,978-0-22224-871-3,Un mundo sin fin,Ken Follett,Histórica,20.61,3,73,Masculino,2023-07-03,Kindle,Online,Tienda Online,Bizum,5
V002115,978-3-30032-482-2,Los hombres que no amaban a las mujeres,Stieg Larsson,Thriller,19.69,2,61,Masculino,2023-03-23,Tapa dura,Online,Tienda Online,Tarjeta,5
V002116,978-9-93227-275-8,Los hermanos Karamázov,Fiódor Dostoyevski,Clásico,18.9,2,45,Prefiere no decir,2024-02-27,Bolsillo,Online,Tienda Online,Tarjeta,5
V002117,978-9-65461-316-8,"Padre rico, padre pobre",Robert Kiyosaki,Finanzas,17.75,1,28,Prefiere no decir,2024-11-04,Tapa dura,Online,Tienda Online,Transferencia,5
V002118,978-6-54597-384-2,El temor de un hombre sabio,Patrick Rothfuss,Fantasía,26.14,1,49,Prefiere no decir,2024-08-13,Kindle,Online,Tienda Online,PayPal,3
V002119,978-8-31643-371-8,Hábitos atómicos,James Clear,Autoayuda,18.9,3,70,Masculino,2023-03-14,Bolsillo,Online,Tienda Online,Bizum,5
V002120,978-3-14207-924-5,La casa de los espíritus,Isabel Allende,Ficción,18.79,3,52,Femenino,2024-09-05,Bolsillo,Online,Tienda Online,Tarjeta,5
V002121,978-3-99733-432-0,Don Quijote de la Mancha,Miguel de Cervantes,Clásico,15.92,1,17,Femenino,2023-10-26,Kindle,Online,Tienda Online,Transferencia,3
V002122,978-3-39451-165-5,Matilda,Roald Dahl,Infantil,10.71,1,7,Prefiere no decir,2024-10-01,Kindle,Online,Tienda Online,Transferencia,5
V002123,978-2-18981-709-1,Una breve historia del tiempo,Stephen Hawking,Ciencia,16.9,3,68,Masculino,2024-09-04,Bolsillo,Online,Tienda Online,Transferencia,4
V002124,978-1-48469-545-2,Origen,Dan Brown,Thriller,20.89,1,58,No binario,2024-02-14,Bolsillo,Online,Tienda Online,Transferencia,5
V002125,978-8-27342-840-9,Stardust,Neil Gaiman,Fantasía,15.9,2,46,Femenino,2023-05-26,Bolsillo,Online,Tienda Online,Tarjeta,4
V002126,978-3-39451-165-5,Matilda,Roald Dahl,Infantil,10.71,1,9,Prefiere no decir,2023-02-21,Tapa dura,Online,Tienda Online,Efectivo,4
V002127,978-0-62772-845-5,Drácula,Bram Stoker,Terror,10.32,1,23,Femenino,2023-09-13,Bolsillo,Física,Librería Central Madrid,Bizum,4
V002128,978-8-44438-864-9,Rayuela,Julio Cortázar,Clásico,16.9,2,45,No binario,2025-05-22,Bolsillo,Online,Tienda Online,PayPal,4
V002129,978-3-30032-482-2,Los hombres que no amaban a las mujeres,Stieg Larsson,Thriller,15.21,1,55,Femenino,2024-11-26,Tapa dura,Online,Tienda Online,Tarjeta,5
V002130,978-3-39451-165-5,Matilda,Roald Dahl,Infantil,9.52,4,9,Femenino,2024-08-02,Kindle,Online,Tienda Online,Transferencia,4
V002131,978-8-31643-371-8,Hábitos atómicos,James Clear,Autoayuda,18.9,1,74,Prefiere no decir,2024-06-07,Bolsillo,Física,Librería Gran Vía,PayPal,5
V002132,978-2-46509-573-3,La peste,Albert Camus,Clásico,11.92,1,41,Masculino,2023-10-08,Kindle,Online,Tienda Online,Bizum,
V002133,978-3-99733-432-0,Don Quijote de la Mancha,Miguel de Cervantes,Clásico,19.9,2,36,Masculino,2023-03-02,Kindle,Online,Tienda Online,Tarjeta,4
V002134,978-1-40512-987-1,Los juegos del hambre,Suzanne Collins,Fantasía Juvenil,13.41,4,18,Prefiere no decir,2023-01-20,Tapa dura,Online,Tienda Online,Tarjeta,4
V002135,978-6-54597-384-2,El temor de un hombre sabio,Patrick Rothfuss,Fantasía,24.9,1,19,Prefiere no decir,2023-04-23,Bolsillo,Física,Librería Central Madrid,Tarjeta,5
V002136,978-9-71953-348-7,It,Stephen King,Terror,24.04,1,58,Masculino,2023-01-07,Kindle,Online,Tienda Online,PayPal,4
V002137,978-6-94259-569-2,El juego del ángel,Carlos Ruiz Zafón,Ficción,18.5,2,51,Prefiere no decir,2025-05-22,Tapa dura,Física,Librería Gran Vía,Efectivo,4
V002138,978-7-17100-789-1,Carrie,Stephen King,Terror,14.9,1,27,Prefiere no decir,2025-06-17,Tapa dura,Física,Librería Valencia Centro,Tarjeta,4
V002139,978-9-18326-494-6,Romancero gitano,Federico García Lorca,Poesía,11.99,3,73,Masculino,2025-06-14,Tapa dura,Física,Librería Valencia Centro,PayPal,4
V002140,978-3-85880-708-0,Persépolis,Marjane Satrapi,Cómic,15.9,1,41,Prefiere no decir,2023-05-01,Tapa dura,Online,Tienda Online,Bizum,2
V002141,978-9-71953-348-7,It,Stephen King,Terror,22.9,1,31,Prefiere no decir,2025-07-05,Kindle,Online,Tienda Online,Transferencia,5
V002142,978-4-93886-804-8,Guerra y paz,León Tolstói,Clásico,27.39,1,53,No binario,2024-12-06,Tapa dura,Física,Librería Central Madrid,PayPal,2
V002143,978-7-80284-227-6,El Señor de los Anillos,J.R.R. Tolkien,Fantasía,25.41,2,21,Prefiere no decir,2024-07-08,Bolsillo,Física,Librería Central Madrid,Efectivo,5
V002144,978-2-17455-620-1,Cosmos,Carl Sagan,Ciencia,18.9,1,30,Femenino,2023-03-20,Tapa dura,Online,Tienda Online,Bizum,2
V002145,978-9-51245-317-7,La sombra del viento,Carlos Ruiz Zafón,Ficción,16.65,4,67,Femenino,2024-12-19,Bolsillo,Física,Librería Gran Vía,PayPal,4
V002146,978-8-27342-840-9,Stardust,Neil Gaiman,Fantasía,14.31,1,23,Prefiere no decir,2023-02-24,Bolsillo,Online,Tienda Online,Transferencia,3
V002147,978-2-17455-620-1,Cosmos,Carl Sagan,Ciencia,18.9,1,71,No binario,2023-01-29,Bolsillo,Física,Librería Barcelona Gòtic,Bizum,4
V002148,978-8-79514-100-9,La chica en la telaraña,David Lagercrantz,Thriller,17.9,3,69,Prefiere no decir,2024-08-16,Bolsillo,Online,Tienda Online,Tarjeta,5
V002149,978-2-58520-463-3,Sinsajo,Suzanne Collins,Fantasía Juvenil,15.65,1,13,Femenino,2025-06-23,Kindle,Online,Tienda Online,Tarjeta,5
V002150,978-9-51245-317-7,La sombra del viento,Carlos Ruiz Zafón,Ficción,19.43,1,19,Prefiere no decir,2025-06-17,Bolsillo,Online,Tienda Online,Bizum,3
V002151,978-0-51104-158-0,Manual de cocina fácil,Karlos Arguiñano,Cocina,17.9,4,20,Masculino,2024-07-17,Bolsillo,Física,Librería Barcelona Gòtic,Bizum,5
V002152,978-3-31417-573-6,Ana Karenina,León Tolstói,Clásico,13.52,1,39,Femenino,2023-10-21,Kindle,Online,Tienda Online,Tarjeta,5
V002153,978-3-31417-573-6,Ana Karenina,León Tolstói,Clásico,16.9,1,51,Prefiere no decir,2023-04-28,Kindle,Online,Tienda Online,Efectivo,4
V002154,978-0-40007-169-0,El Principito ilustrado,Antoine de Saint-Exupéry,Infantil,16.7,1,12,Prefiere no decir,2025-04-28,Tapa dura,Física,Librería Central Madrid,PayPal,4
V002155,978-4-28301-352-8,El prisionero del cielo,Carlos Ruiz Zafón,Ficción,16.11,1,50,Femenino,2024-11-27,Bolsillo,Online,Tienda Online,PayPal,5
V002156,978-5-85674-296-1,Harry Potter y la cámara secreta,J.K. Rowling,Fantasía Juvenil,16.7,1,17,Masculino,2024-08-14,Kindle,Online,Tienda Online,PayPal,5
V002157,978-3-39256-242-1,El amor en los tiempos del cólera,Gabriel García Márquez,Ficción,17.5,2,20,Masculino,2024-02-13,Kindle,Online,Tienda Online,Efectivo,4
V002158,978-1-82357-400-9,Harry Potter y la piedra filosofal,J.K. Rowling,Fantasía Juvenil,15.9,2,12,No binario,2023-01-31,Kindle,Online,Tienda Online,PayPal,4
V002159,978-8-31643-371-8,Hábitos atómicos,James Clear,Autoayuda,19.84,1,34,Masculino,2023-09-04,Tapa dura,Física,Librería Barcelona Gòtic,Transferencia,5
V002160,978-2-92240-263-6,La casa de Bernarda Alba,Federico García Lorca,Teatro,7.92,3,17,Femenino,2024-11-10,Tapa dura,Online,Tienda Online,Efectivo,2
V002161,978-3-14207-924-5,La casa de los espíritus,Isabel Allende,Ficción,15.21,1,73,Prefiere no decir,2025-06-21,Bolsillo,Física,Librería Gran Vía,Tarjeta,4
V002162,978-1-16175-981-1,Pedro Páramo,Juan Rulfo,Clásico,14.19,1,17,Masculino,2023-09-04,Bolsillo,Online,Tienda Online,Efectivo,3
V002163,978-6-56438-533-6,Misery,Stephen King,Terror,18.59,2,64,No binario,2025-05-29,Bolsillo,Física,Librería Barcelona Gòtic,PayPal,
V002164,978-8-11504-796-1,El código Da Vinci,Dan Brown,Thriller,14.36,2,74,Masculino,2024-05-21,Bolsillo,Física,Librería Valencia Centro,Transferencia,2
V002165,978-9-38864-107-1,James y el melocotón gigante,Roald Dahl,Infantil,10.9,1,11,Femenino,2025-09-21,Bolsillo,Online,Tienda Online,Transferencia,3
V002166,978-3-39451-165-5,Matilda,Roald Dahl,Infantil,12.5,2,7,No binario,2025-02-09,Tapa dura,Online,Tienda Online,Efectivo,4
V002167,978-1-13278-859-4,Cien años de soledad,Gabriel García Márquez,Ficción,19.84,1,66,Masculino,2024-03-06,Tapa dura,Online,Tienda Online,PayPal,3
V002168,978-7-47388-533-8,Los besos,Manuel Vilas,Ficción,18.9,2,26,Prefiere no decir,2025-04-08,Kindle,Online,Tienda Online,Transferencia,5
V002169,978-6-45093-167-3,Paula,Isabel Allende,Biografía,17.49,2,58,No binario,2023-09-01,Bolsillo,Física,Librería Gran Vía,PayPal,5
V002170,978-3-39256-242-1,El amor en los tiempos del cólera,Gabriel García Márquez,Ficción,14.0,2,71,Femenino,2023-11-16,Bolsillo,Física,Librería Valencia Centro,PayPal,3
V002171,978-6-86484-508-5,Ficciones,Jorge Luis Borges,Clásico,13.41,1,52,Femenino,2023-11-06,Kindle,Online,Tienda Online,Transferencia,4
V002172,978-2-58520-463-3,Sinsajo,Suzanne Collins,Fantasía Juvenil,14.9,3,18,No binario,2025-10-22,Kindle,Online,Tienda Online,PayPal,4
V002173,978-2-58520-463-3,Sinsajo,Suzanne Collins,Fantasía Juvenil,16.39,1,11,Femenino,2023-07-03,Kindle,Online,Tienda Online,Efectivo,
V002174,978-3-50857-508-5,Piense y hágase rico,Napoleon Hill,Finanzas,11.81,1,62,No binario,2024-02-13,Bolsillo,Online,Tienda Online,PayPal,
V002175,978-4-93886-804-8,Guerra y paz,León Tolstói,Clásico,24.9,2,49,No binario,2025-05-09,Bolsillo,Física,Librería Valencia Centro,PayPal,1
V002176,978-9-38864-107-1,James y el melocotón gigante,Roald Dahl,Infantil,10.9,1,6,Prefiere no decir,2023-12-07,Kindle,Online,Tienda Online,Tarjeta,2
V002177,978-3-50857-508-5,Piense y hágase rico,Napoleon Hill,Finanzas,14.6,3,46,Prefiere no decir,2023-01-10,Tapa dura,Online,Tienda Online,PayPal,5
V002178,978-7-47388-533-8,Los besos,Manuel Vilas,Ficción,15.12,1,38,Prefiere no decir,2023-12-16,Tapa dura,Física,Librería Valencia Centro,Efectivo,4
V002179,978-2-63269-597-7,La chica de nieve,Javier Castillo,Thriller,18.9,1,40,No binario,2024-09-17,Kindle,Online,Tienda Online,Tarjeta,4
V002180,978-9-20745-529-9,Watchmen,Alan Moore,Cómic,18.61,1,65,Femenino,2023-11-03,Kindle,Online,Tienda Online,Tarjeta,1
V002181,978-4-28301-352-8,El prisionero del cielo,Carlos Ruiz Zafón,Ficción,15.21,2,50,Prefiere no decir,2025-12-26,Kindle,Online,Tienda Online,Tarjeta,3
V002182,978-9-51245-317-7,La sombra del viento,Carlos Ruiz Zafón,Ficción,14.8,1,72,No binario,2024-06-19,Kindle,Online,Tienda Online,PayPal,
V002183,978-6-34957-196-1,El resplandor,Stephen King,Terror,16.06,1,54,No binario,2025-02-17,Kindle,Online,Tienda Online,Efectivo,5
V002184,978-0-40007-169-0,El Principito ilustrado,Antoine de Saint-Exupéry,Infantil,15.9,1,8,No binario,2023-04-22,Bolsillo,Física,Librería Central Madrid,Tarjeta,4
V002185,978-7-47388-533-8,Los besos,Manuel Vilas,Ficción,17.01,1,71,Masculino,2024-09-24,Kindle,Online,Tienda Online,Efectivo,
V002186,978-3-99733-432-0,Don Quijote de la Mancha,Miguel de Cervantes,Clásico,19.9,3,24,Femenino,2023-06-26,Kindle,Online,Tienda Online,Bizum,2
V002187,978-3-85880-708-0,Persépolis,Marjane Satrapi,Cómic,15.9,1,56,No binario,2023-07-09,Tapa dura,Física,Librería Central Madrid,Transferencia,4
V002188,978-7-80284-227-6,El Señor de los Anillos,J.R.R. Tolkien,Fantasía,23.92,1,43,No binario,2024-06-06,Bolsillo,Online,Tienda Online,Bizum,5
V002189,978-9-20745-529-9,Watchmen,Alan Moore,Cómic,23.0,1,33,Prefiere no decir,2025-01-22,Tapa dura,Online,Tienda Online,Tarjeta,5
V002190,978-6-22676-467-5,Choque de Reyes,George R.R. Martin,Fantasía,19.9,2,45,Prefiere no decir,2023-07-14,Bolsillo,Física,Librería Gran Vía,PayPal,5
V002191,978-6-86484-508-5,Ficciones,Jorge Luis Borges,Clásico,14.9,1,25,Prefiere no decir,2025-01-28,Kindle,Online,Tienda Online,Efectivo,4
V002192,978-4-93748-619-9,Perdida,Gillian Flynn,Thriller,16.5,3,21,Prefiere no decir,2025-01-19,Tapa dura,Online,Tienda Online,Bizum,5
V002193,978-6-22676-467-5,Choque de Reyes,George R.R. Martin,Fantasía,19.9,1,18,Masculino,2025-06-15,Kindle,Online,Tienda Online,Transferencia,4
V002194,978-1-42591-296-3,Frankenstein,Mary Shelley,Terror,10.71,1,17,Prefiere no decir,2024-07-14,Kindle,Online,Tienda Online,Transferencia,4
V002195,978-9-38864-107-1,James y el melocotón gigante,Roald Dahl,Infantil,8.72,2,5,Prefiere no decir,2024-07-12,Bolsillo,Online,Tienda Online,Bizum,4
V002196,978-2-18981-709-1,Una breve historia del tiempo,Stephen Hawking,Ciencia,15.21,1,62,No binario,2025-10-04,Kindle,Online,Tienda Online,PayPal,4
V002197,978-2-92240-263-6,La casa de Bernarda Alba,Federico García Lorca,Teatro,10.4,1,72,Prefiere no decir,2023-09-25,Kindle,Online,Tienda Online,Bizum,4
V002198,978-4-93748-619-9,Perdida,Gillian Flynn,Thriller,17.32,1,36,Masculino,2023-10-21,Tapa dura,Física,Librería Gran Vía,Bizum,5
V002199,978-8-36062-833-8,Crónicas marcianas,Ray Bradbury,Ciencia Ficción,15.96,3,69,Femenino,2024-12-30,Tapa dura,Física,Librería Sevilla Triana,Transferencia,5
V002200,978-1-16175-981-1,Pedro Páramo,Juan Rulfo,Clásico,14.19,2,32,No binario,2025-07-28,Tapa dura,Online,Tienda Online,PayPal,5
